0 verbose cli /opt/homebrew/Cellar/node/25.4.0/bin/node /opt/homebrew/bin/npm
1 info using npm@11.7.0
2 info using node@v25.4.0
3 silly config load:file:/opt/homebrew/lib/node_modules/npm/npmrc
4 silly config load:file:/Users/andres/Documents/Documentos - MacBook Air de Andres/Proyecto sistema contable /Sistema-ERP-Pitalito/.npmrc
5 silly config load:file:/Users/andres/.npmrc
6 silly config load:file:/opt/homebrew/etc/npmrc
7 verbose title npm install
8 verbose argv "install" "--cache" "./npm-cache"
9 verbose logfile logs-max:10 dir:/Users/andres/Documents/Documentos - MacBook Air de Andres/Proyecto sistema contable /Sistema-ERP-Pitalito/npm-cache/_logs/2026-02-07T15_51_54_727Z-
10 verbose logfile /Users/andres/Documents/Documentos - MacBook Air de Andres/Proyecto sistema contable /Sistema-ERP-Pitalito/npm-cache/_logs/2026-02-07T15_51_54_727Z-debug-0.log
11 silly logfile done cleaning log files
12 silly packumentCache heap:2348810240 maxSize:587202560 maxEntrySize:293601280
13 silly idealTree buildDeps
14 silly fetch manifest @prisma/client@^6.3.1
15 silly packumentCache full:https://registry.npmjs.org/@prisma%2fclient cache-miss
16 http fetch GET 200 https://registry.npmjs.org/npm 187ms
17 http fetch GET 200 https://registry.npmjs.org/@prisma%2fclient 875ms (cache miss)
18 silly packumentCache full:https://registry.npmjs.org/@prisma%2fclient set size:undefined disposed:false
19 silly fetch manifest prisma@^6.3.1
20 silly packumentCache full:https://registry.npmjs.org/prisma cache-miss
21 http fetch GET 200 https://registry.npmjs.org/prisma 638ms (cache miss)
22 silly packumentCache full:https://registry.npmjs.org/prisma set size:undefined disposed:false
23 silly fetch manifest typescript@^5
24 silly packumentCache full:https://registry.npmjs.org/typescript cache-miss
25 http fetch GET 200 https://registry.npmjs.org/typescript 174ms (cache miss)
26 silly packumentCache full:https://registry.npmjs.org/typescript set size:undefined disposed:false
27 silly fetch manifest @react-three/drei@^10.7.7
28 silly packumentCache full:https://registry.npmjs.org/@react-three%2fdrei cache-miss
29 http fetch GET 200 https://registry.npmjs.org/@react-three%2fdrei 187ms (cache miss)
30 silly packumentCache full:https://registry.npmjs.org/@react-three%2fdrei set size:undefined disposed:false
31 silly fetch manifest @react-three/fiber@^9.5.0
32 silly packumentCache full:https://registry.npmjs.org/@react-three%2ffiber cache-miss
33 http fetch GET 200 https://registry.npmjs.org/@react-three%2ffiber 181ms (cache miss)
34 silly packumentCache full:https://registry.npmjs.org/@react-three%2ffiber set size:undefined disposed:false
35 silly fetch manifest expo@>=43.0
36 silly packumentCache full:https://registry.npmjs.org/expo cache-miss
37 http fetch GET 200 https://registry.npmjs.org/expo 89ms (cache miss)
38 silly packumentCache full:https://registry.npmjs.org/expo set size:undefined disposed:false
39 silly fetch manifest @expo/dom-webview@*
40 silly packumentCache full:https://registry.npmjs.org/@expo%2fdom-webview cache-miss
41 http fetch GET 200 https://registry.npmjs.org/@expo%2fdom-webview 345ms (cache miss)
42 silly packumentCache full:https://registry.npmjs.org/@expo%2fdom-webview set size:undefined disposed:false
43 silly fetch manifest react@19.2.3
44 silly packumentCache full:https://registry.npmjs.org/react cache-miss
45 http fetch GET 200 https://registry.npmjs.org/react 164ms (cache miss)
46 silly packumentCache full:https://registry.npmjs.org/react set size:undefined disposed:false
47 silly fetch manifest react-native@*
48 silly packumentCache full:https://registry.npmjs.org/react-native cache-miss
49 http fetch GET 200 https://registry.npmjs.org/react-native 197ms (cache miss)
50 silly packumentCache full:https://registry.npmjs.org/react-native set size:undefined disposed:false
51 silly fetch manifest @types/react@^19
52 silly packumentCache full:https://registry.npmjs.org/@types%2freact cache-miss
53 http fetch GET 200 https://registry.npmjs.org/@types%2freact 62ms (cache miss)
54 silly packumentCache full:https://registry.npmjs.org/@types%2freact set size:undefined disposed:false
55 silly fetch manifest @expo/metro-runtime@*
56 silly packumentCache full:https://registry.npmjs.org/@expo%2fmetro-runtime cache-miss
57 http fetch GET 200 https://registry.npmjs.org/@expo%2fmetro-runtime 167ms (cache miss)
58 silly packumentCache full:https://registry.npmjs.org/@expo%2fmetro-runtime set size:undefined disposed:false
59 silly fetch manifest react-dom@19.2.3
60 silly packumentCache full:https://registry.npmjs.org/react-dom cache-miss
61 http fetch GET 200 https://registry.npmjs.org/react-dom 151ms (cache miss)
62 silly packumentCache full:https://registry.npmjs.org/react-dom set size:undefined disposed:false
63 silly fetch manifest react-native-webview@*
64 silly packumentCache full:https://registry.npmjs.org/react-native-webview cache-miss
65 http fetch GET 200 https://registry.npmjs.org/react-native-webview 69ms (cache miss)
66 silly packumentCache full:https://registry.npmjs.org/react-native-webview set size:undefined disposed:false
67 silly fetch manifest expo-asset@>=8.4
68 silly packumentCache full:https://registry.npmjs.org/expo-asset cache-miss
69 http fetch GET 200 https://registry.npmjs.org/expo-asset 180ms (cache miss)
70 silly packumentCache full:https://registry.npmjs.org/expo-asset set size:undefined disposed:false
71 silly fetch manifest expo-file-system@>=11.0
72 silly packumentCache full:https://registry.npmjs.org/expo-file-system cache-miss
73 http fetch GET 200 https://registry.npmjs.org/expo-file-system 441ms (cache miss)
74 silly packumentCache full:https://registry.npmjs.org/expo-file-system set size:undefined disposed:false
75 silly fetch manifest expo-gl@>=11.0
76 silly packumentCache full:https://registry.npmjs.org/expo-gl cache-miss
77 http fetch GET 200 https://registry.npmjs.org/expo-gl 193ms (cache miss)
78 silly packumentCache full:https://registry.npmjs.org/expo-gl set size:undefined disposed:false
79 silly fetch manifest react-native-reanimated@*
80 silly packumentCache full:https://registry.npmjs.org/react-native-reanimated cache-miss
81 http fetch GET 200 https://registry.npmjs.org/react-native-reanimated 230ms (cache miss)
82 silly packumentCache full:https://registry.npmjs.org/react-native-reanimated set size:undefined disposed:false
83 silly fetch manifest react-native-worklets@>=0.7.0
84 silly packumentCache full:https://registry.npmjs.org/react-native-worklets cache-miss
85 http fetch GET 200 https://registry.npmjs.org/react-native-worklets 47ms (cache miss)
86 silly packumentCache full:https://registry.npmjs.org/react-native-worklets set size:undefined disposed:false
87 silly fetch manifest @babel/core@*
88 silly packumentCache full:https://registry.npmjs.org/@babel%2fcore cache-miss
89 http fetch GET 200 https://registry.npmjs.org/@babel%2fcore 52ms (cache miss)
90 silly packumentCache full:https://registry.npmjs.org/@babel%2fcore set size:undefined disposed:false
91 silly fetch manifest react-native-web@*
92 silly packumentCache full:https://registry.npmjs.org/react-native-web cache-miss
93 http fetch GET 200 https://registry.npmjs.org/react-native-web 189ms (cache miss)
94 silly packumentCache full:https://registry.npmjs.org/react-native-web set size:undefined disposed:false
95 silly fetch manifest three@^0.182.0
96 silly packumentCache full:https://registry.npmjs.org/three cache-miss
97 http fetch GET 200 https://registry.npmjs.org/three 45ms (cache miss)
98 silly packumentCache full:https://registry.npmjs.org/three set size:undefined disposed:false
99 silly fetch manifest @types/three@^0.182.0
100 silly packumentCache full:https://registry.npmjs.org/@types%2fthree cache-miss
101 http fetch GET 200 https://registry.npmjs.org/@types%2fthree 50ms (cache miss)
102 silly packumentCache full:https://registry.npmjs.org/@types%2fthree set size:undefined disposed:false
103 silly fetch manifest clsx@^2.1.1
104 silly packumentCache full:https://registry.npmjs.org/clsx cache-miss
105 http fetch GET 200 https://registry.npmjs.org/clsx 54ms (cache miss)
106 silly packumentCache full:https://registry.npmjs.org/clsx set size:undefined disposed:false
107 silly fetch manifest framer-motion@^12.33.0
108 silly packumentCache full:https://registry.npmjs.org/framer-motion cache-miss
109 http fetch GET 200 https://registry.npmjs.org/framer-motion 273ms (cache miss)
110 silly packumentCache full:https://registry.npmjs.org/framer-motion set size:undefined disposed:false
111 silly fetch manifest @emotion/is-prop-valid@*
112 silly packumentCache full:https://registry.npmjs.org/@emotion%2fis-prop-valid cache-miss
113 http fetch GET 200 https://registry.npmjs.org/@emotion%2fis-prop-valid 174ms (cache miss)
114 silly packumentCache full:https://registry.npmjs.org/@emotion%2fis-prop-valid set size:undefined disposed:false
115 silly fetch manifest lucide-react@^0.563.0
116 silly packumentCache full:https://registry.npmjs.org/lucide-react cache-miss
117 http fetch GET 200 https://registry.npmjs.org/lucide-react 59ms (cache miss)
118 silly packumentCache full:https://registry.npmjs.org/lucide-react set size:undefined disposed:false
119 silly fetch manifest mini-svg-data-uri@^1.4.4
120 silly packumentCache full:https://registry.npmjs.org/mini-svg-data-uri cache-miss
121 http fetch GET 200 https://registry.npmjs.org/mini-svg-data-uri 35ms (cache miss)
122 silly packumentCache full:https://registry.npmjs.org/mini-svg-data-uri set size:undefined disposed:false
123 silly fetch manifest next@16.1.6
124 silly packumentCache full:https://registry.npmjs.org/next cache-miss
125 http fetch GET 200 https://registry.npmjs.org/next 361ms (cache miss)
126 silly packumentCache full:https://registry.npmjs.org/next set size:undefined disposed:false
127 silly fetch manifest @opentelemetry/api@^1.1.0
128 silly packumentCache full:https://registry.npmjs.org/@opentelemetry%2fapi cache-miss
129 http fetch GET 200 https://registry.npmjs.org/@opentelemetry%2fapi 199ms (cache miss)
130 silly packumentCache full:https://registry.npmjs.org/@opentelemetry%2fapi set size:undefined disposed:false
131 silly fetch manifest @playwright/test@^1.51.1
132 silly packumentCache full:https://registry.npmjs.org/@playwright%2ftest cache-miss
133 http fetch GET 200 https://registry.npmjs.org/@playwright%2ftest 172ms (cache miss)
134 silly packumentCache full:https://registry.npmjs.org/@playwright%2ftest set size:undefined disposed:false
135 silly fetch manifest babel-plugin-react-compiler@*
136 silly packumentCache full:https://registry.npmjs.org/babel-plugin-react-compiler cache-miss
137 http fetch GET 200 https://registry.npmjs.org/babel-plugin-react-compiler 50ms (cache miss)
138 silly packumentCache full:https://registry.npmjs.org/babel-plugin-react-compiler set size:undefined disposed:false
139 silly fetch manifest sass@^1.3.0
140 silly packumentCache full:https://registry.npmjs.org/sass cache-miss
141 http fetch GET 200 https://registry.npmjs.org/sass 179ms (cache miss)
142 silly packumentCache full:https://registry.npmjs.org/sass set size:undefined disposed:false
143 silly fetch manifest tailwind-merge@^3.4.0
144 silly packumentCache full:https://registry.npmjs.org/tailwind-merge cache-miss
145 http fetch GET 200 https://registry.npmjs.org/tailwind-merge 55ms (cache miss)
146 silly packumentCache full:https://registry.npmjs.org/tailwind-merge set size:undefined disposed:false
147 silly fetch manifest @tailwindcss/postcss@^4
148 silly packumentCache full:https://registry.npmjs.org/@tailwindcss%2fpostcss cache-miss
149 http fetch GET 200 https://registry.npmjs.org/@tailwindcss%2fpostcss 177ms (cache miss)
150 silly packumentCache full:https://registry.npmjs.org/@tailwindcss%2fpostcss set size:undefined disposed:false
151 silly fetch manifest @types/node@^20
152 silly packumentCache full:https://registry.npmjs.org/@types%2fnode cache-miss
153 http fetch GET 200 https://registry.npmjs.org/@types%2fnode 179ms (cache miss)
154 silly packumentCache full:https://registry.npmjs.org/@types%2fnode set size:undefined disposed:false
155 silly fetch manifest @types/react-dom@^19
156 silly packumentCache full:https://registry.npmjs.org/@types%2freact-dom cache-miss
157 http fetch GET 200 https://registry.npmjs.org/@types%2freact-dom 585ms (cache miss)
158 silly packumentCache full:https://registry.npmjs.org/@types%2freact-dom set size:undefined disposed:false
159 silly fetch manifest eslint@^9
160 silly packumentCache full:https://registry.npmjs.org/eslint cache-miss
161 http fetch GET 200 https://registry.npmjs.org/eslint 224ms (cache miss)
162 silly packumentCache full:https://registry.npmjs.org/eslint set size:undefined disposed:false
163 silly fetch manifest jiti@*
164 silly packumentCache full:https://registry.npmjs.org/jiti cache-miss
165 http fetch GET 200 https://registry.npmjs.org/jiti 43ms (cache miss)
166 silly packumentCache full:https://registry.npmjs.org/jiti set size:undefined disposed:false
167 silly fetch manifest eslint-config-next@16.1.6
168 silly packumentCache full:https://registry.npmjs.org/eslint-config-next cache-miss
169 http fetch GET 200 https://registry.npmjs.org/eslint-config-next 134ms (cache miss)
170 silly packumentCache full:https://registry.npmjs.org/eslint-config-next set size:undefined disposed:false
171 silly fetch manifest tailwindcss@^4
172 silly packumentCache full:https://registry.npmjs.org/tailwindcss cache-miss
173 http fetch GET 200 https://registry.npmjs.org/tailwindcss 162ms (cache miss)
174 silly packumentCache full:https://registry.npmjs.org/tailwindcss set size:undefined disposed:false
175 silly placeDep ROOT @prisma/client@6.19.2 OK for: sistema-erp-pitalito@0.1.0 want: ^6.3.1
176 silly placeDep ROOT @react-three/drei@10.7.7 OK for: sistema-erp-pitalito@0.1.0 want: ^10.7.7
177 silly placeDep ROOT react@19.2.3 OK for: @react-three/drei@10.7.7 want: ^19
178 silly placeDep ROOT three@0.182.0 OK for: @react-three/drei@10.7.7 want: >=0.159
179 silly placeDep ROOT @react-three/fiber@9.5.0 OK for: @react-three/drei@10.7.7 want: ^9.0.0
180 silly placeDep ROOT @tailwindcss/postcss@4.1.18 OK for: sistema-erp-pitalito@0.1.0 want: ^4
181 silly placeDep ROOT @types/node@20.19.32 OK for: sistema-erp-pitalito@0.1.0 want: ^20
182 silly placeDep ROOT @types/react@19.2.13 OK for: sistema-erp-pitalito@0.1.0 want: ^19
183 silly placeDep ROOT @types/react-dom@19.2.3 OK for: sistema-erp-pitalito@0.1.0 want: ^19
184 silly placeDep ROOT @types/three@0.182.0 OK for: sistema-erp-pitalito@0.1.0 want: ^0.182.0
185 silly placeDep ROOT clsx@2.1.1 OK for: sistema-erp-pitalito@0.1.0 want: ^2.1.1
186 silly placeDep ROOT eslint@9.39.2 OK for: sistema-erp-pitalito@0.1.0 want: ^9
187 silly placeDep ROOT eslint-config-next@16.1.6 OK for: sistema-erp-pitalito@0.1.0 want: 16.1.6
188 silly placeDep ROOT framer-motion@12.33.0 OK for: sistema-erp-pitalito@0.1.0 want: ^12.33.0
189 silly placeDep ROOT lucide-react@0.563.0 OK for: sistema-erp-pitalito@0.1.0 want: ^0.563.0
190 silly placeDep ROOT mini-svg-data-uri@1.4.4 OK for: sistema-erp-pitalito@0.1.0 want: ^1.4.4
191 silly placeDep ROOT next@16.1.6 OK for: sistema-erp-pitalito@0.1.0 want: 16.1.6
192 silly placeDep ROOT react-dom@19.2.3 OK for: next@16.1.6 want: ^18.2.0 || 19.0.0-rc-de68d2f4-20241204 || ^19.0.0
193 silly placeDep ROOT prisma@6.19.2 OK for: sistema-erp-pitalito@0.1.0 want: ^6.3.1
194 silly placeDep ROOT tailwind-merge@3.4.0 OK for: sistema-erp-pitalito@0.1.0 want: ^3.4.0
195 silly placeDep ROOT tailwindcss@4.1.18 OK for: sistema-erp-pitalito@0.1.0 want: ^4
196 silly placeDep ROOT typescript@5.9.3 OK for: sistema-erp-pitalito@0.1.0 want: ^5
197 silly fetch manifest maath@^0.10.8
198 silly packumentCache full:https://registry.npmjs.org/maath cache-miss
199 silly fetch manifest hls.js@^1.5.17
200 silly packumentCache full:https://registry.npmjs.org/hls.js cache-miss
201 silly fetch manifest zustand@^5.0.1
202 silly packumentCache full:https://registry.npmjs.org/zustand cache-miss
203 silly fetch manifest meshline@^3.3.1
204 silly packumentCache full:https://registry.npmjs.org/meshline cache-miss
205 silly fetch manifest stats-gl@^2.2.8
206 silly packumentCache full:https://registry.npmjs.org/stats-gl cache-miss
207 silly fetch manifest stats.js@^0.17.0
208 silly packumentCache full:https://registry.npmjs.org/stats.js cache-miss
209 silly fetch manifest cross-env@^7.0.3
210 silly packumentCache full:https://registry.npmjs.org/cross-env cache-miss
211 http fetch GET 200 https://registry.npmjs.org/maath 192ms (cache miss)
212 silly packumentCache full:https://registry.npmjs.org/maath set size:undefined disposed:false
213 silly fetch manifest detect-gpu@^5.0.56
214 silly packumentCache full:https://registry.npmjs.org/detect-gpu cache-miss
215 http fetch GET 200 https://registry.npmjs.org/stats.js 268ms (cache miss)
216 silly packumentCache full:https://registry.npmjs.org/stats.js set size:undefined disposed:false
217 silly fetch manifest glsl-noise@^0.0.0
218 silly packumentCache full:https://registry.npmjs.org/glsl-noise cache-miss
219 http fetch GET 200 https://registry.npmjs.org/meshline 279ms (cache miss)
220 silly packumentCache full:https://registry.npmjs.org/meshline set size:undefined disposed:false
221 silly fetch manifest tunnel-rat@^0.1.2
222 silly packumentCache full:https://registry.npmjs.org/tunnel-rat cache-miss
223 http fetch GET 200 https://registry.npmjs.org/cross-env 281ms (cache miss)
224 silly packumentCache full:https://registry.npmjs.org/cross-env set size:undefined disposed:false
225 silly fetch manifest three-stdlib@^2.35.6
226 silly packumentCache full:https://registry.npmjs.org/three-stdlib cache-miss
227 http fetch GET 200 https://registry.npmjs.org/stats-gl 287ms (cache miss)
228 silly packumentCache full:https://registry.npmjs.org/stats-gl set size:undefined disposed:false
229 silly fetch manifest suspend-react@^0.1.3
230 silly packumentCache full:https://registry.npmjs.org/suspend-react cache-miss
231 http fetch GET 200 https://registry.npmjs.org/hls.js 328ms (cache miss)
232 silly packumentCache full:https://registry.npmjs.org/hls.js set size:undefined disposed:false
233 silly fetch manifest utility-types@^3.11.0
234 silly packumentCache full:https://registry.npmjs.org/utility-types cache-miss
235 http fetch GET 200 https://registry.npmjs.org/detect-gpu 189ms (cache miss)
236 silly packumentCache full:https://registry.npmjs.org/detect-gpu set size:undefined disposed:false
237 silly fetch manifest @babel/runtime@^7.26.0
238 silly packumentCache full:https://registry.npmjs.org/@babel%2fruntime cache-miss
239 http fetch GET 200 https://registry.npmjs.org/glsl-noise 178ms (cache miss)
240 silly packumentCache full:https://registry.npmjs.org/glsl-noise set size:undefined disposed:false
241 silly fetch manifest three-mesh-bvh@^0.8.3
242 silly packumentCache full:https://registry.npmjs.org/three-mesh-bvh cache-miss
243 http fetch GET 200 https://registry.npmjs.org/tunnel-rat 185ms (cache miss)
244 silly packumentCache full:https://registry.npmjs.org/tunnel-rat set size:undefined disposed:false
245 silly fetch manifest camera-controls@^3.1.0
246 silly packumentCache full:https://registry.npmjs.org/camera-controls cache-miss
247 http fetch GET 200 https://registry.npmjs.org/suspend-react 176ms (cache miss)
248 silly packumentCache full:https://registry.npmjs.org/suspend-react set size:undefined disposed:false
249 silly fetch manifest troika-three-text@^0.52.4
250 silly packumentCache full:https://registry.npmjs.org/troika-three-text cache-miss
251 http fetch GET 200 https://registry.npmjs.org/three-stdlib 203ms (cache miss)
252 silly packumentCache full:https://registry.npmjs.org/three-stdlib set size:undefined disposed:false
253 silly fetch manifest @use-gesture/react@^10.3.1
254 silly packumentCache full:https://registry.npmjs.org/@use-gesture%2freact cache-miss
255 http fetch GET 200 https://registry.npmjs.org/@babel%2fruntime 135ms (cache miss)
256 silly packumentCache full:https://registry.npmjs.org/@babel%2fruntime set size:undefined disposed:false
257 silly fetch manifest @monogrid/gainmap-js@^3.0.6
258 silly packumentCache full:https://registry.npmjs.org/@monogrid%2fgainmap-js cache-miss
259 http fetch GET 200 https://registry.npmjs.org/utility-types 178ms (cache miss)
260 silly packumentCache full:https://registry.npmjs.org/utility-types set size:undefined disposed:false
261 silly fetch manifest @mediapipe/tasks-vision@0.10.17
262 silly packumentCache full:https://registry.npmjs.org/@mediapipe%2ftasks-vision cache-miss
263 http fetch GET 200 https://registry.npmjs.org/zustand 558ms (cache miss)
264 silly packumentCache full:https://registry.npmjs.org/zustand set size:undefined disposed:false
265 silly fetch manifest use-sync-external-store@^1.4.0
266 silly packumentCache full:https://registry.npmjs.org/use-sync-external-store cache-miss
267 http fetch GET 200 https://registry.npmjs.org/camera-controls 184ms (cache miss)
268 silly packumentCache full:https://registry.npmjs.org/camera-controls set size:undefined disposed:false
269 silly fetch manifest buffer@^6.0.3
270 silly packumentCache full:https://registry.npmjs.org/buffer cache-miss
271 http fetch GET 200 https://registry.npmjs.org/use-sync-external-store 105ms (cache miss)
272 silly packumentCache full:https://registry.npmjs.org/use-sync-external-store set size:undefined disposed:false
273 silly fetch manifest zustand@^5.0.3
274 silly packumentCache full:https://registry.npmjs.org/zustand cache-miss
275 http cache https://registry.npmjs.org/zustand 12ms (cache hit)
276 silly packumentCache full:https://registry.npmjs.org/zustand set size:496701 disposed:false
277 silly fetch manifest its-fine@^2.0.0
278 silly packumentCache full:https://registry.npmjs.org/its-fine cache-miss
279 http fetch GET 200 https://registry.npmjs.org/buffer 49ms (cache miss)
280 silly packumentCache full:https://registry.npmjs.org/buffer set size:undefined disposed:false
281 silly fetch manifest base64-js@^1.5.1
282 silly packumentCache full:https://registry.npmjs.org/base64-js cache-miss
283 http fetch GET 200 https://registry.npmjs.org/base64-js 36ms (cache miss)
284 silly packumentCache full:https://registry.npmjs.org/base64-js set size:undefined disposed:false
285 silly fetch manifest scheduler@^0.27.0
286 silly packumentCache full:https://registry.npmjs.org/scheduler cache-miss
287 http fetch GET 200 https://registry.npmjs.org/scheduler 115ms (cache miss)
288 silly packumentCache full:https://registry.npmjs.org/scheduler set size:undefined disposed:false
289 silly fetch manifest @types/webxr@*
290 silly packumentCache full:https://registry.npmjs.org/@types%2fwebxr cache-miss
291 http fetch GET 200 https://registry.npmjs.org/its-fine 186ms (cache miss)
292 silly packumentCache full:https://registry.npmjs.org/its-fine set size:undefined disposed:false
293 silly fetch manifest @babel/runtime@^7.17.8
294 silly packumentCache full:https://registry.npmjs.org/@babel%2fruntime cache-miss
295 http cache https://registry.npmjs.org/@babel%2fruntime 4ms (cache hit)
296 silly packumentCache full:https://registry.npmjs.org/@babel%2fruntime set size:3305729 disposed:false
297 silly fetch manifest react-use-measure@^2.1.7
298 silly packumentCache full:https://registry.npmjs.org/react-use-measure cache-miss
299 http fetch GET 200 https://registry.npmjs.org/three-mesh-bvh 455ms (cache miss)
300 silly packumentCache full:https://registry.npmjs.org/three-mesh-bvh set size:undefined disposed:false
301 silly fetch manifest postcss@^8.4.41
302 silly packumentCache full:https://registry.npmjs.org/postcss cache-miss
303 http fetch GET 200 https://registry.npmjs.org/troika-three-text 437ms (cache miss)
304 silly packumentCache full:https://registry.npmjs.org/troika-three-text set size:undefined disposed:false
305 silly fetch manifest tailwindcss@4.1.18
306 silly packumentCache full:https://registry.npmjs.org/tailwindcss cache-miss
307 http cache https://registry.npmjs.org/tailwindcss 10ms (cache hit)
308 silly packumentCache full:https://registry.npmjs.org/tailwindcss set size:10156862 disposed:false
309 silly fetch manifest @alloc/quick-lru@^5.2.0
310 silly packumentCache full:https://registry.npmjs.org/@alloc%2fquick-lru cache-miss
311 http fetch GET 200 https://registry.npmjs.org/postcss 56ms (cache miss)
312 silly packumentCache full:https://registry.npmjs.org/postcss set size:undefined disposed:false
313 silly fetch manifest @tailwindcss/node@4.1.18
314 silly packumentCache full:https://registry.npmjs.org/@tailwindcss%2fnode cache-miss
315 http fetch GET 200 https://registry.npmjs.org/@monogrid%2fgainmap-js 451ms (cache miss)
316 silly packumentCache full:https://registry.npmjs.org/@monogrid%2fgainmap-js set size:undefined disposed:false
317 silly fetch manifest @tailwindcss/oxide@4.1.18
318 silly packumentCache full:https://registry.npmjs.org/@tailwindcss%2foxide cache-miss
319 http fetch GET 200 https://registry.npmjs.org/@mediapipe%2ftasks-vision 454ms (cache miss)
320 silly packumentCache full:https://registry.npmjs.org/@mediapipe%2ftasks-vision set size:undefined disposed:false
321 silly fetch manifest undici-types@~6.21.0
322 silly packumentCache full:https://registry.npmjs.org/undici-types cache-miss
323 http fetch GET 200 https://registry.npmjs.org/undici-types 41ms (cache miss)
324 silly packumentCache full:https://registry.npmjs.org/undici-types set size:undefined disposed:false
325 silly fetch manifest csstype@^3.2.2
326 silly packumentCache full:https://registry.npmjs.org/csstype cache-miss
327 http fetch GET 200 https://registry.npmjs.org/react-use-measure 173ms (cache miss)
328 silly packumentCache full:https://registry.npmjs.org/react-use-measure set size:undefined disposed:false
329 silly fetch manifest fflate@~0.8.2
330 silly packumentCache full:https://registry.npmjs.org/fflate cache-miss
331 http fetch GET 200 https://registry.npmjs.org/fflate 42ms (cache miss)
332 silly packumentCache full:https://registry.npmjs.org/fflate set size:undefined disposed:false
333 silly fetch manifest @types/webxr@>=0.5.17
334 silly packumentCache full:https://registry.npmjs.org/@types%2fwebxr cache-miss
335 http fetch GET 200 https://registry.npmjs.org/@alloc%2fquick-lru 174ms (cache miss)
336 silly packumentCache full:https://registry.npmjs.org/@alloc%2fquick-lru set size:undefined disposed:false
337 silly fetch manifest @webgpu/types@*
338 silly packumentCache full:https://registry.npmjs.org/@webgpu%2ftypes cache-miss
339 http fetch GET 200 https://registry.npmjs.org/csstype 64ms (cache miss)
340 silly packumentCache full:https://registry.npmjs.org/csstype set size:undefined disposed:false
341 silly fetch manifest meshoptimizer@~0.22.0
342 silly packumentCache full:https://registry.npmjs.org/meshoptimizer cache-miss
343 http fetch GET 200 https://registry.npmjs.org/meshoptimizer 43ms (cache miss)
344 silly packumentCache full:https://registry.npmjs.org/meshoptimizer set size:undefined disposed:false
345 silly fetch manifest @types/stats.js@*
346 silly packumentCache full:https://registry.npmjs.org/@types%2fstats.js cache-miss
347 http fetch GET 200 https://registry.npmjs.org/@tailwindcss%2foxide 196ms (cache miss)
348 silly packumentCache full:https://registry.npmjs.org/@tailwindcss%2foxide set size:undefined disposed:false
349 silly fetch manifest @tweenjs/tween.js@~23.1.3
350 silly packumentCache full:https://registry.npmjs.org/@tweenjs%2ftween.js cache-miss
351 http fetch GET 200 https://registry.npmjs.org/@types%2fwebxr 90ms (cache miss)
352 silly packumentCache full:https://registry.npmjs.org/@types%2fwebxr set size:undefined disposed:false
353 silly fetch manifest @dimforge/rapier3d-compat@~0.12.0
354 silly packumentCache full:https://registry.npmjs.org/@dimforge%2frapier3d-compat cache-miss
355 http fetch GET 200 https://registry.npmjs.org/@types%2fwebxr 333ms (cache miss)
356 silly packumentCache full:https://registry.npmjs.org/@types%2fwebxr set size:undefined disposed:false
357 silly fetch manifest ajv@^6.12.4
358 silly packumentCache full:https://registry.npmjs.org/ajv cache-miss
359 http fetch GET 200 https://registry.npmjs.org/@use-gesture%2freact 714ms (cache miss)
360 silly packumentCache full:https://registry.npmjs.org/@use-gesture%2freact set size:undefined disposed:false
361 silly fetch manifest chalk@^4.0.0
362 silly packumentCache full:https://registry.npmjs.org/chalk cache-miss
363 http fetch GET 200 https://registry.npmjs.org/chalk 39ms (cache miss)
364 silly packumentCache full:https://registry.npmjs.org/chalk set size:undefined disposed:false
365 silly fetch manifest debug@^4.3.2
366 silly packumentCache full:https://registry.npmjs.org/debug cache-miss
367 http fetch GET 200 https://registry.npmjs.org/ajv 58ms (cache miss)
368 silly packumentCache full:https://registry.npmjs.org/ajv set size:undefined disposed:false
369 silly fetch manifest espree@^10.4.0
370 silly packumentCache full:https://registry.npmjs.org/espree cache-miss
371 http fetch GET 200 https://registry.npmjs.org/@tailwindcss%2fnode 307ms (cache miss)
372 silly packumentCache full:https://registry.npmjs.org/@tailwindcss%2fnode set size:undefined disposed:false
373 silly fetch manifest ignore@^5.2.0
374 silly packumentCache full:https://registry.npmjs.org/ignore cache-miss
375 http fetch GET 200 https://registry.npmjs.org/debug 65ms (cache miss)
376 silly packumentCache full:https://registry.npmjs.org/debug set size:undefined disposed:false
377 silly fetch manifest esquery@^1.5.0
378 silly packumentCache full:https://registry.npmjs.org/esquery cache-miss
379 http fetch GET 200 https://registry.npmjs.org/ignore 46ms (cache miss)
380 silly packumentCache full:https://registry.npmjs.org/ignore set size:undefined disposed:false
381 silly fetch manifest esutils@^2.0.2
382 silly packumentCache full:https://registry.npmjs.org/esutils cache-miss
383 http fetch GET 200 https://registry.npmjs.org/espree 57ms (cache miss)
384 silly packumentCache full:https://registry.npmjs.org/espree set size:undefined disposed:false
385 silly fetch manifest find-up@^5.0.0
386 silly packumentCache full:https://registry.npmjs.org/find-up cache-miss
387 http fetch GET 200 https://registry.npmjs.org/@types%2fstats.js 183ms (cache miss)
388 silly packumentCache full:https://registry.npmjs.org/@types%2fstats.js set size:undefined disposed:false
389 silly fetch manifest is-glob@^4.0.0
390 silly packumentCache full:https://registry.npmjs.org/is-glob cache-miss
391 http fetch GET 200 https://registry.npmjs.org/esquery 41ms (cache miss)
392 silly packumentCache full:https://registry.npmjs.org/esquery set size:undefined disposed:false
393 silly fetch manifest minimatch@^3.1.2
394 silly packumentCache full:https://registry.npmjs.org/minimatch cache-miss
395 http fetch GET 200 https://registry.npmjs.org/esutils 35ms (cache miss)
396 silly packumentCache full:https://registry.npmjs.org/esutils set size:undefined disposed:false
397 silly fetch manifest @eslint/js@9.39.2
398 silly packumentCache full:https://registry.npmjs.org/@eslint%2fjs cache-miss
399 http fetch GET 200 https://registry.npmjs.org/find-up 42ms (cache miss)
400 silly packumentCache full:https://registry.npmjs.org/find-up set size:undefined disposed:false
401 silly fetch manifest optionator@^0.9.3
402 silly packumentCache full:https://registry.npmjs.org/optionator cache-miss
403 http fetch GET 200 https://registry.npmjs.org/@dimforge%2frapier3d-compat 167ms (cache miss)
404 silly packumentCache full:https://registry.npmjs.org/@dimforge%2frapier3d-compat set size:undefined disposed:false
405 silly fetch manifest cross-spawn@^7.0.6
406 silly packumentCache full:https://registry.npmjs.org/cross-spawn cache-miss
407 http fetch GET 200 https://registry.npmjs.org/is-glob 39ms (cache miss)
408 silly packumentCache full:https://registry.npmjs.org/is-glob set size:undefined disposed:false
409 silly fetch manifest glob-parent@^6.0.2
410 silly packumentCache full:https://registry.npmjs.org/glob-parent cache-miss
411 http fetch GET 200 https://registry.npmjs.org/minimatch 42ms (cache miss)
412 silly packumentCache full:https://registry.npmjs.org/minimatch set size:undefined disposed:false
413 silly fetch manifest imurmurhash@^0.1.4
414 silly packumentCache full:https://registry.npmjs.org/imurmurhash cache-miss
415 http fetch GET 200 https://registry.npmjs.org/optionator 39ms (cache miss)
416 silly packumentCache full:https://registry.npmjs.org/optionator set size:undefined disposed:false
417 silly fetch manifest @eslint/core@^0.17.0
418 silly packumentCache full:https://registry.npmjs.org/@eslint%2fcore cache-miss
419 http fetch GET 200 https://registry.npmjs.org/cross-spawn 42ms (cache miss)
420 silly packumentCache full:https://registry.npmjs.org/cross-spawn set size:undefined disposed:false
421 silly fetch manifest eslint-scope@^8.4.0
422 silly packumentCache full:https://registry.npmjs.org/eslint-scope cache-miss
423 http fetch GET 200 https://registry.npmjs.org/@webgpu%2ftypes 309ms (cache miss)
424 silly packumentCache full:https://registry.npmjs.org/@webgpu%2ftypes set size:undefined disposed:false
425 silly fetch manifest lodash.merge@^4.6.2
426 silly packumentCache full:https://registry.npmjs.org/lodash.merge cache-miss
427 http fetch GET 200 https://registry.npmjs.org/glob-parent 38ms (cache miss)
428 silly packumentCache full:https://registry.npmjs.org/glob-parent set size:undefined disposed:false
429 silly fetch manifest @humanfs/node@^0.16.6
430 silly packumentCache full:https://registry.npmjs.org/@humanfs%2fnode cache-miss
431 http fetch GET 200 https://registry.npmjs.org/imurmurhash 41ms (cache miss)
432 silly packumentCache full:https://registry.npmjs.org/imurmurhash set size:undefined disposed:false
433 silly fetch manifest @types/estree@^1.0.6
434 silly packumentCache full:https://registry.npmjs.org/@types%2festree cache-miss
435 http fetch GET 200 https://registry.npmjs.org/eslint-scope 44ms (cache miss)
436 silly packumentCache full:https://registry.npmjs.org/eslint-scope set size:undefined disposed:false
437 silly fetch manifest fast-deep-equal@^3.1.3
438 silly packumentCache full:https://registry.npmjs.org/fast-deep-equal cache-miss
439 http fetch GET 200 https://registry.npmjs.org/lodash.merge 40ms (cache miss)
440 silly packumentCache full:https://registry.npmjs.org/lodash.merge set size:undefined disposed:false
441 silly fetch manifest natural-compare@^1.4.0
442 silly packumentCache full:https://registry.npmjs.org/natural-compare cache-miss
443 http fetch GET 200 https://registry.npmjs.org/@humanfs%2fnode 50ms (cache miss)
444 silly packumentCache full:https://registry.npmjs.org/@humanfs%2fnode set size:undefined disposed:false
445 silly fetch manifest @eslint/eslintrc@^3.3.1
446 silly packumentCache full:https://registry.npmjs.org/@eslint%2feslintrc cache-miss
447 http fetch GET 200 https://registry.npmjs.org/@tweenjs%2ftween.js 296ms (cache miss)
448 silly packumentCache full:https://registry.npmjs.org/@tweenjs%2ftween.js set size:undefined disposed:false
449 silly fetch manifest file-entry-cache@^8.0.0
450 silly packumentCache full:https://registry.npmjs.org/file-entry-cache cache-miss
451 http fetch GET 200 https://registry.npmjs.org/fast-deep-equal 39ms (cache miss)
452 silly packumentCache full:https://registry.npmjs.org/fast-deep-equal set size:undefined disposed:false
453 silly fetch manifest @eslint/plugin-kit@^0.4.1
454 silly packumentCache full:https://registry.npmjs.org/@eslint%2fplugin-kit cache-miss
455 http fetch GET 200 https://registry.npmjs.org/natural-compare 40ms (cache miss)
456 silly packumentCache full:https://registry.npmjs.org/natural-compare set size:undefined disposed:false
457 silly fetch manifest eslint-visitor-keys@^4.2.1
458 silly packumentCache full:https://registry.npmjs.org/eslint-visitor-keys cache-miss
459 http fetch GET 200 https://registry.npmjs.org/@eslint%2feslintrc 53ms (cache miss)
460 silly packumentCache full:https://registry.npmjs.org/@eslint%2feslintrc set size:undefined disposed:false
461 silly fetch manifest @eslint/config-array@^0.21.1
462 silly packumentCache full:https://registry.npmjs.org/@eslint%2fconfig-array cache-miss
463 http fetch GET 200 https://registry.npmjs.org/file-entry-cache 49ms (cache miss)
464 silly packumentCache full:https://registry.npmjs.org/file-entry-cache set size:undefined disposed:false
465 silly fetch manifest @humanwhocodes/retry@^0.4.2
466 silly packumentCache full:https://registry.npmjs.org/@humanwhocodes%2fretry cache-miss
467 http fetch GET 200 https://registry.npmjs.org/@eslint%2fjs 186ms (cache miss)
468 silly packumentCache full:https://registry.npmjs.org/@eslint%2fjs set size:undefined disposed:false
469 silly fetch manifest escape-string-regexp@^4.0.0
470 silly packumentCache full:https://registry.npmjs.org/escape-string-regexp cache-miss
471 http fetch GET 200 https://registry.npmjs.org/eslint-visitor-keys 44ms (cache miss)
472 silly packumentCache full:https://registry.npmjs.org/eslint-visitor-keys set size:undefined disposed:false
473 silly fetch manifest @eslint/config-helpers@^0.4.2
474 silly packumentCache full:https://registry.npmjs.org/@eslint%2fconfig-helpers cache-miss
475 http fetch GET 200 https://registry.npmjs.org/@eslint%2fcore 156ms (cache miss)
476 silly packumentCache full:https://registry.npmjs.org/@eslint%2fcore set size:undefined disposed:false
477 silly fetch manifest @eslint-community/regexpp@^4.12.1
478 silly packumentCache full:https://registry.npmjs.org/@eslint-community%2fregexpp cache-miss
479 http fetch GET 200 https://registry.npmjs.org/@eslint%2fconfig-array 49ms (cache miss)
480 silly packumentCache full:https://registry.npmjs.org/@eslint%2fconfig-array set size:undefined disposed:false
481 silly fetch manifest @eslint-community/eslint-utils@^4.8.0
482 silly packumentCache full:https://registry.npmjs.org/@eslint-community%2feslint-utils cache-miss
483 http fetch GET 200 https://registry.npmjs.org/escape-string-regexp 40ms (cache miss)
484 silly packumentCache full:https://registry.npmjs.org/escape-string-regexp set size:undefined disposed:false
485 silly fetch manifest @humanwhocodes/module-importer@^1.0.1
486 silly packumentCache full:https://registry.npmjs.org/@humanwhocodes%2fmodule-importer cache-miss
487 http fetch GET 200 https://registry.npmjs.org/@types%2festree 182ms (cache miss)
488 silly packumentCache full:https://registry.npmjs.org/@types%2festree set size:undefined disposed:false
489 silly fetch manifest json-stable-stringify-without-jsonify@^1.0.1
490 silly packumentCache full:https://registry.npmjs.org/json-stable-stringify-without-jsonify cache-miss
491 http fetch GET 200 https://registry.npmjs.org/@eslint-community%2fregexpp 60ms (cache miss)
492 silly packumentCache full:https://registry.npmjs.org/@eslint-community%2fregexpp set size:undefined disposed:false
493 silly fetch manifest globals@16.4.0
494 silly packumentCache full:https://registry.npmjs.org/globals cache-miss
495 http fetch GET 200 https://registry.npmjs.org/@eslint-community%2feslint-utils 55ms (cache miss)
496 silly packumentCache full:https://registry.npmjs.org/@eslint-community%2feslint-utils set size:undefined disposed:false
497 silly fetch manifest typescript-eslint@^8.46.0
498 silly packumentCache full:https://registry.npmjs.org/typescript-eslint cache-miss
499 http fetch GET 200 https://registry.npmjs.org/@humanwhocodes%2fmodule-importer 49ms (cache miss)
500 silly packumentCache full:https://registry.npmjs.org/@humanwhocodes%2fmodule-importer set size:undefined disposed:false
501 silly fetch manifest eslint-plugin-react@^7.37.0
502 silly packumentCache full:https://registry.npmjs.org/eslint-plugin-react cache-miss
503 http fetch GET 200 https://registry.npmjs.org/@eslint%2fplugin-kit 160ms (cache miss)
504 silly packumentCache full:https://registry.npmjs.org/@eslint%2fplugin-kit set size:undefined disposed:false
505 silly fetch manifest eslint-plugin-import@^2.32.0
506 silly packumentCache full:https://registry.npmjs.org/eslint-plugin-import cache-miss
507 http fetch GET 200 https://registry.npmjs.org/json-stable-stringify-without-jsonify 38ms (cache miss)
508 silly packumentCache full:https://registry.npmjs.org/json-stable-stringify-without-jsonify set size:undefined disposed:false
509 silly fetch manifest eslint-plugin-jsx-a11y@^6.10.0
510 silly packumentCache full:https://registry.npmjs.org/eslint-plugin-jsx-a11y cache-miss
511 http fetch GET 200 https://registry.npmjs.org/globals 42ms (cache miss)
512 silly packumentCache full:https://registry.npmjs.org/globals set size:undefined disposed:false
513 silly fetch manifest @next/eslint-plugin-next@16.1.6
514 silly packumentCache full:https://registry.npmjs.org/@next%2feslint-plugin-next cache-miss
515 http fetch GET 200 https://registry.npmjs.org/eslint-plugin-react 41ms (cache miss)
516 silly packumentCache full:https://registry.npmjs.org/eslint-plugin-react set size:undefined disposed:false
517 silly fetch manifest eslint-plugin-react-hooks@^7.0.0
518 silly packumentCache full:https://registry.npmjs.org/eslint-plugin-react-hooks cache-miss
519 http fetch GET 200 https://registry.npmjs.org/@humanwhocodes%2fretry 166ms (cache miss)
520 silly packumentCache full:https://registry.npmjs.org/@humanwhocodes%2fretry set size:undefined disposed:false
521 silly fetch manifest eslint-import-resolver-node@^0.3.6
522 silly packumentCache full:https://registry.npmjs.org/eslint-import-resolver-node cache-miss
523 http fetch GET 200 https://registry.npmjs.org/eslint-plugin-jsx-a11y 50ms (cache miss)
524 silly packumentCache full:https://registry.npmjs.org/eslint-plugin-jsx-a11y set size:undefined disposed:false
525 silly fetch manifest eslint-import-resolver-typescript@^3.5.2
526 silly packumentCache full:https://registry.npmjs.org/eslint-import-resolver-typescript cache-miss
527 http fetch GET 200 https://registry.npmjs.org/eslint-plugin-import 55ms (cache miss)
528 silly packumentCache full:https://registry.npmjs.org/eslint-plugin-import set size:undefined disposed:false
529 silly fetch manifest tslib@^2.4.0
530 silly packumentCache full:https://registry.npmjs.org/tslib cache-miss
531 http fetch GET 200 https://registry.npmjs.org/@eslint%2fconfig-helpers 189ms (cache miss)
532 silly packumentCache full:https://registry.npmjs.org/@eslint%2fconfig-helpers set size:undefined disposed:false
533 silly fetch manifest motion-dom@^12.33.0
534 silly packumentCache full:https://registry.npmjs.org/motion-dom cache-miss
535 http fetch GET 200 https://registry.npmjs.org/eslint-import-resolver-node 37ms (cache miss)
536 silly packumentCache full:https://registry.npmjs.org/eslint-import-resolver-node set size:undefined disposed:false
537 silly fetch manifest motion-utils@^12.29.2
538 silly packumentCache full:https://registry.npmjs.org/motion-utils cache-miss
539 http fetch GET 200 https://registry.npmjs.org/eslint-import-resolver-typescript 42ms (cache miss)
540 silly packumentCache full:https://registry.npmjs.org/eslint-import-resolver-typescript set size:undefined disposed:false
541 silly fetch manifest postcss@8.4.31
542 silly packumentCache full:https://registry.npmjs.org/postcss cache-miss
543 http cache https://registry.npmjs.org/postcss 4ms (cache hit)
544 silly packumentCache full:https://registry.npmjs.org/postcss set size:696248 disposed:false
545 silly fetch manifest @next/env@16.1.6
546 silly packumentCache full:https://registry.npmjs.org/@next%2fenv cache-miss
547 http fetch GET 200 https://registry.npmjs.org/tslib 51ms (cache miss)
548 silly packumentCache full:https://registry.npmjs.org/tslib set size:undefined disposed:false
549 silly fetch manifest styled-jsx@5.1.6
550 silly packumentCache full:https://registry.npmjs.org/styled-jsx cache-miss
551 http fetch GET 200 https://registry.npmjs.org/styled-jsx 47ms (cache miss)
552 silly packumentCache full:https://registry.npmjs.org/styled-jsx set size:undefined disposed:false
553 silly fetch manifest @swc/helpers@0.5.15
554 silly packumentCache full:https://registry.npmjs.org/@swc%2fhelpers cache-miss
555 http fetch GET 200 https://registry.npmjs.org/eslint-plugin-react-hooks 159ms (cache miss)
556 silly packumentCache full:https://registry.npmjs.org/eslint-plugin-react-hooks set size:undefined disposed:false
557 silly fetch manifest caniuse-lite@^1.0.30001579
558 silly packumentCache full:https://registry.npmjs.org/caniuse-lite cache-miss
559 http fetch GET 200 https://registry.npmjs.org/@swc%2fhelpers 76ms (cache miss)
560 silly packumentCache full:https://registry.npmjs.org/@swc%2fhelpers set size:undefined disposed:false
561 silly fetch manifest baseline-browser-mapping@^2.8.3
562 silly packumentCache full:https://registry.npmjs.org/baseline-browser-mapping cache-miss
563 http fetch GET 200 https://registry.npmjs.org/motion-dom 187ms (cache miss)
564 silly packumentCache full:https://registry.npmjs.org/motion-dom set size:undefined disposed:false
565 silly fetch manifest sharp@^0.34.4
566 silly packumentCache full:https://registry.npmjs.org/sharp cache-miss
567 http fetch GET 200 https://registry.npmjs.org/caniuse-lite 71ms (cache miss)
568 silly packumentCache full:https://registry.npmjs.org/caniuse-lite set size:undefined disposed:false
569 silly fetch manifest @next/swc-darwin-x64@16.1.6
570 silly packumentCache full:https://registry.npmjs.org/@next%2fswc-darwin-x64 cache-miss
571 http fetch GET 200 https://registry.npmjs.org/@next%2feslint-plugin-next 271ms (cache miss)
572 silly packumentCache full:https://registry.npmjs.org/@next%2feslint-plugin-next set size:undefined disposed:false
573 silly fetch manifest @next/swc-darwin-arm64@16.1.6
574 silly packumentCache full:https://registry.npmjs.org/@next%2fswc-darwin-arm64 cache-miss
575 http fetch GET 200 https://registry.npmjs.org/baseline-browser-mapping 63ms (cache miss)
576 silly packumentCache full:https://registry.npmjs.org/baseline-browser-mapping set size:undefined disposed:false
577 silly fetch manifest @next/swc-linux-x64-gnu@16.1.6
578 silly packumentCache full:https://registry.npmjs.org/@next%2fswc-linux-x64-gnu cache-miss
579 http fetch GET 200 https://registry.npmjs.org/sharp 63ms (cache miss)
580 silly packumentCache full:https://registry.npmjs.org/sharp set size:undefined disposed:false
581 silly fetch manifest @next/swc-linux-x64-musl@16.1.6
582 silly packumentCache full:https://registry.npmjs.org/@next%2fswc-linux-x64-musl cache-miss
583 http fetch GET 200 https://registry.npmjs.org/@next%2fenv 290ms (cache miss)
584 silly packumentCache full:https://registry.npmjs.org/@next%2fenv set size:undefined disposed:false
585 silly fetch manifest @next/swc-win32-x64-msvc@16.1.6
586 silly packumentCache full:https://registry.npmjs.org/@next%2fswc-win32-x64-msvc cache-miss
587 http fetch GET 200 https://registry.npmjs.org/@next%2fswc-darwin-x64 147ms (cache miss)
588 silly packumentCache full:https://registry.npmjs.org/@next%2fswc-darwin-x64 set size:undefined disposed:false
589 silly fetch manifest @next/swc-linux-arm64-gnu@16.1.6
590 silly packumentCache full:https://registry.npmjs.org/@next%2fswc-linux-arm64-gnu cache-miss
591 http fetch GET 200 https://registry.npmjs.org/typescript-eslint 502ms (cache miss)
592 silly packumentCache full:https://registry.npmjs.org/typescript-eslint set size:undefined disposed:false
593 silly fetch manifest @next/swc-linux-arm64-musl@16.1.6
594 silly packumentCache full:https://registry.npmjs.org/@next%2fswc-linux-arm64-musl cache-miss
595 http fetch GET 200 https://registry.npmjs.org/@next%2fswc-darwin-arm64 262ms (cache miss)
596 silly packumentCache full:https://registry.npmjs.org/@next%2fswc-darwin-arm64 set size:undefined disposed:false
597 silly fetch manifest @next/swc-win32-arm64-msvc@16.1.6
598 silly packumentCache full:https://registry.npmjs.org/@next%2fswc-win32-arm64-msvc cache-miss
599 http fetch GET 200 https://registry.npmjs.org/motion-utils 484ms (cache miss)
600 silly packumentCache full:https://registry.npmjs.org/motion-utils set size:undefined disposed:false
601 silly fetch manifest @prisma/config@6.19.2
602 silly packumentCache full:https://registry.npmjs.org/@prisma%2fconfig cache-miss
603 http fetch GET 200 https://registry.npmjs.org/@next%2fswc-win32-x64-msvc 167ms (cache miss)
604 silly packumentCache full:https://registry.npmjs.org/@next%2fswc-win32-x64-msvc set size:undefined disposed:false
605 silly fetch manifest @prisma/engines@6.19.2
606 silly packumentCache full:https://registry.npmjs.org/@prisma%2fengines cache-miss
607 http fetch GET 200 https://registry.npmjs.org/@next%2fswc-linux-x64-gnu 306ms (cache miss)
608 silly packumentCache full:https://registry.npmjs.org/@next%2fswc-linux-x64-gnu set size:undefined disposed:false
609 http fetch GET 200 https://registry.npmjs.org/@next%2fswc-linux-x64-musl 396ms (cache miss)
610 silly packumentCache full:https://registry.npmjs.org/@next%2fswc-linux-x64-musl set size:undefined disposed:false
611 http fetch GET 200 https://registry.npmjs.org/@next%2fswc-linux-arm64-musl 268ms (cache miss)
612 silly packumentCache full:https://registry.npmjs.org/@next%2fswc-linux-arm64-musl set size:undefined disposed:false
613 http fetch GET 200 https://registry.npmjs.org/@next%2fswc-linux-arm64-gnu 337ms (cache miss)
614 silly packumentCache full:https://registry.npmjs.org/@next%2fswc-linux-arm64-gnu set size:undefined disposed:false
615 http fetch GET 200 https://registry.npmjs.org/@next%2fswc-win32-arm64-msvc 212ms (cache miss)
616 silly packumentCache full:https://registry.npmjs.org/@next%2fswc-win32-arm64-msvc set size:undefined disposed:false
617 http fetch GET 200 https://registry.npmjs.org/@prisma%2fconfig 471ms (cache miss)
618 silly packumentCache full:https://registry.npmjs.org/@prisma%2fconfig set size:undefined disposed:false
619 http fetch GET 200 https://registry.npmjs.org/@prisma%2fengines 1036ms (cache miss)
620 silly packumentCache full:https://registry.npmjs.org/@prisma%2fengines set size:undefined disposed:false
621 silly fetch manifest @types/three@>=0.134.0
622 silly packumentCache full:https://registry.npmjs.org/@types%2fthree cache-miss
623 http cache https://registry.npmjs.org/@types%2fthree 8ms (cache hit)
624 silly packumentCache full:https://registry.npmjs.org/@types%2fthree set size:632101 disposed:false
625 silly fetch manifest three@>=0.159
626 silly packumentCache full:https://registry.npmjs.org/three cache-miss
627 http cache https://registry.npmjs.org/three 2ms (cache hit)
628 silly packumentCache full:https://registry.npmjs.org/three set size:910018 disposed:false
629 silly fetch manifest @types/react@>=18.0.0
630 silly packumentCache full:https://registry.npmjs.org/@types%2freact cache-miss
631 http cache https://registry.npmjs.org/@types%2freact 5ms (cache hit)
632 silly packumentCache full:https://registry.npmjs.org/@types%2freact set size:2584421 disposed:false
633 silly fetch manifest immer@>=9.0.6
634 silly packumentCache full:https://registry.npmjs.org/immer cache-miss
635 http fetch GET 200 https://registry.npmjs.org/immer 47ms (cache miss)
636 silly packumentCache full:https://registry.npmjs.org/immer set size:undefined disposed:false
637 silly fetch manifest react@^19
638 silly packumentCache full:https://registry.npmjs.org/react cache-miss
639 http cache https://registry.npmjs.org/react 11ms (cache hit)
640 silly packumentCache full:https://registry.npmjs.org/react set size:6466562 disposed:false
641 silly placeDep ROOT @babel/runtime@7.28.6 OK for: @react-three/drei@10.7.7 want: ^7.26.0
642 silly placeDep ROOT @mediapipe/tasks-vision@0.10.17 OK for: @react-three/drei@10.7.7 want: 0.10.17
643 silly placeDep ROOT @monogrid/gainmap-js@3.4.0 OK for: @react-three/drei@10.7.7 want: ^3.0.6
644 silly placeDep ROOT @use-gesture/react@10.3.1 OK for: @react-three/drei@10.7.7 want: ^10.3.1
645 silly placeDep ROOT camera-controls@3.1.2 OK for: @react-three/drei@10.7.7 want: ^3.1.0
646 silly placeDep ROOT cross-env@7.0.3 OK for: @react-three/drei@10.7.7 want: ^7.0.3
647 silly placeDep ROOT detect-gpu@5.0.70 OK for: @react-three/drei@10.7.7 want: ^5.0.56
648 silly placeDep ROOT glsl-noise@0.0.0 OK for: @react-three/drei@10.7.7 want: ^0.0.0
649 silly placeDep ROOT hls.js@1.6.15 OK for: @react-three/drei@10.7.7 want: ^1.5.17
650 silly placeDep ROOT maath@0.10.8 OK for: @react-three/drei@10.7.7 want: ^0.10.8
651 silly placeDep ROOT meshline@3.3.1 OK for: @react-three/drei@10.7.7 want: ^3.3.1
652 silly placeDep ROOT stats-gl@2.4.2 OK for: @react-three/drei@10.7.7 want: ^2.2.8
653 silly placeDep ROOT stats.js@0.17.0 OK for: @react-three/drei@10.7.7 want: ^0.17.0
654 silly placeDep ROOT suspend-react@0.1.3 OK for: @react-three/drei@10.7.7 want: ^0.1.3
655 silly placeDep ROOT three-mesh-bvh@0.8.3 OK for: @react-three/drei@10.7.7 want: ^0.8.3
656 silly placeDep ROOT three-stdlib@2.36.1 OK for: @react-three/drei@10.7.7 want: ^2.35.6
657 silly placeDep ROOT troika-three-text@0.52.4 OK for: @react-three/drei@10.7.7 want: ^0.52.4
658 silly placeDep ROOT tunnel-rat@0.1.2 OK for: @react-three/drei@10.7.7 want: ^0.1.2
659 silly placeDep ROOT use-sync-external-store@1.6.0 OK for: @react-three/drei@10.7.7 want: ^1.4.0
660 silly placeDep ROOT utility-types@3.11.0 OK for: @react-three/drei@10.7.7 want: ^3.11.0
661 silly placeDep ROOT zustand@5.0.11 OK for: @react-three/drei@10.7.7 want: ^5.0.1
662 silly fetch manifest promise-worker-transferable@^1.0.4
663 silly packumentCache full:https://registry.npmjs.org/promise-worker-transferable cache-miss
664 silly fetch manifest @use-gesture/core@10.3.1
665 silly packumentCache full:https://registry.npmjs.org/@use-gesture%2fcore cache-miss
666 silly fetch manifest cross-spawn@^7.0.1
667 silly packumentCache full:https://registry.npmjs.org/cross-spawn cache-miss
668 silly fetch manifest webgl-constants@^1.1.1
669 silly packumentCache full:https://registry.npmjs.org/webgl-constants cache-miss
670 silly fetch manifest three@^0.170.0
671 silly packumentCache full:https://registry.npmjs.org/three cache-hit
672 silly fetch manifest @types/draco3d@^1.4.0
673 silly packumentCache full:https://registry.npmjs.org/@types%2fdraco3d cache-miss
674 silly fetch manifest @types/offscreencanvas@^2019.6.4
675 silly packumentCache full:https://registry.npmjs.org/@types%2foffscreencanvas cache-miss
676 silly fetch manifest @types/webxr@^0.5.2
677 silly packumentCache full:https://registry.npmjs.org/@types%2fwebxr cache-miss
678 http cache https://registry.npmjs.org/cross-spawn 9ms (cache hit)
679 silly packumentCache full:https://registry.npmjs.org/cross-spawn set size:109066 disposed:false
680 silly fetch manifest draco3d@^1.4.1
681 silly packumentCache full:https://registry.npmjs.org/draco3d cache-miss
682 http cache https://registry.npmjs.org/@types%2fwebxr 8ms (cache hit)
683 silly packumentCache full:https://registry.npmjs.org/@types%2fwebxr set size:64472 disposed:false
684 silly fetch manifest fflate@^0.6.9
685 silly packumentCache full:https://registry.npmjs.org/fflate cache-miss
686 http cache https://registry.npmjs.org/fflate 2ms (cache hit)
687 silly packumentCache full:https://registry.npmjs.org/fflate set size:230492 disposed:false
688 silly fetch manifest potpack@^1.0.1
689 silly packumentCache full:https://registry.npmjs.org/potpack cache-miss
690 http fetch GET 200 https://registry.npmjs.org/webgl-constants 181ms (cache miss)
691 silly packumentCache full:https://registry.npmjs.org/webgl-constants set size:undefined disposed:false
692 silly fetch manifest bidi-js@^1.0.2
693 silly packumentCache full:https://registry.npmjs.org/bidi-js cache-miss
694 http fetch GET 200 https://registry.npmjs.org/draco3d 178ms (cache miss)
695 silly packumentCache full:https://registry.npmjs.org/draco3d set size:undefined disposed:false
696 silly fetch manifest troika-three-utils@^0.52.4
697 silly packumentCache full:https://registry.npmjs.org/troika-three-utils cache-miss
698 http fetch GET 200 https://registry.npmjs.org/potpack 193ms (cache miss)
699 silly packumentCache full:https://registry.npmjs.org/potpack set size:undefined disposed:false
700 silly fetch manifest troika-worker-utils@^0.52.0
701 silly packumentCache full:https://registry.npmjs.org/troika-worker-utils cache-miss
702 http fetch GET 200 https://registry.npmjs.org/bidi-js 39ms (cache miss)
703 silly packumentCache full:https://registry.npmjs.org/bidi-js set size:undefined disposed:false
704 silly fetch manifest webgl-sdf-generator@1.1.1
705 silly packumentCache full:https://registry.npmjs.org/webgl-sdf-generator cache-miss
706 http fetch GET 200 https://registry.npmjs.org/@types%2fdraco3d 326ms (cache miss)
707 silly packumentCache full:https://registry.npmjs.org/@types%2fdraco3d set size:undefined disposed:false
708 silly fetch manifest zustand@^4.3.2
709 silly packumentCache full:https://registry.npmjs.org/zustand cache-hit
710 http fetch GET 200 https://registry.npmjs.org/troika-three-utils 174ms (cache miss)
711 silly packumentCache full:https://registry.npmjs.org/troika-three-utils set size:undefined disposed:false
712 http fetch GET 200 https://registry.npmjs.org/troika-worker-utils 185ms (cache miss)
713 silly packumentCache full:https://registry.npmjs.org/troika-worker-utils set size:undefined disposed:false
714 http fetch GET 200 https://registry.npmjs.org/webgl-sdf-generator 182ms (cache miss)
715 silly packumentCache full:https://registry.npmjs.org/webgl-sdf-generator set size:undefined disposed:false
716 http fetch GET 200 https://registry.npmjs.org/promise-worker-transferable 437ms (cache miss)
717 silly packumentCache full:https://registry.npmjs.org/promise-worker-transferable set size:undefined disposed:false
718 http fetch GET 200 https://registry.npmjs.org/@types%2foffscreencanvas 581ms (cache miss)
719 silly packumentCache full:https://registry.npmjs.org/@types%2foffscreencanvas set size:undefined disposed:false
720 http fetch GET 200 https://registry.npmjs.org/@use-gesture%2fcore 682ms (cache miss)
721 silly packumentCache full:https://registry.npmjs.org/@use-gesture%2fcore set size:undefined disposed:false
722 silly placeDep ROOT promise-worker-transferable@1.0.4 OK for: @monogrid/gainmap-js@3.4.0 want: ^1.0.4
723 silly fetch manifest is-promise@^2.1.0
724 silly packumentCache full:https://registry.npmjs.org/is-promise cache-miss
725 silly fetch manifest lie@^3.0.2
726 silly packumentCache full:https://registry.npmjs.org/lie cache-miss
727 http fetch GET 200 https://registry.npmjs.org/is-promise 40ms (cache miss)
728 silly packumentCache full:https://registry.npmjs.org/is-promise set size:undefined disposed:false
729 http fetch GET 200 https://registry.npmjs.org/lie 76ms (cache miss)
730 silly packumentCache full:https://registry.npmjs.org/lie set size:undefined disposed:false
731 silly fetch manifest react@>=19 <19.3
732 silly packumentCache full:https://registry.npmjs.org/react cache-miss
733 http cache https://registry.npmjs.org/react 12ms (cache hit)
734 silly packumentCache full:https://registry.npmjs.org/react set size:6466562 disposed:false
735 silly fetch manifest react-dom@>=19 <19.3
736 silly packumentCache full:https://registry.npmjs.org/react-dom cache-miss
737 http cache https://registry.npmjs.org/react-dom 16ms (cache hit)
738 silly packumentCache full:https://registry.npmjs.org/react-dom set size:8553406 disposed:false
739 silly placeDep ROOT @types/webxr@0.5.24 OK for: @react-three/fiber@9.5.0 want: *
740 silly placeDep ROOT base64-js@1.5.1 OK for: @react-three/fiber@9.5.0 want: ^1.5.1
741 silly placeDep ROOT buffer@6.0.3 OK for: @react-three/fiber@9.5.0 want: ^6.0.3
742 silly placeDep ROOT its-fine@2.0.0 OK for: @react-three/fiber@9.5.0 want: ^2.0.0
743 silly placeDep ROOT react-use-measure@2.1.7 OK for: @react-three/fiber@9.5.0 want: ^2.1.7
744 silly placeDep ROOT scheduler@0.27.0 OK for: @react-three/fiber@9.5.0 want: ^0.27.0
745 silly fetch manifest ieee754@^1.2.1
746 silly packumentCache full:https://registry.npmjs.org/ieee754 cache-miss
747 silly fetch manifest @types/react-reconciler@^0.28.9
748 silly packumentCache full:https://registry.npmjs.org/@types%2freact-reconciler cache-miss
749 http fetch GET 200 https://registry.npmjs.org/ieee754 44ms (cache miss)
750 silly packumentCache full:https://registry.npmjs.org/ieee754 set size:undefined disposed:false
751 http fetch GET 200 https://registry.npmjs.org/@types%2freact-reconciler 587ms (cache miss)
752 silly packumentCache full:https://registry.npmjs.org/@types%2freact-reconciler set size:undefined disposed:false
753 silly placeDep ROOT @alloc/quick-lru@5.2.0 OK for: @tailwindcss/postcss@4.1.18 want: ^5.2.0
754 silly placeDep ROOT @tailwindcss/node@4.1.18 OK for: @tailwindcss/postcss@4.1.18 want: 4.1.18
755 silly placeDep ROOT @tailwindcss/oxide@4.1.18 OK for: @tailwindcss/postcss@4.1.18 want: 4.1.18
756 silly placeDep ROOT postcss@8.5.6 OK for: @tailwindcss/postcss@4.1.18 want: ^8.4.41
757 silly fetch manifest jiti@^2.6.1
758 silly packumentCache full:https://registry.npmjs.org/jiti cache-miss
759 silly fetch manifest lightningcss@1.30.2
760 silly packumentCache full:https://registry.npmjs.org/lightningcss cache-miss
761 silly fetch manifest magic-string@^0.30.21
762 silly packumentCache full:https://registry.npmjs.org/magic-string cache-miss
763 silly fetch manifest source-map-js@^1.2.1
764 silly packumentCache full:https://registry.npmjs.org/source-map-js cache-miss
765 silly fetch manifest enhanced-resolve@^5.18.3
766 silly packumentCache full:https://registry.npmjs.org/enhanced-resolve cache-miss
767 silly fetch manifest @jridgewell/remapping@^2.3.4
768 silly packumentCache full:https://registry.npmjs.org/@jridgewell%2fremapping cache-miss
769 silly fetch manifest @tailwindcss/oxide-darwin-x64@4.1.18
770 silly packumentCache full:https://registry.npmjs.org/@tailwindcss%2foxide-darwin-x64 cache-miss
771 http cache https://registry.npmjs.org/jiti 10ms (cache hit)
772 silly packumentCache full:https://registry.npmjs.org/jiti set size:382310 disposed:false
773 silly fetch manifest @tailwindcss/oxide-freebsd-x64@4.1.18
774 silly packumentCache full:https://registry.npmjs.org/@tailwindcss%2foxide-freebsd-x64 cache-miss
775 http fetch GET 200 https://registry.npmjs.org/magic-string 46ms (cache miss)
776 silly packumentCache full:https://registry.npmjs.org/magic-string set size:undefined disposed:false
777 silly fetch manifest @tailwindcss/oxide-wasm32-wasi@4.1.18
778 silly packumentCache full:https://registry.npmjs.org/@tailwindcss%2foxide-wasm32-wasi cache-miss
779 http fetch GET 200 https://registry.npmjs.org/source-map-js 52ms (cache miss)
780 silly packumentCache full:https://registry.npmjs.org/source-map-js set size:undefined disposed:false
781 silly fetch manifest @tailwindcss/oxide-darwin-arm64@4.1.18
782 silly packumentCache full:https://registry.npmjs.org/@tailwindcss%2foxide-darwin-arm64 cache-miss
783 http fetch GET 200 https://registry.npmjs.org/@jridgewell%2fremapping 55ms (cache miss)
784 silly packumentCache full:https://registry.npmjs.org/@jridgewell%2fremapping set size:undefined disposed:false
785 silly fetch manifest @tailwindcss/oxide-android-arm64@4.1.18
786 silly packumentCache full:https://registry.npmjs.org/@tailwindcss%2foxide-android-arm64 cache-miss
787 http fetch GET 200 https://registry.npmjs.org/lightningcss 58ms (cache miss)
788 silly packumentCache full:https://registry.npmjs.org/lightningcss set size:undefined disposed:false
789 silly fetch manifest @tailwindcss/oxide-linux-x64-gnu@4.1.18
790 silly packumentCache full:https://registry.npmjs.org/@tailwindcss%2foxide-linux-x64-gnu cache-miss
791 http fetch GET 200 https://registry.npmjs.org/enhanced-resolve 62ms (cache miss)
792 silly packumentCache full:https://registry.npmjs.org/enhanced-resolve set size:undefined disposed:false
793 silly fetch manifest @tailwindcss/oxide-linux-x64-musl@4.1.18
794 silly packumentCache full:https://registry.npmjs.org/@tailwindcss%2foxide-linux-x64-musl cache-miss
795 http fetch GET 200 https://registry.npmjs.org/@tailwindcss%2foxide-linux-x64-musl 189ms (cache miss)
796 silly packumentCache full:https://registry.npmjs.org/@tailwindcss%2foxide-linux-x64-musl set size:undefined disposed:false
797 silly fetch manifest @tailwindcss/oxide-win32-x64-msvc@4.1.18
798 silly packumentCache full:https://registry.npmjs.org/@tailwindcss%2foxide-win32-x64-msvc cache-miss
799 http fetch GET 200 https://registry.npmjs.org/@tailwindcss%2foxide-freebsd-x64 329ms (cache miss)
800 silly packumentCache full:https://registry.npmjs.org/@tailwindcss%2foxide-freebsd-x64 set size:undefined disposed:false
801 silly fetch manifest @tailwindcss/oxide-linux-arm64-gnu@4.1.18
802 silly packumentCache full:https://registry.npmjs.org/@tailwindcss%2foxide-linux-arm64-gnu cache-miss
803 http fetch GET 200 https://registry.npmjs.org/@tailwindcss%2foxide-darwin-x64 364ms (cache miss)
804 silly packumentCache full:https://registry.npmjs.org/@tailwindcss%2foxide-darwin-x64 set size:undefined disposed:false
805 silly fetch manifest @tailwindcss/oxide-linux-arm64-musl@4.1.18
806 silly packumentCache full:https://registry.npmjs.org/@tailwindcss%2foxide-linux-arm64-musl cache-miss
807 http fetch GET 200 https://registry.npmjs.org/@tailwindcss%2foxide-linux-x64-gnu 325ms (cache miss)
808 silly packumentCache full:https://registry.npmjs.org/@tailwindcss%2foxide-linux-x64-gnu set size:undefined disposed:false
809 silly fetch manifest @tailwindcss/oxide-win32-arm64-msvc@4.1.18
810 silly packumentCache full:https://registry.npmjs.org/@tailwindcss%2foxide-win32-arm64-msvc cache-miss
811 http fetch GET 200 https://registry.npmjs.org/@tailwindcss%2foxide-win32-x64-msvc 170ms (cache miss)
812 silly packumentCache full:https://registry.npmjs.org/@tailwindcss%2foxide-win32-x64-msvc set size:undefined disposed:false
813 silly fetch manifest @tailwindcss/oxide-linux-arm-gnueabihf@4.1.18
814 silly packumentCache full:https://registry.npmjs.org/@tailwindcss%2foxide-linux-arm-gnueabihf cache-miss
815 http fetch GET 200 https://registry.npmjs.org/@tailwindcss%2foxide-wasm32-wasi 435ms (cache miss)
816 silly packumentCache full:https://registry.npmjs.org/@tailwindcss%2foxide-wasm32-wasi set size:undefined disposed:false
817 silly fetch manifest nanoid@^3.3.11
818 silly packumentCache full:https://registry.npmjs.org/nanoid cache-miss
819 http fetch GET 200 https://registry.npmjs.org/@tailwindcss%2foxide-android-arm64 437ms (cache miss)
820 silly packumentCache full:https://registry.npmjs.org/@tailwindcss%2foxide-android-arm64 set size:undefined disposed:false
821 silly fetch manifest picocolors@^1.1.1
822 silly packumentCache full:https://registry.npmjs.org/picocolors cache-miss
823 http fetch GET 200 https://registry.npmjs.org/@tailwindcss%2foxide-darwin-arm64 460ms (cache miss)
824 silly packumentCache full:https://registry.npmjs.org/@tailwindcss%2foxide-darwin-arm64 set size:undefined disposed:false
825 http fetch GET 200 https://registry.npmjs.org/nanoid 47ms (cache miss)
826 silly packumentCache full:https://registry.npmjs.org/nanoid set size:undefined disposed:false
827 http fetch GET 200 https://registry.npmjs.org/@tailwindcss%2foxide-linux-arm64-gnu 320ms (cache miss)
828 silly packumentCache full:https://registry.npmjs.org/@tailwindcss%2foxide-linux-arm64-gnu set size:undefined disposed:false
829 http fetch GET 200 https://registry.npmjs.org/picocolors 184ms (cache miss)
830 silly packumentCache full:https://registry.npmjs.org/picocolors set size:undefined disposed:false
831 http fetch GET 200 https://registry.npmjs.org/@tailwindcss%2foxide-linux-arm-gnueabihf 325ms (cache miss)
832 silly packumentCache full:https://registry.npmjs.org/@tailwindcss%2foxide-linux-arm-gnueabihf set size:undefined disposed:false
833 http fetch GET 200 https://registry.npmjs.org/@tailwindcss%2foxide-win32-arm64-msvc 423ms (cache miss)
834 silly packumentCache full:https://registry.npmjs.org/@tailwindcss%2foxide-win32-arm64-msvc set size:undefined disposed:false
835 http fetch GET 200 https://registry.npmjs.org/@tailwindcss%2foxide-linux-arm64-musl 464ms (cache miss)
836 silly packumentCache full:https://registry.npmjs.org/@tailwindcss%2foxide-linux-arm64-musl set size:undefined disposed:false
837 silly placeDep ROOT @jridgewell/remapping@2.3.5 OK for: @tailwindcss/node@4.1.18 want: ^2.3.4
838 silly placeDep ROOT enhanced-resolve@5.19.0 OK for: @tailwindcss/node@4.1.18 want: ^5.18.3
839 silly placeDep ROOT jiti@2.6.1 OK for: @tailwindcss/node@4.1.18 want: ^2.6.1
840 silly placeDep ROOT lightningcss@1.30.2 OK for: @tailwindcss/node@4.1.18 want: 1.30.2
841 silly placeDep ROOT magic-string@0.30.21 OK for: @tailwindcss/node@4.1.18 want: ^0.30.21
842 silly placeDep ROOT source-map-js@1.2.1 OK for: @tailwindcss/node@4.1.18 want: ^1.2.1
843 silly fetch manifest @jridgewell/gen-mapping@^0.3.5
844 silly packumentCache full:https://registry.npmjs.org/@jridgewell%2fgen-mapping cache-miss
845 silly fetch manifest @jridgewell/trace-mapping@^0.3.24
846 silly packumentCache full:https://registry.npmjs.org/@jridgewell%2ftrace-mapping cache-miss
847 silly fetch manifest graceful-fs@^4.2.4
848 silly packumentCache full:https://registry.npmjs.org/graceful-fs cache-miss
849 silly fetch manifest tapable@^2.3.0
850 silly packumentCache full:https://registry.npmjs.org/tapable cache-miss
851 silly fetch manifest detect-libc@^2.0.3
852 silly packumentCache full:https://registry.npmjs.org/detect-libc cache-miss
853 silly fetch manifest lightningcss-darwin-x64@1.30.2
854 silly packumentCache full:https://registry.npmjs.org/lightningcss-darwin-x64 cache-miss
855 silly fetch manifest lightningcss-freebsd-x64@1.30.2
856 silly packumentCache full:https://registry.npmjs.org/lightningcss-freebsd-x64 cache-miss
857 http fetch GET 200 https://registry.npmjs.org/tapable 43ms (cache miss)
858 silly packumentCache full:https://registry.npmjs.org/tapable set size:undefined disposed:false
859 silly fetch manifest lightningcss-darwin-arm64@1.30.2
860 silly packumentCache full:https://registry.npmjs.org/lightningcss-darwin-arm64 cache-miss
861 http fetch GET 200 https://registry.npmjs.org/graceful-fs 45ms (cache miss)
862 silly packumentCache full:https://registry.npmjs.org/graceful-fs set size:undefined disposed:false
863 silly fetch manifest lightningcss-android-arm64@1.30.2
864 silly packumentCache full:https://registry.npmjs.org/lightningcss-android-arm64 cache-miss
865 http fetch GET 200 https://registry.npmjs.org/@jridgewell%2fgen-mapping 54ms (cache miss)
866 silly packumentCache full:https://registry.npmjs.org/@jridgewell%2fgen-mapping set size:undefined disposed:false
867 silly fetch manifest lightningcss-linux-x64-gnu@1.30.2
868 silly packumentCache full:https://registry.npmjs.org/lightningcss-linux-x64-gnu cache-miss
869 http fetch GET 200 https://registry.npmjs.org/@jridgewell%2ftrace-mapping 55ms (cache miss)
870 silly packumentCache full:https://registry.npmjs.org/@jridgewell%2ftrace-mapping set size:undefined disposed:false
871 silly fetch manifest lightningcss-linux-x64-musl@1.30.2
872 silly packumentCache full:https://registry.npmjs.org/lightningcss-linux-x64-musl cache-miss
873 http fetch GET 200 https://registry.npmjs.org/detect-libc 63ms (cache miss)
874 silly packumentCache full:https://registry.npmjs.org/detect-libc set size:undefined disposed:false
875 silly fetch manifest lightningcss-win32-x64-msvc@1.30.2
876 silly packumentCache full:https://registry.npmjs.org/lightningcss-win32-x64-msvc cache-miss
877 http fetch GET 200 https://registry.npmjs.org/lightningcss-darwin-arm64 41ms (cache miss)
878 silly packumentCache full:https://registry.npmjs.org/lightningcss-darwin-arm64 set size:undefined disposed:false
879 silly fetch manifest lightningcss-linux-arm64-gnu@1.30.2
880 silly packumentCache full:https://registry.npmjs.org/lightningcss-linux-arm64-gnu cache-miss
881 http fetch GET 200 https://registry.npmjs.org/lightningcss-linux-x64-gnu 41ms (cache miss)
882 silly packumentCache full:https://registry.npmjs.org/lightningcss-linux-x64-gnu set size:undefined disposed:false
883 silly fetch manifest lightningcss-linux-arm64-musl@1.30.2
884 silly packumentCache full:https://registry.npmjs.org/lightningcss-linux-arm64-musl cache-miss
885 http fetch GET 200 https://registry.npmjs.org/lightningcss-win32-x64-msvc 42ms (cache miss)
886 silly packumentCache full:https://registry.npmjs.org/lightningcss-win32-x64-msvc set size:undefined disposed:false
887 silly fetch manifest lightningcss-win32-arm64-msvc@1.30.2
888 silly packumentCache full:https://registry.npmjs.org/lightningcss-win32-arm64-msvc cache-miss
889 http fetch GET 200 https://registry.npmjs.org/lightningcss-linux-arm64-gnu 41ms (cache miss)
890 silly packumentCache full:https://registry.npmjs.org/lightningcss-linux-arm64-gnu set size:undefined disposed:false
891 silly fetch manifest lightningcss-linux-arm-gnueabihf@1.30.2
892 silly packumentCache full:https://registry.npmjs.org/lightningcss-linux-arm-gnueabihf cache-miss
893 http fetch GET 200 https://registry.npmjs.org/lightningcss-linux-arm64-musl 41ms (cache miss)
894 silly packumentCache full:https://registry.npmjs.org/lightningcss-linux-arm64-musl set size:undefined disposed:false
895 silly fetch manifest @jridgewell/sourcemap-codec@^1.5.5
896 silly packumentCache full:https://registry.npmjs.org/@jridgewell%2fsourcemap-codec cache-miss
897 http fetch GET 200 https://registry.npmjs.org/lightningcss-win32-arm64-msvc 38ms (cache miss)
898 silly packumentCache full:https://registry.npmjs.org/lightningcss-win32-arm64-msvc set size:undefined disposed:false
899 http fetch GET 200 https://registry.npmjs.org/lightningcss-linux-arm-gnueabihf 40ms (cache miss)
900 silly packumentCache full:https://registry.npmjs.org/lightningcss-linux-arm-gnueabihf set size:undefined disposed:false
901 http fetch GET 200 https://registry.npmjs.org/lightningcss-freebsd-x64 176ms (cache miss)
902 silly packumentCache full:https://registry.npmjs.org/lightningcss-freebsd-x64 set size:undefined disposed:false
903 http fetch GET 200 https://registry.npmjs.org/lightningcss-darwin-x64 181ms (cache miss)
904 silly packumentCache full:https://registry.npmjs.org/lightningcss-darwin-x64 set size:undefined disposed:false
905 http fetch GET 200 https://registry.npmjs.org/@jridgewell%2fsourcemap-codec 61ms (cache miss)
906 silly packumentCache full:https://registry.npmjs.org/@jridgewell%2fsourcemap-codec set size:undefined disposed:false
907 http fetch GET 200 https://registry.npmjs.org/lightningcss-android-arm64 182ms (cache miss)
908 silly packumentCache full:https://registry.npmjs.org/lightningcss-android-arm64 set size:undefined disposed:false
909 http fetch GET 200 https://registry.npmjs.org/lightningcss-linux-x64-musl 183ms (cache miss)
910 silly packumentCache full:https://registry.npmjs.org/lightningcss-linux-x64-musl set size:undefined disposed:false
911 silly placeDep ROOT @jridgewell/gen-mapping@0.3.13 OK for: @jridgewell/remapping@2.3.5 want: ^0.3.5
912 silly placeDep ROOT @jridgewell/trace-mapping@0.3.31 OK for: @jridgewell/remapping@2.3.5 want: ^0.3.24
913 silly fetch manifest @jridgewell/sourcemap-codec@^1.5.0
914 silly packumentCache full:https://registry.npmjs.org/@jridgewell%2fsourcemap-codec cache-miss
915 silly fetch manifest @jridgewell/resolve-uri@^3.1.0
916 silly packumentCache full:https://registry.npmjs.org/@jridgewell%2fresolve-uri cache-miss
917 silly fetch manifest @jridgewell/sourcemap-codec@^1.4.14
918 silly packumentCache full:https://registry.npmjs.org/@jridgewell%2fsourcemap-codec cache-miss
919 http cache https://registry.npmjs.org/@jridgewell%2fsourcemap-codec 3ms (cache hit)
920 silly packumentCache full:https://registry.npmjs.org/@jridgewell%2fsourcemap-codec set size:59275 disposed:false
921 http cache https://registry.npmjs.org/@jridgewell%2fsourcemap-codec 3ms (cache hit)
922 silly packumentCache full:https://registry.npmjs.org/@jridgewell%2fsourcemap-codec set size:59275 disposed:false
923 silly packumentCache full:https://registry.npmjs.org/@jridgewell%2fsourcemap-codec dispose
924 http fetch GET 200 https://registry.npmjs.org/@jridgewell%2fresolve-uri 151ms (cache miss)
925 silly packumentCache full:https://registry.npmjs.org/@jridgewell%2fresolve-uri set size:undefined disposed:false
926 silly placeDep ROOT @jridgewell/sourcemap-codec@1.5.5 OK for: @jridgewell/gen-mapping@0.3.13 want: ^1.5.0
927 silly placeDep ROOT @jridgewell/resolve-uri@3.1.2 OK for: @jridgewell/trace-mapping@0.3.31 want: ^3.1.0
928 silly placeDep ROOT @tailwindcss/oxide-android-arm64@4.1.18 OK for: @tailwindcss/oxide@4.1.18 want: 4.1.18
929 silly placeDep ROOT @tailwindcss/oxide-darwin-arm64@4.1.18 OK for: @tailwindcss/oxide@4.1.18 want: 4.1.18
930 silly placeDep ROOT @tailwindcss/oxide-darwin-x64@4.1.18 OK for: @tailwindcss/oxide@4.1.18 want: 4.1.18
931 silly placeDep ROOT @tailwindcss/oxide-freebsd-x64@4.1.18 OK for: @tailwindcss/oxide@4.1.18 want: 4.1.18
932 silly placeDep ROOT @tailwindcss/oxide-linux-arm-gnueabihf@4.1.18 OK for: @tailwindcss/oxide@4.1.18 want: 4.1.18
933 silly placeDep ROOT @tailwindcss/oxide-linux-arm64-gnu@4.1.18 OK for: @tailwindcss/oxide@4.1.18 want: 4.1.18
934 silly placeDep ROOT @tailwindcss/oxide-linux-arm64-musl@4.1.18 OK for: @tailwindcss/oxide@4.1.18 want: 4.1.18
935 silly placeDep ROOT @tailwindcss/oxide-linux-x64-gnu@4.1.18 OK for: @tailwindcss/oxide@4.1.18 want: 4.1.18
936 silly placeDep ROOT @tailwindcss/oxide-linux-x64-musl@4.1.18 OK for: @tailwindcss/oxide@4.1.18 want: 4.1.18
937 silly placeDep ROOT @tailwindcss/oxide-wasm32-wasi@4.1.18 OK for: @tailwindcss/oxide@4.1.18 want: 4.1.18
938 silly placeDep ROOT @tailwindcss/oxide-win32-arm64-msvc@4.1.18 OK for: @tailwindcss/oxide@4.1.18 want: 4.1.18
939 silly placeDep ROOT @tailwindcss/oxide-win32-x64-msvc@4.1.18 OK for: @tailwindcss/oxide@4.1.18 want: 4.1.18
940 silly placeDep ROOT undici-types@6.21.0 OK for: @types/node@20.19.32 want: ~6.21.0
941 silly placeDep ROOT csstype@3.2.3 OK for: @types/react@19.2.13 want: ^3.2.2
942 silly placeDep ROOT @dimforge/rapier3d-compat@0.12.0 OK for: @types/three@0.182.0 want: ~0.12.0
943 silly placeDep ROOT @tweenjs/tween.js@23.1.3 OK for: @types/three@0.182.0 want: ~23.1.3
944 silly placeDep ROOT @types/stats.js@0.17.4 OK for: @types/three@0.182.0 want: *
945 silly placeDep ROOT @webgpu/types@0.1.69 OK for: @types/three@0.182.0 want: *
946 silly placeDep ROOT fflate@0.8.2 OK for: @types/three@0.182.0 want: ~0.8.2
947 silly placeDep ROOT meshoptimizer@0.22.0 OK for: @types/three@0.182.0 want: ~0.22.0
948 silly placeDep ROOT @use-gesture/core@10.3.1 OK for: @use-gesture/react@10.3.1 want: 10.3.1
949 silly placeDep ROOT ieee754@1.2.1 OK for: buffer@6.0.3 want: ^1.2.1
950 silly placeDep ROOT cross-spawn@7.0.6 OK for: cross-env@7.0.3 want: ^7.0.1
951 silly fetch manifest which@^2.0.1
952 silly packumentCache full:https://registry.npmjs.org/which cache-miss
953 silly fetch manifest path-key@^3.1.0
954 silly packumentCache full:https://registry.npmjs.org/path-key cache-miss
955 silly fetch manifest shebang-command@^2.0.0
956 silly packumentCache full:https://registry.npmjs.org/shebang-command cache-miss
957 http fetch GET 200 https://registry.npmjs.org/path-key 40ms (cache miss)
958 silly packumentCache full:https://registry.npmjs.org/path-key set size:undefined disposed:false
959 http fetch GET 200 https://registry.npmjs.org/shebang-command 41ms (cache miss)
960 silly packumentCache full:https://registry.npmjs.org/shebang-command set size:undefined disposed:false
961 http fetch GET 200 https://registry.npmjs.org/which 61ms (cache miss)
962 silly packumentCache full:https://registry.npmjs.org/which set size:undefined disposed:false
963 silly placeDep ROOT path-key@3.1.1 OK for: cross-spawn@7.0.6 want: ^3.1.0
964 silly placeDep ROOT shebang-command@2.0.0 OK for: cross-spawn@7.0.6 want: ^2.0.0
965 silly placeDep ROOT which@2.0.2 OK for: cross-spawn@7.0.6 want: ^2.0.1
966 silly fetch manifest shebang-regex@^3.0.0
967 silly packumentCache full:https://registry.npmjs.org/shebang-regex cache-miss
968 silly fetch manifest isexe@^2.0.0
969 silly packumentCache full:https://registry.npmjs.org/isexe cache-miss
970 http fetch GET 200 https://registry.npmjs.org/isexe 41ms (cache miss)
971 silly packumentCache full:https://registry.npmjs.org/isexe set size:undefined disposed:false
972 http fetch GET 200 https://registry.npmjs.org/shebang-regex 61ms (cache miss)
973 silly packumentCache full:https://registry.npmjs.org/shebang-regex set size:undefined disposed:false
974 silly placeDep ROOT webgl-constants@1.1.1 OK for: detect-gpu@5.0.70 want: ^1.1.1
975 silly placeDep ROOT graceful-fs@4.2.11 OK for: enhanced-resolve@5.19.0 want: ^4.2.4
976 silly placeDep ROOT tapable@2.3.0 OK for: enhanced-resolve@5.19.0 want: ^2.3.0
977 silly fetch manifest eslint@^6.0.0 || ^7.0.0 || >=8.0.0
978 silly packumentCache full:https://registry.npmjs.org/eslint cache-miss
979 http cache https://registry.npmjs.org/eslint 5ms (cache hit)
980 silly packumentCache full:https://registry.npmjs.org/eslint set size:1929113 disposed:false
981 silly placeDep ROOT @eslint-community/eslint-utils@4.9.1 OK for: eslint@9.39.2 want: ^4.8.0
982 silly placeDep ROOT @eslint-community/regexpp@4.12.2 OK for: eslint@9.39.2 want: ^4.12.1
983 silly placeDep ROOT @eslint/config-array@0.21.1 OK for: eslint@9.39.2 want: ^0.21.1
984 silly placeDep ROOT @eslint/config-helpers@0.4.2 OK for: eslint@9.39.2 want: ^0.4.2
985 silly placeDep ROOT @eslint/core@0.17.0 OK for: eslint@9.39.2 want: ^0.17.0
986 silly placeDep ROOT @eslint/eslintrc@3.3.3 OK for: eslint@9.39.2 want: ^3.3.1
987 silly placeDep ROOT @eslint/js@9.39.2 OK for: eslint@9.39.2 want: 9.39.2
988 silly placeDep ROOT @eslint/plugin-kit@0.4.1 OK for: eslint@9.39.2 want: ^0.4.1
989 silly placeDep ROOT @humanfs/node@0.16.7 OK for: eslint@9.39.2 want: ^0.16.6
990 silly placeDep ROOT @humanwhocodes/module-importer@1.0.1 OK for: eslint@9.39.2 want: ^1.0.1
991 silly placeDep ROOT @humanwhocodes/retry@0.4.3 OK for: eslint@9.39.2 want: ^0.4.2
992 silly placeDep ROOT @types/estree@1.0.8 OK for: eslint@9.39.2 want: ^1.0.6
993 silly placeDep ROOT ajv@6.12.6 OK for: eslint@9.39.2 want: ^6.12.4
994 silly placeDep ROOT chalk@4.1.2 OK for: eslint@9.39.2 want: ^4.0.0
995 silly placeDep ROOT debug@4.4.3 OK for: eslint@9.39.2 want: ^4.3.2
996 silly placeDep ROOT escape-string-regexp@4.0.0 OK for: eslint@9.39.2 want: ^4.0.0
997 silly placeDep ROOT eslint-scope@8.4.0 OK for: eslint@9.39.2 want: ^8.4.0
998 silly placeDep ROOT eslint-visitor-keys@4.2.1 OK for: eslint@9.39.2 want: ^4.2.1
999 silly placeDep ROOT espree@10.4.0 OK for: eslint@9.39.2 want: ^10.4.0
1000 silly placeDep ROOT esquery@1.7.0 OK for: eslint@9.39.2 want: ^1.5.0
1001 silly placeDep ROOT esutils@2.0.3 OK for: eslint@9.39.2 want: ^2.0.2
1002 silly placeDep ROOT fast-deep-equal@3.1.3 OK for: eslint@9.39.2 want: ^3.1.3
1003 silly placeDep ROOT file-entry-cache@8.0.0 OK for: eslint@9.39.2 want: ^8.0.0
1004 silly placeDep ROOT find-up@5.0.0 OK for: eslint@9.39.2 want: ^5.0.0
1005 silly placeDep ROOT glob-parent@6.0.2 OK for: eslint@9.39.2 want: ^6.0.2
1006 silly placeDep ROOT ignore@5.3.2 OK for: eslint@9.39.2 want: ^5.2.0
1007 silly placeDep ROOT imurmurhash@0.1.4 OK for: eslint@9.39.2 want: ^0.1.4
1008 silly placeDep ROOT is-glob@4.0.3 OK for: eslint@9.39.2 want: ^4.0.0
1009 silly placeDep ROOT json-stable-stringify-without-jsonify@1.0.1 OK for: eslint@9.39.2 want: ^1.0.1
1010 silly placeDep ROOT lodash.merge@4.6.2 OK for: eslint@9.39.2 want: ^4.6.2
1011 silly placeDep ROOT minimatch@3.1.2 OK for: eslint@9.39.2 want: ^3.1.2
1012 silly placeDep ROOT natural-compare@1.4.0 OK for: eslint@9.39.2 want: ^1.4.0
1013 silly placeDep ROOT optionator@0.9.4 OK for: eslint@9.39.2 want: ^0.9.3
1014 silly fetch manifest eslint-visitor-keys@^3.4.3
1015 silly packumentCache full:https://registry.npmjs.org/eslint-visitor-keys cache-miss
1016 silly fetch manifest debug@^4.3.1
1017 silly packumentCache full:https://registry.npmjs.org/debug cache-miss
1018 silly fetch manifest @eslint/object-schema@^2.1.7
1019 silly packumentCache full:https://registry.npmjs.org/@eslint%2fobject-schema cache-miss
1020 silly fetch manifest @types/json-schema@^7.0.15
1021 silly packumentCache full:https://registry.npmjs.org/@types%2fjson-schema cache-miss
1022 silly fetch manifest espree@^10.0.1
1023 silly packumentCache full:https://registry.npmjs.org/espree cache-miss
1024 silly fetch manifest globals@^14.0.0
1025 silly packumentCache full:https://registry.npmjs.org/globals cache-miss
1026 silly fetch manifest import-fresh@^3.2.1
1027 silly packumentCache full:https://registry.npmjs.org/import-fresh cache-miss
1028 http cache https://registry.npmjs.org/debug 4ms (cache hit)
1029 silly packumentCache full:https://registry.npmjs.org/debug set size:195840 disposed:false
1030 silly fetch manifest js-yaml@^4.1.1
1031 silly packumentCache full:https://registry.npmjs.org/js-yaml cache-miss
1032 http cache https://registry.npmjs.org/espree 5ms (cache hit)
1033 silly packumentCache full:https://registry.npmjs.org/espree set size:320553 disposed:false
1034 silly fetch manifest strip-json-comments@^3.1.1
1035 silly packumentCache full:https://registry.npmjs.org/strip-json-comments cache-miss
1036 http cache https://registry.npmjs.org/eslint-visitor-keys 8ms (cache hit)
1037 silly packumentCache full:https://registry.npmjs.org/eslint-visitor-keys set size:67352 disposed:false
1038 silly fetch manifest levn@^0.4.1
1039 silly packumentCache full:https://registry.npmjs.org/levn cache-miss
1040 http cache https://registry.npmjs.org/globals 8ms (cache hit)
1041 silly packumentCache full:https://registry.npmjs.org/globals set size:304921 disposed:false
1042 silly fetch manifest @humanwhocodes/retry@^0.4.0
1043 silly packumentCache full:https://registry.npmjs.org/@humanwhocodes%2fretry cache-miss
1044 http cache https://registry.npmjs.org/@humanwhocodes%2fretry 4ms (cache hit)
1045 silly packumentCache full:https://registry.npmjs.org/@humanwhocodes%2fretry set size:42348 disposed:false
1046 silly fetch manifest @humanfs/core@^0.19.1
1047 silly packumentCache full:https://registry.npmjs.org/@humanfs%2fcore cache-miss
1048 http fetch GET 200 https://registry.npmjs.org/import-fresh 42ms (cache miss)
1049 silly packumentCache full:https://registry.npmjs.org/import-fresh set size:undefined disposed:false
1050 silly fetch manifest uri-js@^4.2.2
1051 silly packumentCache full:https://registry.npmjs.org/uri-js cache-miss
1052 http fetch GET 200 https://registry.npmjs.org/@eslint%2fobject-schema 49ms (cache miss)
1053 silly packumentCache full:https://registry.npmjs.org/@eslint%2fobject-schema set size:undefined disposed:false
1054 silly fetch manifest fast-deep-equal@^3.1.1
1055 silly packumentCache full:https://registry.npmjs.org/fast-deep-equal cache-miss
1056 http fetch GET 200 https://registry.npmjs.org/@types%2fjson-schema 53ms (cache miss)
1057 silly packumentCache full:https://registry.npmjs.org/@types%2fjson-schema set size:undefined disposed:false
1058 silly fetch manifest json-schema-traverse@^0.4.1
1059 silly packumentCache full:https://registry.npmjs.org/json-schema-traverse cache-miss
1060 http cache https://registry.npmjs.org/fast-deep-equal 4ms (cache hit)
1061 silly packumentCache full:https://registry.npmjs.org/fast-deep-equal set size:48634 disposed:false
1062 silly fetch manifest fast-json-stable-stringify@^2.0.0
1063 silly packumentCache full:https://registry.npmjs.org/fast-json-stable-stringify cache-miss
1064 http fetch GET 200 https://registry.npmjs.org/levn 47ms (cache miss)
1065 silly packumentCache full:https://registry.npmjs.org/levn set size:undefined disposed:false
1066 silly fetch manifest ansi-styles@^4.1.0
1067 silly packumentCache full:https://registry.npmjs.org/ansi-styles cache-miss
1068 http fetch GET 200 https://registry.npmjs.org/strip-json-comments 49ms (cache miss)
1069 silly packumentCache full:https://registry.npmjs.org/strip-json-comments set size:undefined disposed:false
1070 silly fetch manifest supports-color@^7.1.0
1071 silly packumentCache full:https://registry.npmjs.org/supports-color cache-miss
1072 http fetch GET 200 https://registry.npmjs.org/js-yaml 52ms (cache miss)
1073 silly packumentCache full:https://registry.npmjs.org/js-yaml set size:undefined disposed:false
1074 silly fetch manifest ms@^2.1.3
1075 silly packumentCache full:https://registry.npmjs.org/ms cache-miss
1076 http fetch GET 200 https://registry.npmjs.org/uri-js 36ms (cache miss)
1077 silly packumentCache full:https://registry.npmjs.org/uri-js set size:undefined disposed:false
1078 silly fetch manifest esrecurse@^4.3.0
1079 silly packumentCache full:https://registry.npmjs.org/esrecurse cache-miss
1080 http fetch GET 200 https://registry.npmjs.org/json-schema-traverse 36ms (cache miss)
1081 silly packumentCache full:https://registry.npmjs.org/json-schema-traverse set size:undefined disposed:false
1082 silly fetch manifest estraverse@^5.2.0
1083 silly packumentCache full:https://registry.npmjs.org/estraverse cache-miss
1084 http fetch GET 200 https://registry.npmjs.org/fast-json-stable-stringify 39ms (cache miss)
1085 silly packumentCache full:https://registry.npmjs.org/fast-json-stable-stringify set size:undefined disposed:false
1086 silly fetch manifest acorn@^8.15.0
1087 silly packumentCache full:https://registry.npmjs.org/acorn cache-miss
1088 http fetch GET 200 https://registry.npmjs.org/supports-color 40ms (cache miss)
1089 silly packumentCache full:https://registry.npmjs.org/supports-color set size:undefined disposed:false
1090 silly fetch manifest acorn-jsx@^5.3.2
1091 silly packumentCache full:https://registry.npmjs.org/acorn-jsx cache-miss
1092 http fetch GET 200 https://registry.npmjs.org/ms 39ms (cache miss)
1093 silly packumentCache full:https://registry.npmjs.org/ms set size:undefined disposed:false
1094 silly fetch manifest estraverse@^5.1.0
1095 silly packumentCache full:https://registry.npmjs.org/estraverse cache-miss
1096 http fetch GET 200 https://registry.npmjs.org/ansi-styles 44ms (cache miss)
1097 silly packumentCache full:https://registry.npmjs.org/ansi-styles set size:undefined disposed:false
1098 silly fetch manifest flat-cache@^4.0.0
1099 silly packumentCache full:https://registry.npmjs.org/flat-cache cache-miss
1100 http fetch GET 200 https://registry.npmjs.org/esrecurse 42ms (cache miss)
1101 silly packumentCache full:https://registry.npmjs.org/esrecurse set size:undefined disposed:false
1102 silly fetch manifest locate-path@^6.0.0
1103 silly packumentCache full:https://registry.npmjs.org/locate-path cache-miss
1104 http fetch GET 200 https://registry.npmjs.org/estraverse 45ms (cache miss)
1105 silly packumentCache full:https://registry.npmjs.org/estraverse set size:undefined disposed:false
1106 silly fetch manifest path-exists@^4.0.0
1107 silly packumentCache full:https://registry.npmjs.org/path-exists cache-miss
1108 http fetch GET 200 https://registry.npmjs.org/acorn-jsx 39ms (cache miss)
1109 silly packumentCache full:https://registry.npmjs.org/acorn-jsx set size:undefined disposed:false
1110 silly fetch manifest is-glob@^4.0.3
1111 silly packumentCache full:https://registry.npmjs.org/is-glob cache-miss
1112 http fetch GET 200 https://registry.npmjs.org/estraverse 43ms (cache miss)
1113 silly packumentCache full:https://registry.npmjs.org/estraverse set size:undefined disposed:false
1114 silly fetch manifest is-extglob@^2.1.1
1115 silly packumentCache full:https://registry.npmjs.org/is-extglob cache-miss
1116 http cache https://registry.npmjs.org/is-glob 5ms (cache hit)
1117 silly packumentCache full:https://registry.npmjs.org/is-glob set size:40530 disposed:false
1118 silly fetch manifest brace-expansion@^1.1.7
1119 silly packumentCache full:https://registry.npmjs.org/brace-expansion cache-miss
1120 http fetch GET 200 https://registry.npmjs.org/flat-cache 42ms (cache miss)
1121 silly packumentCache full:https://registry.npmjs.org/flat-cache set size:undefined disposed:false
1122 silly fetch manifest prelude-ls@^1.2.1
1123 silly packumentCache full:https://registry.npmjs.org/prelude-ls cache-miss
1124 http fetch GET 200 https://registry.npmjs.org/acorn 53ms (cache miss)
1125 silly packumentCache full:https://registry.npmjs.org/acorn set size:undefined disposed:false
1126 silly fetch manifest deep-is@^0.1.3
1127 silly packumentCache full:https://registry.npmjs.org/deep-is cache-miss
1128 http fetch GET 200 https://registry.npmjs.org/locate-path 39ms (cache miss)
1129 silly packumentCache full:https://registry.npmjs.org/locate-path set size:undefined disposed:false
1130 silly fetch manifest word-wrap@^1.2.5
1131 silly packumentCache full:https://registry.npmjs.org/word-wrap cache-miss
1132 http fetch GET 200 https://registry.npmjs.org/@humanfs%2fcore 154ms (cache miss)
1133 silly packumentCache full:https://registry.npmjs.org/@humanfs%2fcore set size:undefined disposed:false
1134 silly fetch manifest type-check@^0.4.0
1135 silly packumentCache full:https://registry.npmjs.org/type-check cache-miss
1136 http fetch GET 200 https://registry.npmjs.org/brace-expansion 35ms (cache miss)
1137 silly packumentCache full:https://registry.npmjs.org/brace-expansion set size:undefined disposed:false
1138 silly fetch manifest fast-levenshtein@^2.0.6
1139 silly packumentCache full:https://registry.npmjs.org/fast-levenshtein cache-miss
1140 http fetch GET 200 https://registry.npmjs.org/is-extglob 38ms (cache miss)
1141 silly packumentCache full:https://registry.npmjs.org/is-extglob set size:undefined disposed:false
1142 http fetch GET 200 https://registry.npmjs.org/path-exists 47ms (cache miss)
1143 silly packumentCache full:https://registry.npmjs.org/path-exists set size:undefined disposed:false
1144 http fetch GET 200 https://registry.npmjs.org/deep-is 41ms (cache miss)
1145 silly packumentCache full:https://registry.npmjs.org/deep-is set size:undefined disposed:false
1146 http fetch GET 200 https://registry.npmjs.org/prelude-ls 49ms (cache miss)
1147 silly packumentCache full:https://registry.npmjs.org/prelude-ls set size:undefined disposed:false
1148 http fetch GET 200 https://registry.npmjs.org/word-wrap 43ms (cache miss)
1149 silly packumentCache full:https://registry.npmjs.org/word-wrap set size:undefined disposed:false
1150 http fetch GET 200 https://registry.npmjs.org/type-check 37ms (cache miss)
1151 silly packumentCache full:https://registry.npmjs.org/type-check set size:undefined disposed:false
1152 http fetch GET 200 https://registry.npmjs.org/fast-levenshtein 35ms (cache miss)
1153 silly packumentCache full:https://registry.npmjs.org/fast-levenshtein set size:undefined disposed:false
1154 silly placeDep node_modules/@eslint-community/eslint-utils eslint-visitor-keys@3.4.3 OK for: @eslint-community/eslint-utils@4.9.1 want: ^3.4.3
1155 silly placeDep ROOT @eslint/object-schema@2.1.7 OK for: @eslint/config-array@0.21.1 want: ^2.1.7
1156 silly placeDep ROOT @types/json-schema@7.0.15 OK for: @eslint/core@0.17.0 want: ^7.0.15
1157 silly placeDep ROOT globals@14.0.0 OK for: @eslint/eslintrc@3.3.3 want: ^14.0.0
1158 silly placeDep ROOT import-fresh@3.3.1 OK for: @eslint/eslintrc@3.3.3 want: ^3.2.1
1159 silly placeDep ROOT js-yaml@4.1.1 OK for: @eslint/eslintrc@3.3.3 want: ^4.1.1
1160 silly placeDep ROOT strip-json-comments@3.1.1 OK for: @eslint/eslintrc@3.3.3 want: ^3.1.1
1161 silly fetch manifest parent-module@^1.0.0
1162 silly packumentCache full:https://registry.npmjs.org/parent-module cache-miss
1163 silly fetch manifest resolve-from@^4.0.0
1164 silly packumentCache full:https://registry.npmjs.org/resolve-from cache-miss
1165 silly fetch manifest argparse@^2.0.1
1166 silly packumentCache full:https://registry.npmjs.org/argparse cache-miss
1167 http fetch GET 200 https://registry.npmjs.org/argparse 38ms (cache miss)
1168 silly packumentCache full:https://registry.npmjs.org/argparse set size:undefined disposed:false
1169 http fetch GET 200 https://registry.npmjs.org/resolve-from 42ms (cache miss)
1170 silly packumentCache full:https://registry.npmjs.org/resolve-from set size:undefined disposed:false
1171 http fetch GET 200 https://registry.npmjs.org/parent-module 47ms (cache miss)
1172 silly packumentCache full:https://registry.npmjs.org/parent-module set size:undefined disposed:false
1173 silly placeDep ROOT levn@0.4.1 OK for: @eslint/plugin-kit@0.4.1 want: ^0.4.1
1174 silly fetch manifest type-check@~0.4.0
1175 silly packumentCache full:https://registry.npmjs.org/type-check cache-miss
1176 http cache https://registry.npmjs.org/type-check 4ms (cache hit)
1177 silly packumentCache full:https://registry.npmjs.org/type-check set size:21221 disposed:false
1178 silly placeDep ROOT @humanfs/core@0.19.1 OK for: @humanfs/node@0.16.7 want: ^0.19.1
1179 silly placeDep ROOT fast-json-stable-stringify@2.1.0 OK for: ajv@6.12.6 want: ^2.0.0
1180 silly placeDep ROOT json-schema-traverse@0.4.1 OK for: ajv@6.12.6 want: ^0.4.1
1181 silly placeDep ROOT uri-js@4.4.1 OK for: ajv@6.12.6 want: ^4.2.2
1182 silly fetch manifest punycode@^2.1.0
1183 silly packumentCache full:https://registry.npmjs.org/punycode cache-miss
1184 http fetch GET 200 https://registry.npmjs.org/punycode 38ms (cache miss)
1185 silly packumentCache full:https://registry.npmjs.org/punycode set size:undefined disposed:false
1186 silly placeDep ROOT ansi-styles@4.3.0 OK for: chalk@4.1.2 want: ^4.1.0
1187 silly placeDep ROOT supports-color@7.2.0 OK for: chalk@4.1.2 want: ^7.1.0
1188 silly fetch manifest color-convert@^2.0.1
1189 silly packumentCache full:https://registry.npmjs.org/color-convert cache-miss
1190 silly fetch manifest has-flag@^4.0.0
1191 silly packumentCache full:https://registry.npmjs.org/has-flag cache-miss
1192 http fetch GET 200 https://registry.npmjs.org/has-flag 40ms (cache miss)
1193 silly packumentCache full:https://registry.npmjs.org/has-flag set size:undefined disposed:false
1194 http fetch GET 200 https://registry.npmjs.org/color-convert 42ms (cache miss)
1195 silly packumentCache full:https://registry.npmjs.org/color-convert set size:undefined disposed:false
1196 silly placeDep ROOT color-convert@2.0.1 OK for: ansi-styles@4.3.0 want: ^2.0.1
1197 silly fetch manifest color-name@~1.1.4
1198 silly packumentCache full:https://registry.npmjs.org/color-name cache-miss
1199 http fetch GET 200 https://registry.npmjs.org/color-name 40ms (cache miss)
1200 silly packumentCache full:https://registry.npmjs.org/color-name set size:undefined disposed:false
1201 silly placeDep ROOT color-name@1.1.4 OK for: color-convert@2.0.1 want: ~1.1.4
1202 silly placeDep ROOT ms@2.1.3 OK for: debug@4.4.3 want: ^2.1.3
1203 silly fetch manifest eslint@>=9.0.0
1204 silly packumentCache full:https://registry.npmjs.org/eslint cache-miss
1205 http cache https://registry.npmjs.org/eslint 4ms (cache hit)
1206 silly packumentCache full:https://registry.npmjs.org/eslint set size:1929113 disposed:false
1207 silly fetch manifest eslint@^8.57.0 || ^9.0.0
1208 silly packumentCache full:https://registry.npmjs.org/eslint cache-miss
1209 http cache https://registry.npmjs.org/eslint 3ms (cache hit)
1210 silly packumentCache full:https://registry.npmjs.org/eslint set size:1929113 disposed:false
1211 silly fetch manifest typescript@>=3.3.1
1212 silly packumentCache full:https://registry.npmjs.org/typescript cache-miss
1213 http cache https://registry.npmjs.org/typescript 22ms (cache hit)
1214 silly packumentCache full:https://registry.npmjs.org/typescript set size:15216073 disposed:false
1215 silly fetch manifest eslint@^3 || ^4 || ^5 || ^6 || ^7 || ^8 || ^9.7
1216 silly packumentCache full:https://registry.npmjs.org/eslint cache-miss
1217 http cache https://registry.npmjs.org/eslint 4ms (cache hit)
1218 silly packumentCache full:https://registry.npmjs.org/eslint set size:1929113 disposed:false
1219 silly fetch manifest eslint@^2 || ^3 || ^4 || ^5 || ^6 || ^7.2.0 || ^8 || ^9
1220 silly packumentCache full:https://registry.npmjs.org/eslint cache-miss
1221 http cache https://registry.npmjs.org/eslint 6ms (cache hit)
1222 silly packumentCache full:https://registry.npmjs.org/eslint set size:1929113 disposed:false
1223 silly fetch manifest eslint@^3 || ^4 || ^5 || ^6 || ^7 || ^8 || ^9
1224 silly packumentCache full:https://registry.npmjs.org/eslint cache-miss
1225 http cache https://registry.npmjs.org/eslint 3ms (cache hit)
1226 silly packumentCache full:https://registry.npmjs.org/eslint set size:1929113 disposed:false
1227 silly fetch manifest eslint@^3.0.0 || ^4.0.0 || ^5.0.0 || ^6.0.0 || ^7.0.0 || ^8.0.0-0 || ^9.0.0
1228 silly packumentCache full:https://registry.npmjs.org/eslint cache-miss
1229 http cache https://registry.npmjs.org/eslint 3ms (cache hit)
1230 silly packumentCache full:https://registry.npmjs.org/eslint set size:1929113 disposed:false
1231 silly fetch manifest eslint-plugin-import-x@*
1232 silly packumentCache full:https://registry.npmjs.org/eslint-plugin-import-x cache-miss
1233 http fetch GET 200 https://registry.npmjs.org/eslint-plugin-import-x 54ms (cache miss)
1234 silly packumentCache full:https://registry.npmjs.org/eslint-plugin-import-x set size:undefined disposed:false
1235 silly fetch manifest @typescript-eslint/utils@^8.0.0
1236 silly packumentCache full:https://registry.npmjs.org/@typescript-eslint%2futils cache-miss
1237 http fetch GET 200 https://registry.npmjs.org/@typescript-eslint%2futils 267ms (cache miss)
1238 silly packumentCache full:https://registry.npmjs.org/@typescript-eslint%2futils set size:undefined disposed:false
1239 silly placeDep ROOT @next/eslint-plugin-next@16.1.6 OK for: eslint-config-next@16.1.6 want: 16.1.6
1240 silly placeDep ROOT eslint-import-resolver-node@0.3.9 OK for: eslint-config-next@16.1.6 want: ^0.3.6
1241 silly placeDep ROOT eslint-import-resolver-typescript@3.10.1 OK for: eslint-config-next@16.1.6 want: ^3.5.2
1242 silly placeDep ROOT eslint-plugin-import@2.32.0 OK for: eslint-config-next@16.1.6 want: ^2.32.0
1243 silly placeDep ROOT eslint-plugin-jsx-a11y@6.10.2 OK for: eslint-config-next@16.1.6 want: ^6.10.0
1244 silly placeDep ROOT eslint-plugin-react@7.37.5 OK for: eslint-config-next@16.1.6 want: ^7.37.0
1245 silly placeDep ROOT eslint-plugin-react-hooks@7.0.1 OK for: eslint-config-next@16.1.6 want: ^7.0.0
1246 silly placeDep node_modules/eslint-config-next globals@16.4.0 OK for: eslint-config-next@16.1.6 want: 16.4.0
1247 silly placeDep ROOT typescript-eslint@8.54.0 OK for: eslint-config-next@16.1.6 want: ^8.46.0
1248 silly fetch manifest fast-glob@3.3.1
1249 silly packumentCache full:https://registry.npmjs.org/fast-glob cache-miss
1250 silly fetch manifest debug@^3.2.7
1251 silly packumentCache full:https://registry.npmjs.org/debug cache-hit
1252 silly fetch manifest is-core-module@^2.13.0
1253 silly packumentCache full:https://registry.npmjs.org/is-core-module cache-miss
1254 silly fetch manifest resolve@^1.22.4
1255 silly packumentCache full:https://registry.npmjs.org/resolve cache-miss
1256 silly fetch manifest tinyglobby@^0.2.13
1257 silly packumentCache full:https://registry.npmjs.org/tinyglobby cache-miss
1258 silly fetch manifest stable-hash@^0.0.5
1259 silly packumentCache full:https://registry.npmjs.org/stable-hash cache-miss
1260 silly fetch manifest get-tsconfig@^4.10.0
1261 silly packumentCache full:https://registry.npmjs.org/get-tsconfig cache-miss
1262 silly fetch manifest is-bun-module@^2.0.0
1263 silly packumentCache full:https://registry.npmjs.org/is-bun-module cache-miss
1264 http fetch GET 200 https://registry.npmjs.org/stable-hash 43ms (cache miss)
1265 silly packumentCache full:https://registry.npmjs.org/stable-hash set size:undefined disposed:false
1266 silly fetch manifest unrs-resolver@^1.6.2
1267 silly packumentCache full:https://registry.npmjs.org/unrs-resolver cache-miss
1268 http fetch GET 200 https://registry.npmjs.org/tinyglobby 43ms (cache miss)
1269 silly packumentCache full:https://registry.npmjs.org/tinyglobby set size:undefined disposed:false
1270 silly fetch manifest @nolyfill/is-core-module@1.0.39
1271 silly packumentCache full:https://registry.npmjs.org/@nolyfill%2fis-core-module cache-miss
1272 http fetch GET 200 https://registry.npmjs.org/get-tsconfig 44ms (cache miss)
1273 silly packumentCache full:https://registry.npmjs.org/get-tsconfig set size:undefined disposed:false
1274 silly fetch manifest @rtsao/scc@^1.1.0
1275 silly packumentCache full:https://registry.npmjs.org/@rtsao%2fscc cache-miss
1276 http fetch GET 200 https://registry.npmjs.org/is-bun-module 44ms (cache miss)
1277 silly packumentCache full:https://registry.npmjs.org/is-bun-module set size:undefined disposed:false
1278 silly fetch manifest array-includes@^3.1.9
1279 silly packumentCache full:https://registry.npmjs.org/array-includes cache-miss
1280 http fetch GET 200 https://registry.npmjs.org/fast-glob 47ms (cache miss)
1281 silly packumentCache full:https://registry.npmjs.org/fast-glob set size:undefined disposed:false
1282 silly fetch manifest array.prototype.findlastindex@^1.2.6
1283 silly packumentCache full:https://registry.npmjs.org/array.prototype.findlastindex cache-miss
1284 http fetch GET 200 https://registry.npmjs.org/is-core-module 48ms (cache miss)
1285 silly packumentCache full:https://registry.npmjs.org/is-core-module set size:undefined disposed:false
1286 silly fetch manifest array.prototype.flat@^1.3.3
1287 silly packumentCache full:https://registry.npmjs.org/array.prototype.flat cache-miss
1288 http fetch GET 200 https://registry.npmjs.org/resolve 49ms (cache miss)
1289 silly packumentCache full:https://registry.npmjs.org/resolve set size:undefined disposed:false
1290 silly fetch manifest array.prototype.flatmap@^1.3.3
1291 silly packumentCache full:https://registry.npmjs.org/array.prototype.flatmap cache-miss
1292 http fetch GET 200 https://registry.npmjs.org/unrs-resolver 37ms (cache miss)
1293 silly packumentCache full:https://registry.npmjs.org/unrs-resolver set size:undefined disposed:false
1294 silly fetch manifest doctrine@^2.1.0
1295 silly packumentCache full:https://registry.npmjs.org/doctrine cache-miss
1296 http fetch GET 200 https://registry.npmjs.org/array.prototype.findlastindex 38ms (cache miss)
1297 silly packumentCache full:https://registry.npmjs.org/array.prototype.findlastindex set size:undefined disposed:false
1298 silly fetch manifest eslint-module-utils@^2.12.1
1299 silly packumentCache full:https://registry.npmjs.org/eslint-module-utils cache-miss
1300 http fetch GET 200 https://registry.npmjs.org/array-includes 41ms (cache miss)
1301 silly packumentCache full:https://registry.npmjs.org/array-includes set size:undefined disposed:false
1302 silly fetch manifest hasown@^2.0.2
1303 silly packumentCache full:https://registry.npmjs.org/hasown cache-miss
1304 http fetch GET 200 https://registry.npmjs.org/array.prototype.flat 41ms (cache miss)
1305 silly packumentCache full:https://registry.npmjs.org/array.prototype.flat set size:undefined disposed:false
1306 silly fetch manifest is-core-module@^2.16.1
1307 silly packumentCache full:https://registry.npmjs.org/is-core-module cache-miss
1308 http cache https://registry.npmjs.org/is-core-module 1ms (cache hit)
1309 silly packumentCache full:https://registry.npmjs.org/is-core-module set size:71788 disposed:false
1310 silly fetch manifest object.fromentries@^2.0.8
1311 silly packumentCache full:https://registry.npmjs.org/object.fromentries cache-miss
1312 http fetch GET 200 https://registry.npmjs.org/@rtsao%2fscc 49ms (cache miss)
1313 silly packumentCache full:https://registry.npmjs.org/@rtsao%2fscc set size:undefined disposed:false
1314 silly fetch manifest object.groupby@^1.0.3
1315 silly packumentCache full:https://registry.npmjs.org/object.groupby cache-miss
1316 http fetch GET 200 https://registry.npmjs.org/doctrine 38ms (cache miss)
1317 silly packumentCache full:https://registry.npmjs.org/doctrine set size:undefined disposed:false
1318 silly fetch manifest object.values@^1.2.1
1319 silly packumentCache full:https://registry.npmjs.org/object.values cache-miss
1320 http fetch GET 200 https://registry.npmjs.org/hasown 39ms (cache miss)
1321 silly packumentCache full:https://registry.npmjs.org/hasown set size:undefined disposed:false
1322 silly fetch manifest semver@^6.3.1
1323 silly packumentCache full:https://registry.npmjs.org/semver cache-miss
1324 http fetch GET 200 https://registry.npmjs.org/eslint-module-utils 43ms (cache miss)
1325 silly packumentCache full:https://registry.npmjs.org/eslint-module-utils set size:undefined disposed:false
1326 silly fetch manifest string.prototype.trimend@^1.0.9
1327 silly packumentCache full:https://registry.npmjs.org/string.prototype.trimend cache-miss
1328 http fetch GET 200 https://registry.npmjs.org/object.groupby 38ms (cache miss)
1329 silly packumentCache full:https://registry.npmjs.org/object.groupby set size:undefined disposed:false
1330 silly fetch manifest tsconfig-paths@^3.15.0
1331 silly packumentCache full:https://registry.npmjs.org/tsconfig-paths cache-miss
1332 http fetch GET 200 https://registry.npmjs.org/object.fromentries 43ms (cache miss)
1333 silly packumentCache full:https://registry.npmjs.org/object.fromentries set size:undefined disposed:false
1334 silly fetch manifest aria-query@^5.3.2
1335 silly packumentCache full:https://registry.npmjs.org/aria-query cache-miss
1336 http fetch GET 200 https://registry.npmjs.org/object.values 43ms (cache miss)
1337 silly packumentCache full:https://registry.npmjs.org/object.values set size:undefined disposed:false
1338 silly fetch manifest array-includes@^3.1.8
1339 silly packumentCache full:https://registry.npmjs.org/array-includes cache-miss
1340 http fetch GET 200 https://registry.npmjs.org/string.prototype.trimend 37ms (cache miss)
1341 silly packumentCache full:https://registry.npmjs.org/string.prototype.trimend set size:undefined disposed:false
1342 silly fetch manifest array.prototype.flatmap@^1.3.2
1343 silly packumentCache full:https://registry.npmjs.org/array.prototype.flatmap cache-miss
1344 http cache https://registry.npmjs.org/array-includes 2ms (cache hit)
1345 silly packumentCache full:https://registry.npmjs.org/array-includes set size:77143 disposed:false
1346 silly fetch manifest ast-types-flow@^0.0.8
1347 silly packumentCache full:https://registry.npmjs.org/ast-types-flow cache-miss
1348 http fetch GET 200 https://registry.npmjs.org/tsconfig-paths 42ms (cache miss)
1349 silly packumentCache full:https://registry.npmjs.org/tsconfig-paths set size:undefined disposed:false
1350 silly fetch manifest axe-core@^4.10.0
1351 silly packumentCache full:https://registry.npmjs.org/axe-core cache-miss
1352 http fetch GET 200 https://registry.npmjs.org/semver 49ms (cache miss)
1353 silly packumentCache full:https://registry.npmjs.org/semver set size:undefined disposed:false
1354 silly fetch manifest axobject-query@^4.1.0
1355 silly packumentCache full:https://registry.npmjs.org/axobject-query cache-miss
1356 http fetch GET 200 https://registry.npmjs.org/aria-query 46ms (cache miss)
1357 silly packumentCache full:https://registry.npmjs.org/aria-query set size:undefined disposed:false
1358 silly fetch manifest damerau-levenshtein@^1.0.8
1359 silly packumentCache full:https://registry.npmjs.org/damerau-levenshtein cache-miss
1360 http fetch GET 200 https://registry.npmjs.org/ast-types-flow 38ms (cache miss)
1361 silly packumentCache full:https://registry.npmjs.org/ast-types-flow set size:undefined disposed:false
1362 silly fetch manifest emoji-regex@^9.2.2
1363 silly packumentCache full:https://registry.npmjs.org/emoji-regex cache-miss
1364 http fetch GET 200 https://registry.npmjs.org/@nolyfill%2fis-core-module 168ms (cache miss)
1365 silly packumentCache full:https://registry.npmjs.org/@nolyfill%2fis-core-module set size:undefined disposed:false
1366 silly fetch manifest jsx-ast-utils@^3.3.5
1367 silly packumentCache full:https://registry.npmjs.org/jsx-ast-utils cache-miss
1368 http fetch GET 200 https://registry.npmjs.org/axobject-query 37ms (cache miss)
1369 silly packumentCache full:https://registry.npmjs.org/axobject-query set size:undefined disposed:false
1370 silly fetch manifest language-tags@^1.0.9
1371 silly packumentCache full:https://registry.npmjs.org/language-tags cache-miss
1372 http fetch GET 200 https://registry.npmjs.org/damerau-levenshtein 43ms (cache miss)
1373 silly packumentCache full:https://registry.npmjs.org/damerau-levenshtein set size:undefined disposed:false
1374 silly fetch manifest safe-regex-test@^1.0.3
1375 silly packumentCache full:https://registry.npmjs.org/safe-regex-test cache-miss
1376 http fetch GET 200 https://registry.npmjs.org/array.prototype.flatmap 176ms (cache miss)
1377 silly packumentCache full:https://registry.npmjs.org/array.prototype.flatmap set size:undefined disposed:false
1378 silly fetch manifest string.prototype.includes@^2.0.1
1379 silly packumentCache full:https://registry.npmjs.org/string.prototype.includes cache-miss
1380 http fetch GET 200 https://registry.npmjs.org/array.prototype.flatmap 62ms (cache miss)
1381 silly packumentCache full:https://registry.npmjs.org/array.prototype.flatmap set size:undefined disposed:false
1382 silly fetch manifest array.prototype.findlast@^1.2.5
1383 silly packumentCache full:https://registry.npmjs.org/array.prototype.findlast cache-miss
1384 http fetch GET 200 https://registry.npmjs.org/emoji-regex 42ms (cache miss)
1385 silly packumentCache full:https://registry.npmjs.org/emoji-regex set size:undefined disposed:false
1386 silly fetch manifest array.prototype.tosorted@^1.1.4
1387 silly packumentCache full:https://registry.npmjs.org/array.prototype.tosorted cache-miss
1388 http fetch GET 200 https://registry.npmjs.org/jsx-ast-utils 40ms (cache miss)
1389 silly packumentCache full:https://registry.npmjs.org/jsx-ast-utils set size:undefined disposed:false
1390 silly fetch manifest es-iterator-helpers@^1.2.1
1391 silly packumentCache full:https://registry.npmjs.org/es-iterator-helpers cache-miss
1392 http fetch GET 200 https://registry.npmjs.org/language-tags 43ms (cache miss)
1393 silly packumentCache full:https://registry.npmjs.org/language-tags set size:undefined disposed:false
1394 silly fetch manifest estraverse@^5.3.0
1395 silly packumentCache full:https://registry.npmjs.org/estraverse cache-miss
1396 http cache https://registry.npmjs.org/estraverse 1ms (cache hit)
1397 silly packumentCache full:https://registry.npmjs.org/estraverse set size:62412 disposed:false
1398 silly fetch manifest jsx-ast-utils@^2.4.1 || ^3.0.0
1399 silly packumentCache full:https://registry.npmjs.org/jsx-ast-utils cache-miss
1400 http cache https://registry.npmjs.org/jsx-ast-utils 2ms (cache hit)
1401 silly packumentCache full:https://registry.npmjs.org/jsx-ast-utils set size:115998 disposed:false
1402 silly fetch manifest object.entries@^1.1.9
1403 silly packumentCache full:https://registry.npmjs.org/object.entries cache-miss
1404 http fetch GET 200 https://registry.npmjs.org/string.prototype.includes 40ms (cache miss)
1405 silly packumentCache full:https://registry.npmjs.org/string.prototype.includes set size:undefined disposed:false
1406 silly fetch manifest prop-types@^15.8.1
1407 silly packumentCache full:https://registry.npmjs.org/prop-types cache-miss
1408 http fetch GET 200 https://registry.npmjs.org/array.prototype.findlast 42ms (cache miss)
1409 silly packumentCache full:https://registry.npmjs.org/array.prototype.findlast set size:undefined disposed:false
1410 silly fetch manifest resolve@^2.0.0-next.5
1411 silly packumentCache full:https://registry.npmjs.org/resolve cache-miss
1412 http cache https://registry.npmjs.org/resolve 2ms (cache hit)
1413 silly packumentCache full:https://registry.npmjs.org/resolve set size:246681 disposed:false
1414 silly fetch manifest string.prototype.matchall@^4.0.12
1415 silly packumentCache full:https://registry.npmjs.org/string.prototype.matchall cache-miss
1416 http fetch GET 200 https://registry.npmjs.org/safe-regex-test 49ms (cache miss)
1417 silly packumentCache full:https://registry.npmjs.org/safe-regex-test set size:undefined disposed:false
1418 silly fetch manifest string.prototype.repeat@^1.0.0
1419 silly packumentCache full:https://registry.npmjs.org/string.prototype.repeat cache-miss
1420 http fetch GET 200 https://registry.npmjs.org/array.prototype.tosorted 38ms (cache miss)
1421 silly packumentCache full:https://registry.npmjs.org/array.prototype.tosorted set size:undefined disposed:false
1422 silly fetch manifest zod@^3.25.0 || ^4.0.0
1423 silly packumentCache full:https://registry.npmjs.org/zod cache-miss
1424 http fetch GET 200 https://registry.npmjs.org/es-iterator-helpers 43ms (cache miss)
1425 silly packumentCache full:https://registry.npmjs.org/es-iterator-helpers set size:undefined disposed:false
1426 silly fetch manifest @babel/core@^7.24.4
1427 silly packumentCache full:https://registry.npmjs.org/@babel%2fcore cache-miss
1428 http cache https://registry.npmjs.org/@babel%2fcore 3ms (cache hit)
1429 silly packumentCache full:https://registry.npmjs.org/@babel%2fcore set size:752167 disposed:false
1430 silly fetch manifest @babel/parser@^7.24.4
1431 silly packumentCache full:https://registry.npmjs.org/@babel%2fparser cache-miss
1432 http fetch GET 200 https://registry.npmjs.org/prop-types 38ms (cache miss)
1433 silly packumentCache full:https://registry.npmjs.org/prop-types set size:undefined disposed:false
1434 silly fetch manifest hermes-parser@^0.25.1
1435 silly packumentCache full:https://registry.npmjs.org/hermes-parser cache-miss
1436 http fetch GET 200 https://registry.npmjs.org/object.entries 46ms (cache miss)
1437 silly packumentCache full:https://registry.npmjs.org/object.entries set size:undefined disposed:false
1438 silly fetch manifest zod-validation-error@^3.5.0 || ^4.0.0
1439 silly packumentCache full:https://registry.npmjs.org/zod-validation-error cache-miss
1440 http fetch GET 200 https://registry.npmjs.org/string.prototype.repeat 39ms (cache miss)
1441 silly packumentCache full:https://registry.npmjs.org/string.prototype.repeat set size:undefined disposed:false
1442 silly fetch manifest @typescript-eslint/utils@8.54.0
1443 silly packumentCache full:https://registry.npmjs.org/@typescript-eslint%2futils cache-miss
1444 http fetch GET 200 https://registry.npmjs.org/string.prototype.matchall 44ms (cache miss)
1445 silly packumentCache full:https://registry.npmjs.org/string.prototype.matchall set size:undefined disposed:false
1446 silly fetch manifest @typescript-eslint/parser@8.54.0
1447 silly packumentCache full:https://registry.npmjs.org/@typescript-eslint%2fparser cache-miss
1448 http cache https://registry.npmjs.org/@typescript-eslint%2futils 11ms (cache hit)
1449 silly packumentCache full:https://registry.npmjs.org/@typescript-eslint%2futils set size:9688774 disposed:false
1450 silly fetch manifest @typescript-eslint/eslint-plugin@8.54.0
1451 silly packumentCache full:https://registry.npmjs.org/@typescript-eslint%2feslint-plugin cache-miss
1452 http fetch GET 200 https://registry.npmjs.org/zod-validation-error 43ms (cache miss)
1453 silly packumentCache full:https://registry.npmjs.org/zod-validation-error set size:undefined disposed:false
1454 silly fetch manifest @typescript-eslint/typescript-estree@8.54.0
1455 silly packumentCache full:https://registry.npmjs.org/@typescript-eslint%2ftypescript-estree cache-miss
1456 http fetch GET 200 https://registry.npmjs.org/@babel%2fparser 65ms (cache miss)
1457 silly packumentCache full:https://registry.npmjs.org/@babel%2fparser set size:undefined disposed:false
1458 http fetch GET 200 https://registry.npmjs.org/zod 86ms (cache miss)
1459 silly packumentCache full:https://registry.npmjs.org/zod set size:undefined disposed:false
1460 http fetch GET 200 https://registry.npmjs.org/axe-core 269ms (cache miss)
1461 silly packumentCache full:https://registry.npmjs.org/axe-core set size:undefined disposed:false
1462 http fetch GET 200 https://registry.npmjs.org/hermes-parser 184ms (cache miss)
1463 silly packumentCache full:https://registry.npmjs.org/hermes-parser set size:undefined disposed:false
1464 http fetch GET 200 https://registry.npmjs.org/@typescript-eslint%2ftypescript-estree 211ms (cache miss)
1465 silly packumentCache full:https://registry.npmjs.org/@typescript-eslint%2ftypescript-estree set size:undefined disposed:false
1466 http fetch GET 200 https://registry.npmjs.org/@typescript-eslint%2feslint-plugin 381ms (cache miss)
1467 silly packumentCache full:https://registry.npmjs.org/@typescript-eslint%2feslint-plugin set size:undefined disposed:false
1468 http fetch GET 200 https://registry.npmjs.org/@typescript-eslint%2fparser 527ms (cache miss)
1469 silly packumentCache full:https://registry.npmjs.org/@typescript-eslint%2fparser set size:undefined disposed:false
1470 silly placeDep ROOT fast-glob@3.3.1 OK for: @next/eslint-plugin-next@16.1.6 want: 3.3.1
1471 silly fetch manifest merge2@^1.3.0
1472 silly packumentCache full:https://registry.npmjs.org/merge2 cache-miss
1473 silly fetch manifest micromatch@^4.0.4
1474 silly packumentCache full:https://registry.npmjs.org/micromatch cache-miss
1475 silly fetch manifest glob-parent@^5.1.2
1476 silly packumentCache full:https://registry.npmjs.org/glob-parent cache-miss
1477 silly fetch manifest @nodelib/fs.stat@^2.0.2
1478 silly packumentCache full:https://registry.npmjs.org/@nodelib%2ffs.stat cache-miss
1479 silly fetch manifest @nodelib/fs.walk@^1.2.3
1480 silly packumentCache full:https://registry.npmjs.org/@nodelib%2ffs.walk cache-miss
1481 http cache https://registry.npmjs.org/glob-parent 9ms (cache hit)
1482 silly packumentCache full:https://registry.npmjs.org/glob-parent set size:42445 disposed:false
1483 http fetch GET 200 https://registry.npmjs.org/merge2 42ms (cache miss)
1484 silly packumentCache full:https://registry.npmjs.org/merge2 set size:undefined disposed:false
1485 http fetch GET 200 https://registry.npmjs.org/micromatch 47ms (cache miss)
1486 silly packumentCache full:https://registry.npmjs.org/micromatch set size:undefined disposed:false
1487 http fetch GET 200 https://registry.npmjs.org/@nodelib%2ffs.walk 170ms (cache miss)
1488 silly packumentCache full:https://registry.npmjs.org/@nodelib%2ffs.walk set size:undefined disposed:false
1489 http fetch GET 200 https://registry.npmjs.org/@nodelib%2ffs.stat 175ms (cache miss)
1490 silly packumentCache full:https://registry.npmjs.org/@nodelib%2ffs.stat set size:undefined disposed:false
1491 silly placeDep node_modules/eslint-import-resolver-node debug@3.2.7 OK for: eslint-import-resolver-node@0.3.9 want: ^3.2.7
1492 silly placeDep ROOT is-core-module@2.16.1 OK for: eslint-import-resolver-node@0.3.9 want: ^2.13.0
1493 silly placeDep ROOT resolve@1.22.11 OK for: eslint-import-resolver-node@0.3.9 want: ^1.22.4
1494 silly fetch manifest path-parse@^1.0.7
1495 silly packumentCache full:https://registry.npmjs.org/path-parse cache-miss
1496 silly fetch manifest supports-preserve-symlinks-flag@^1.0.0
1497 silly packumentCache full:https://registry.npmjs.org/supports-preserve-symlinks-flag cache-miss
1498 http fetch GET 200 https://registry.npmjs.org/path-parse 39ms (cache miss)
1499 silly packumentCache full:https://registry.npmjs.org/path-parse set size:undefined disposed:false
1500 http fetch GET 200 https://registry.npmjs.org/supports-preserve-symlinks-flag 41ms (cache miss)
1501 silly packumentCache full:https://registry.npmjs.org/supports-preserve-symlinks-flag set size:undefined disposed:false
1502 silly placeDep ROOT @nolyfill/is-core-module@1.0.39 OK for: eslint-import-resolver-typescript@3.10.1 want: 1.0.39
1503 silly placeDep ROOT get-tsconfig@4.13.6 OK for: eslint-import-resolver-typescript@3.10.1 want: ^4.10.0
1504 silly placeDep ROOT is-bun-module@2.0.0 OK for: eslint-import-resolver-typescript@3.10.1 want: ^2.0.0
1505 silly placeDep ROOT stable-hash@0.0.5 OK for: eslint-import-resolver-typescript@3.10.1 want: ^0.0.5
1506 silly placeDep ROOT tinyglobby@0.2.15 OK for: eslint-import-resolver-typescript@3.10.1 want: ^0.2.13
1507 silly placeDep ROOT unrs-resolver@1.11.1 OK for: eslint-import-resolver-typescript@3.10.1 want: ^1.6.2
1508 silly fetch manifest resolve-pkg-maps@^1.0.0
1509 silly packumentCache full:https://registry.npmjs.org/resolve-pkg-maps cache-miss
1510 silly fetch manifest semver@^7.7.1
1511 silly packumentCache full:https://registry.npmjs.org/semver cache-miss
1512 silly fetch manifest fdir@^6.5.0
1513 silly packumentCache full:https://registry.npmjs.org/fdir cache-miss
1514 silly fetch manifest picomatch@^4.0.3
1515 silly packumentCache full:https://registry.npmjs.org/picomatch cache-miss
1516 silly fetch manifest napi-postinstall@^0.3.0
1517 silly packumentCache full:https://registry.npmjs.org/napi-postinstall cache-miss
1518 silly fetch manifest @unrs/resolver-binding-win32-x64-msvc@1.11.1
1519 silly packumentCache full:https://registry.npmjs.org/@unrs%2fresolver-binding-win32-x64-msvc cache-miss
1520 silly fetch manifest @unrs/resolver-binding-win32-arm64-msvc@1.11.1
1521 silly packumentCache full:https://registry.npmjs.org/@unrs%2fresolver-binding-win32-arm64-msvc cache-miss
1522 http cache https://registry.npmjs.org/semver 5ms (cache hit)
1523 silly packumentCache full:https://registry.npmjs.org/semver set size:229678 disposed:false
1524 silly fetch manifest @unrs/resolver-binding-win32-ia32-msvc@1.11.1
1525 silly packumentCache full:https://registry.npmjs.org/@unrs%2fresolver-binding-win32-ia32-msvc cache-miss
1526 http fetch GET 200 https://registry.npmjs.org/resolve-pkg-maps 39ms (cache miss)
1527 silly packumentCache full:https://registry.npmjs.org/resolve-pkg-maps set size:undefined disposed:false
1528 silly fetch manifest @unrs/resolver-binding-linux-x64-gnu@1.11.1
1529 silly packumentCache full:https://registry.npmjs.org/@unrs%2fresolver-binding-linux-x64-gnu cache-miss
1530 http fetch GET 200 https://registry.npmjs.org/napi-postinstall 39ms (cache miss)
1531 silly packumentCache full:https://registry.npmjs.org/napi-postinstall set size:undefined disposed:false
1532 silly fetch manifest @unrs/resolver-binding-linux-x64-musl@1.11.1
1533 silly packumentCache full:https://registry.npmjs.org/@unrs%2fresolver-binding-linux-x64-musl cache-miss
1534 http fetch GET 200 https://registry.npmjs.org/picomatch 44ms (cache miss)
1535 silly packumentCache full:https://registry.npmjs.org/picomatch set size:undefined disposed:false
1536 silly fetch manifest @unrs/resolver-binding-freebsd-x64@1.11.1
1537 silly packumentCache full:https://registry.npmjs.org/@unrs%2fresolver-binding-freebsd-x64 cache-miss
1538 http fetch GET 200 https://registry.npmjs.org/fdir 46ms (cache miss)
1539 silly packumentCache full:https://registry.npmjs.org/fdir set size:undefined disposed:false
1540 silly fetch manifest @unrs/resolver-binding-android-arm64@1.11.1
1541 silly packumentCache full:https://registry.npmjs.org/@unrs%2fresolver-binding-android-arm64 cache-miss
1542 http fetch GET 200 https://registry.npmjs.org/@unrs%2fresolver-binding-win32-arm64-msvc 49ms (cache miss)
1543 silly packumentCache full:https://registry.npmjs.org/@unrs%2fresolver-binding-win32-arm64-msvc set size:undefined disposed:false
1544 silly fetch manifest @unrs/resolver-binding-linux-arm64-gnu@1.11.1
1545 silly packumentCache full:https://registry.npmjs.org/@unrs%2fresolver-binding-linux-arm64-gnu cache-miss
1546 http fetch GET 200 https://registry.npmjs.org/@unrs%2fresolver-binding-linux-x64-musl 47ms (cache miss)
1547 silly packumentCache full:https://registry.npmjs.org/@unrs%2fresolver-binding-linux-x64-musl set size:undefined disposed:false
1548 silly fetch manifest @unrs/resolver-binding-linux-arm64-musl@1.11.1
1549 silly packumentCache full:https://registry.npmjs.org/@unrs%2fresolver-binding-linux-arm64-musl cache-miss
1550 http fetch GET 200 https://registry.npmjs.org/@unrs%2fresolver-binding-android-arm64 50ms (cache miss)
1551 silly packumentCache full:https://registry.npmjs.org/@unrs%2fresolver-binding-android-arm64 set size:undefined disposed:false
1552 silly fetch manifest @unrs/resolver-binding-android-arm-eabi@1.11.1
1553 silly packumentCache full:https://registry.npmjs.org/@unrs%2fresolver-binding-android-arm-eabi cache-miss
1554 http fetch GET 200 https://registry.npmjs.org/@unrs%2fresolver-binding-linux-arm64-gnu 53ms (cache miss)
1555 silly packumentCache full:https://registry.npmjs.org/@unrs%2fresolver-binding-linux-arm64-gnu set size:undefined disposed:false
1556 silly fetch manifest @unrs/resolver-binding-linux-arm-gnueabihf@1.11.1
1557 silly packumentCache full:https://registry.npmjs.org/@unrs%2fresolver-binding-linux-arm-gnueabihf cache-miss
1558 http fetch GET 200 https://registry.npmjs.org/@unrs%2fresolver-binding-linux-arm64-musl 47ms (cache miss)
1559 silly packumentCache full:https://registry.npmjs.org/@unrs%2fresolver-binding-linux-arm64-musl set size:undefined disposed:false
1560 silly fetch manifest @unrs/resolver-binding-linux-arm-musleabihf@1.11.1
1561 silly packumentCache full:https://registry.npmjs.org/@unrs%2fresolver-binding-linux-arm-musleabihf cache-miss
1562 http fetch GET 200 https://registry.npmjs.org/@unrs%2fresolver-binding-android-arm-eabi 59ms (cache miss)
1563 silly packumentCache full:https://registry.npmjs.org/@unrs%2fresolver-binding-android-arm-eabi set size:undefined disposed:false
1564 silly fetch manifest @unrs/resolver-binding-linux-ppc64-gnu@1.11.1
1565 silly packumentCache full:https://registry.npmjs.org/@unrs%2fresolver-binding-linux-ppc64-gnu cache-miss
1566 http fetch GET 200 https://registry.npmjs.org/@unrs%2fresolver-binding-win32-x64-msvc 160ms (cache miss)
1567 silly packumentCache full:https://registry.npmjs.org/@unrs%2fresolver-binding-win32-x64-msvc set size:undefined disposed:false
1568 silly fetch manifest @unrs/resolver-binding-linux-riscv64-gnu@1.11.1
1569 silly packumentCache full:https://registry.npmjs.org/@unrs%2fresolver-binding-linux-riscv64-gnu cache-miss
1570 http fetch GET 200 https://registry.npmjs.org/@unrs%2fresolver-binding-win32-ia32-msvc 167ms (cache miss)
1571 silly packumentCache full:https://registry.npmjs.org/@unrs%2fresolver-binding-win32-ia32-msvc set size:undefined disposed:false
1572 silly fetch manifest @unrs/resolver-binding-linux-riscv64-musl@1.11.1
1573 silly packumentCache full:https://registry.npmjs.org/@unrs%2fresolver-binding-linux-riscv64-musl cache-miss
1574 http fetch GET 200 https://registry.npmjs.org/@unrs%2fresolver-binding-linux-arm-musleabihf 46ms (cache miss)
1575 silly packumentCache full:https://registry.npmjs.org/@unrs%2fresolver-binding-linux-arm-musleabihf set size:undefined disposed:false
1576 silly fetch manifest @unrs/resolver-binding-linux-s390x-gnu@1.11.1
1577 silly packumentCache full:https://registry.npmjs.org/@unrs%2fresolver-binding-linux-s390x-gnu cache-miss
1578 http fetch GET 200 https://registry.npmjs.org/@unrs%2fresolver-binding-linux-x64-gnu 153ms (cache miss)
1579 silly packumentCache full:https://registry.npmjs.org/@unrs%2fresolver-binding-linux-x64-gnu set size:undefined disposed:false
1580 silly fetch manifest @unrs/resolver-binding-darwin-x64@1.11.1
1581 silly packumentCache full:https://registry.npmjs.org/@unrs%2fresolver-binding-darwin-x64 cache-miss
1582 http fetch GET 200 https://registry.npmjs.org/@unrs%2fresolver-binding-linux-s390x-gnu 45ms (cache miss)
1583 silly packumentCache full:https://registry.npmjs.org/@unrs%2fresolver-binding-linux-s390x-gnu set size:undefined disposed:false
1584 silly fetch manifest @unrs/resolver-binding-darwin-arm64@1.11.1
1585 silly packumentCache full:https://registry.npmjs.org/@unrs%2fresolver-binding-darwin-arm64 cache-miss
1586 http fetch GET 200 https://registry.npmjs.org/@unrs%2fresolver-binding-darwin-x64 51ms (cache miss)
1587 silly packumentCache full:https://registry.npmjs.org/@unrs%2fresolver-binding-darwin-x64 set size:undefined disposed:false
1588 silly fetch manifest @unrs/resolver-binding-wasm32-wasi@1.11.1
1589 silly packumentCache full:https://registry.npmjs.org/@unrs%2fresolver-binding-wasm32-wasi cache-miss
1590 http fetch GET 200 https://registry.npmjs.org/@unrs%2fresolver-binding-linux-arm-gnueabihf 162ms (cache miss)
1591 silly packumentCache full:https://registry.npmjs.org/@unrs%2fresolver-binding-linux-arm-gnueabihf set size:undefined disposed:false
1592 http fetch GET 200 https://registry.npmjs.org/@unrs%2fresolver-binding-wasm32-wasi 48ms (cache miss)
1593 silly packumentCache full:https://registry.npmjs.org/@unrs%2fresolver-binding-wasm32-wasi set size:undefined disposed:false
1594 http fetch GET 200 https://registry.npmjs.org/@unrs%2fresolver-binding-freebsd-x64 280ms (cache miss)
1595 silly packumentCache full:https://registry.npmjs.org/@unrs%2fresolver-binding-freebsd-x64 set size:undefined disposed:false
1596 http fetch GET 200 https://registry.npmjs.org/@unrs%2fresolver-binding-linux-ppc64-gnu 171ms (cache miss)
1597 silly packumentCache full:https://registry.npmjs.org/@unrs%2fresolver-binding-linux-ppc64-gnu set size:undefined disposed:false
1598 http fetch GET 200 https://registry.npmjs.org/@unrs%2fresolver-binding-linux-riscv64-gnu 168ms (cache miss)
1599 silly packumentCache full:https://registry.npmjs.org/@unrs%2fresolver-binding-linux-riscv64-gnu set size:undefined disposed:false
1600 http fetch GET 200 https://registry.npmjs.org/@unrs%2fresolver-binding-darwin-arm64 154ms (cache miss)
1601 silly packumentCache full:https://registry.npmjs.org/@unrs%2fresolver-binding-darwin-arm64 set size:undefined disposed:false
1602 http fetch GET 200 https://registry.npmjs.org/@unrs%2fresolver-binding-linux-riscv64-musl 246ms (cache miss)
1603 silly packumentCache full:https://registry.npmjs.org/@unrs%2fresolver-binding-linux-riscv64-musl set size:undefined disposed:false
1604 silly placeDep ROOT @rtsao/scc@1.1.0 OK for: eslint-plugin-import@2.32.0 want: ^1.1.0
1605 silly placeDep ROOT array-includes@3.1.9 OK for: eslint-plugin-import@2.32.0 want: ^3.1.9
1606 silly placeDep ROOT array.prototype.findlastindex@1.2.6 OK for: eslint-plugin-import@2.32.0 want: ^1.2.6
1607 silly placeDep ROOT array.prototype.flat@1.3.3 OK for: eslint-plugin-import@2.32.0 want: ^1.3.3
1608 silly placeDep ROOT array.prototype.flatmap@1.3.3 OK for: eslint-plugin-import@2.32.0 want: ^1.3.3
1609 silly placeDep node_modules/eslint-plugin-import debug@3.2.7 OK for: eslint-plugin-import@2.32.0 want: ^3.2.7
1610 silly placeDep ROOT doctrine@2.1.0 OK for: eslint-plugin-import@2.32.0 want: ^2.1.0
1611 silly placeDep ROOT eslint-module-utils@2.12.1 OK for: eslint-plugin-import@2.32.0 want: ^2.12.1
1612 silly placeDep ROOT hasown@2.0.2 OK for: eslint-plugin-import@2.32.0 want: ^2.0.2
1613 silly placeDep ROOT object.fromentries@2.0.8 OK for: eslint-plugin-import@2.32.0 want: ^2.0.8
1614 silly placeDep ROOT object.groupby@1.0.3 OK for: eslint-plugin-import@2.32.0 want: ^1.0.3
1615 silly placeDep ROOT object.values@1.2.1 OK for: eslint-plugin-import@2.32.0 want: ^1.2.1
1616 silly placeDep ROOT semver@6.3.1 OK for: eslint-plugin-import@2.32.0 want: ^6.3.1
1617 silly placeDep ROOT string.prototype.trimend@1.0.9 OK for: eslint-plugin-import@2.32.0 want: ^1.0.9
1618 silly placeDep ROOT tsconfig-paths@3.15.0 OK for: eslint-plugin-import@2.32.0 want: ^3.15.0
1619 silly fetch manifest call-bind@^1.0.8
1620 silly packumentCache full:https://registry.npmjs.org/call-bind cache-miss
1621 silly fetch manifest call-bound@^1.0.4
1622 silly packumentCache full:https://registry.npmjs.org/call-bound cache-miss
1623 silly fetch manifest define-properties@^1.2.1
1624 silly packumentCache full:https://registry.npmjs.org/define-properties cache-miss
1625 silly fetch manifest es-abstract@^1.24.0
1626 silly packumentCache full:https://registry.npmjs.org/es-abstract cache-miss
1627 silly fetch manifest es-object-atoms@^1.1.1
1628 silly packumentCache full:https://registry.npmjs.org/es-object-atoms cache-miss
1629 silly fetch manifest get-intrinsic@^1.3.0
1630 silly packumentCache full:https://registry.npmjs.org/get-intrinsic cache-miss
1631 silly fetch manifest is-string@^1.1.1
1632 silly packumentCache full:https://registry.npmjs.org/is-string cache-miss
1633 http fetch GET 200 https://registry.npmjs.org/define-properties 49ms (cache miss)
1634 silly packumentCache full:https://registry.npmjs.org/define-properties set size:undefined disposed:false
1635 silly fetch manifest math-intrinsics@^1.1.0
1636 silly packumentCache full:https://registry.npmjs.org/math-intrinsics cache-miss
1637 http fetch GET 200 https://registry.npmjs.org/es-object-atoms 50ms (cache miss)
1638 silly packumentCache full:https://registry.npmjs.org/es-object-atoms set size:undefined disposed:false
1639 silly fetch manifest call-bind@^1.0.8
1640 silly packumentCache full:https://registry.npmjs.org/call-bind cache-miss
1641 http fetch GET 200 https://registry.npmjs.org/call-bound 52ms (cache miss)
1642 silly packumentCache full:https://registry.npmjs.org/call-bound set size:undefined disposed:false
1643 silly fetch manifest es-abstract@^1.23.9
1644 silly packumentCache full:https://registry.npmjs.org/es-abstract cache-miss
1645 http fetch GET 200 https://registry.npmjs.org/call-bind 53ms (cache miss)
1646 silly packumentCache full:https://registry.npmjs.org/call-bind set size:undefined disposed:false
1647 silly fetch manifest es-errors@^1.3.0
1648 silly packumentCache full:https://registry.npmjs.org/es-errors cache-miss
1649 http fetch GET 200 https://registry.npmjs.org/is-string 55ms (cache miss)
1650 silly packumentCache full:https://registry.npmjs.org/is-string set size:undefined disposed:false
1651 silly fetch manifest es-shim-unscopables@^1.1.0
1652 silly packumentCache full:https://registry.npmjs.org/es-shim-unscopables cache-miss
1653 http fetch GET 200 https://registry.npmjs.org/get-intrinsic 56ms (cache miss)
1654 silly packumentCache full:https://registry.npmjs.org/get-intrinsic set size:undefined disposed:false
1655 silly fetch manifest es-abstract@^1.23.5
1656 silly packumentCache full:https://registry.npmjs.org/es-abstract cache-miss
1657 http fetch GET 200 https://registry.npmjs.org/es-abstract 62ms (cache miss)
1658 silly packumentCache full:https://registry.npmjs.org/es-abstract set size:undefined disposed:false
1659 silly fetch manifest es-shim-unscopables@^1.0.2
1660 silly packumentCache full:https://registry.npmjs.org/es-shim-unscopables cache-miss
1661 http cache https://registry.npmjs.org/call-bind 16ms (cache hit)
1662 silly packumentCache full:https://registry.npmjs.org/call-bind set size:30096 disposed:false
1663 silly fetch manifest es-abstract@^1.23.5
1664 silly packumentCache full:https://registry.npmjs.org/es-abstract cache-miss
1665 http cache https://registry.npmjs.org/es-abstract 3ms (cache hit)
1666 silly packumentCache full:https://registry.npmjs.org/es-abstract set size:378584 disposed:false
1667 silly fetch manifest es-shim-unscopables@^1.0.2
1668 silly packumentCache full:https://registry.npmjs.org/es-shim-unscopables cache-miss
1669 http fetch GET 200 https://registry.npmjs.org/es-abstract 43ms (cache miss)
1670 silly packumentCache full:https://registry.npmjs.org/es-abstract set size:undefined disposed:false
1671 silly packumentCache full:https://registry.npmjs.org/es-abstract dispose
1672 silly fetch manifest function-bind@^1.1.2
1673 silly packumentCache full:https://registry.npmjs.org/function-bind cache-miss
1674 http fetch GET 200 https://registry.npmjs.org/es-shim-unscopables 51ms (cache miss)
1675 silly packumentCache full:https://registry.npmjs.org/es-shim-unscopables set size:undefined disposed:false
1676 silly fetch manifest call-bind@^1.0.7
1677 silly packumentCache full:https://registry.npmjs.org/call-bind cache-hit
1678 silly fetch manifest es-abstract@^1.23.2
1679 silly packumentCache full:https://registry.npmjs.org/es-abstract cache-miss
1680 http fetch GET 200 https://registry.npmjs.org/es-errors 53ms (cache miss)
1681 silly packumentCache full:https://registry.npmjs.org/es-errors set size:undefined disposed:false
1682 silly fetch manifest es-object-atoms@^1.0.0
1683 silly packumentCache full:https://registry.npmjs.org/es-object-atoms cache-miss
1684 http fetch GET 200 https://registry.npmjs.org/es-shim-unscopables 45ms (cache miss)
1685 silly packumentCache full:https://registry.npmjs.org/es-shim-unscopables set size:undefined disposed:false
1686 silly fetch manifest es-abstract@^1.23.2
1687 silly packumentCache full:https://registry.npmjs.org/es-abstract cache-miss
1688 http cache https://registry.npmjs.org/es-object-atoms 5ms (cache hit)
1689 silly packumentCache full:https://registry.npmjs.org/es-object-atoms set size:15304 disposed:false
1690 silly fetch manifest call-bound@^1.0.3
1691 silly packumentCache full:https://registry.npmjs.org/call-bound cache-miss
1692 http cache https://registry.npmjs.org/es-abstract 6ms (cache hit)
1693 silly packumentCache full:https://registry.npmjs.org/es-abstract set size:378584 disposed:true
1694 silly fetch manifest call-bound@^1.0.2
1695 silly packumentCache full:https://registry.npmjs.org/call-bound cache-miss
1696 http fetch GET 200 https://registry.npmjs.org/math-intrinsics 66ms (cache miss)
1697 silly packumentCache full:https://registry.npmjs.org/math-intrinsics set size:undefined disposed:false
1698 silly fetch manifest json5@^1.0.2
1699 silly packumentCache full:https://registry.npmjs.org/json5 cache-miss
1700 http fetch GET 200 https://registry.npmjs.org/es-abstract 64ms (cache miss)
1701 silly packumentCache full:https://registry.npmjs.org/es-abstract set size:undefined disposed:false
1702 silly packumentCache full:https://registry.npmjs.org/es-abstract dispose
1703 silly fetch manifest minimist@^1.2.6
1704 silly packumentCache full:https://registry.npmjs.org/minimist cache-miss
1705 http fetch GET 200 https://registry.npmjs.org/es-shim-unscopables 43ms (cache miss)
1706 silly packumentCache full:https://registry.npmjs.org/es-shim-unscopables set size:undefined disposed:false
1707 silly fetch manifest strip-bom@^3.0.0
1708 silly packumentCache full:https://registry.npmjs.org/strip-bom cache-miss
1709 http cache https://registry.npmjs.org/es-abstract 8ms (cache hit)
1710 silly packumentCache full:https://registry.npmjs.org/es-abstract set size:378584 disposed:true
1711 silly fetch manifest @types/json5@^0.0.29
1712 silly packumentCache full:https://registry.npmjs.org/@types%2fjson5 cache-miss
1713 http cache https://registry.npmjs.org/call-bound 6ms (cache hit)
1714 silly packumentCache full:https://registry.npmjs.org/call-bound set size:15317 disposed:false
1715 http cache https://registry.npmjs.org/call-bound 8ms (cache hit)
1716 silly packumentCache full:https://registry.npmjs.org/call-bound set size:15317 disposed:false
1717 silly packumentCache full:https://registry.npmjs.org/call-bound dispose
1718 http fetch GET 200 https://registry.npmjs.org/json5 39ms (cache miss)
1719 silly packumentCache full:https://registry.npmjs.org/json5 set size:undefined disposed:false
1720 http fetch GET 200 https://registry.npmjs.org/strip-bom 49ms (cache miss)
1721 silly packumentCache full:https://registry.npmjs.org/strip-bom set size:undefined disposed:false
1722 http fetch GET 200 https://registry.npmjs.org/@types%2fjson5 50ms (cache miss)
1723 silly packumentCache full:https://registry.npmjs.org/@types%2fjson5 set size:undefined disposed:false
1724 http fetch GET 200 https://registry.npmjs.org/function-bind 71ms (cache miss)
1725 silly packumentCache full:https://registry.npmjs.org/function-bind set size:undefined disposed:false
1726 http fetch GET 200 https://registry.npmjs.org/minimist 188ms (cache miss)
1727 silly packumentCache full:https://registry.npmjs.org/minimist set size:undefined disposed:false
1728 silly placeDep ROOT call-bind@1.0.8 OK for: array-includes@3.1.9 want: ^1.0.8
1729 silly placeDep ROOT call-bound@1.0.4 OK for: array-includes@3.1.9 want: ^1.0.4
1730 silly placeDep ROOT define-properties@1.2.1 OK for: array-includes@3.1.9 want: ^1.2.1
1731 silly placeDep ROOT es-abstract@1.24.1 OK for: array-includes@3.1.9 want: ^1.24.0
1732 silly placeDep ROOT es-object-atoms@1.1.1 OK for: array-includes@3.1.9 want: ^1.1.1
1733 silly placeDep ROOT get-intrinsic@1.3.0 OK for: array-includes@3.1.9 want: ^1.3.0
1734 silly placeDep ROOT is-string@1.1.1 OK for: array-includes@3.1.9 want: ^1.1.1
1735 silly placeDep ROOT math-intrinsics@1.1.0 OK for: array-includes@3.1.9 want: ^1.1.0
1736 silly fetch manifest call-bind-apply-helpers@^1.0.0
1737 silly packumentCache full:https://registry.npmjs.org/call-bind-apply-helpers cache-miss
1738 silly fetch manifest es-define-property@^1.0.0
1739 silly packumentCache full:https://registry.npmjs.org/es-define-property cache-miss
1740 silly fetch manifest get-intrinsic@^1.2.4
1741 silly packumentCache full:https://registry.npmjs.org/get-intrinsic cache-miss
1742 silly fetch manifest set-function-length@^1.2.2
1743 silly packumentCache full:https://registry.npmjs.org/set-function-length cache-miss
1744 silly fetch manifest call-bind-apply-helpers@^1.0.2
1745 silly packumentCache full:https://registry.npmjs.org/call-bind-apply-helpers cache-miss
1746 silly fetch manifest define-data-property@^1.0.1
1747 silly packumentCache full:https://registry.npmjs.org/define-data-property cache-miss
1748 silly fetch manifest has-property-descriptors@^1.0.0
1749 silly packumentCache full:https://registry.npmjs.org/has-property-descriptors cache-miss
1750 http cache https://registry.npmjs.org/get-intrinsic 4ms (cache hit)
1751 silly packumentCache full:https://registry.npmjs.org/get-intrinsic set size:60985 disposed:false
1752 silly fetch manifest object-keys@^1.1.1
1753 silly packumentCache full:https://registry.npmjs.org/object-keys cache-miss
1754 http fetch GET 200 https://registry.npmjs.org/es-define-property 39ms (cache miss)
1755 silly packumentCache full:https://registry.npmjs.org/es-define-property set size:undefined disposed:false
1756 silly fetch manifest array-buffer-byte-length@^1.0.2
1757 silly packumentCache full:https://registry.npmjs.org/array-buffer-byte-length cache-miss
1758 http fetch GET 200 https://registry.npmjs.org/call-bind-apply-helpers 41ms (cache miss)
1759 silly packumentCache full:https://registry.npmjs.org/call-bind-apply-helpers set size:undefined disposed:false
1760 silly fetch manifest arraybuffer.prototype.slice@^1.0.4
1761 silly packumentCache full:https://registry.npmjs.org/arraybuffer.prototype.slice cache-miss
1762 http fetch GET 200 https://registry.npmjs.org/call-bind-apply-helpers 42ms (cache miss)
1763 silly packumentCache full:https://registry.npmjs.org/call-bind-apply-helpers set size:undefined disposed:false
1764 silly fetch manifest available-typed-arrays@^1.0.7
1765 silly packumentCache full:https://registry.npmjs.org/available-typed-arrays cache-miss
1766 http fetch GET 200 https://registry.npmjs.org/define-data-property 44ms (cache miss)
1767 silly packumentCache full:https://registry.npmjs.org/define-data-property set size:undefined disposed:false
1768 silly fetch manifest data-view-buffer@^1.0.2
1769 silly packumentCache full:https://registry.npmjs.org/data-view-buffer cache-miss
1770 http fetch GET 200 https://registry.npmjs.org/has-property-descriptors 45ms (cache miss)
1771 silly packumentCache full:https://registry.npmjs.org/has-property-descriptors set size:undefined disposed:false
1772 silly fetch manifest data-view-byte-length@^1.0.2
1773 silly packumentCache full:https://registry.npmjs.org/data-view-byte-length cache-miss
1774 http fetch GET 200 https://registry.npmjs.org/set-function-length 56ms (cache miss)
1775 silly packumentCache full:https://registry.npmjs.org/set-function-length set size:undefined disposed:false
1776 silly fetch manifest data-view-byte-offset@^1.0.1
1777 silly packumentCache full:https://registry.npmjs.org/data-view-byte-offset cache-miss
1778 http fetch GET 200 https://registry.npmjs.org/object-keys 52ms (cache miss)
1779 silly packumentCache full:https://registry.npmjs.org/object-keys set size:undefined disposed:false
1780 silly fetch manifest es-define-property@^1.0.1
1781 silly packumentCache full:https://registry.npmjs.org/es-define-property cache-miss
1782 http cache https://registry.npmjs.org/es-define-property 2ms (cache hit)
1783 silly packumentCache full:https://registry.npmjs.org/es-define-property set size:8542 disposed:false
1784 silly fetch manifest es-set-tostringtag@^2.1.0
1785 silly packumentCache full:https://registry.npmjs.org/es-set-tostringtag cache-miss
1786 http fetch GET 200 https://registry.npmjs.org/arraybuffer.prototype.slice 39ms (cache miss)
1787 silly packumentCache full:https://registry.npmjs.org/arraybuffer.prototype.slice set size:undefined disposed:false
1788 silly fetch manifest es-to-primitive@^1.3.0
1789 silly packumentCache full:https://registry.npmjs.org/es-to-primitive cache-miss
1790 http fetch GET 200 https://registry.npmjs.org/available-typed-arrays 39ms (cache miss)
1791 silly packumentCache full:https://registry.npmjs.org/available-typed-arrays set size:undefined disposed:false
1792 silly fetch manifest function.prototype.name@^1.1.8
1793 silly packumentCache full:https://registry.npmjs.org/function.prototype.name cache-miss
1794 http fetch GET 200 https://registry.npmjs.org/array-buffer-byte-length 51ms (cache miss)
1795 silly packumentCache full:https://registry.npmjs.org/array-buffer-byte-length set size:undefined disposed:false
1796 silly fetch manifest get-proto@^1.0.1
1797 silly packumentCache full:https://registry.npmjs.org/get-proto cache-miss
1798 http fetch GET 200 https://registry.npmjs.org/data-view-byte-length 45ms (cache miss)
1799 silly packumentCache full:https://registry.npmjs.org/data-view-byte-length set size:undefined disposed:false
1800 silly fetch manifest get-symbol-description@^1.1.0
1801 silly packumentCache full:https://registry.npmjs.org/get-symbol-description cache-miss
1802 http fetch GET 200 https://registry.npmjs.org/data-view-buffer 47ms (cache miss)
1803 silly packumentCache full:https://registry.npmjs.org/data-view-buffer set size:undefined disposed:false
1804 silly fetch manifest globalthis@^1.0.4
1805 silly packumentCache full:https://registry.npmjs.org/globalthis cache-miss
1806 http fetch GET 200 https://registry.npmjs.org/data-view-byte-offset 39ms (cache miss)
1807 silly packumentCache full:https://registry.npmjs.org/data-view-byte-offset set size:undefined disposed:false
1808 silly fetch manifest gopd@^1.2.0
1809 silly packumentCache full:https://registry.npmjs.org/gopd cache-miss
1810 http fetch GET 200 https://registry.npmjs.org/es-set-tostringtag 37ms (cache miss)
1811 silly packumentCache full:https://registry.npmjs.org/es-set-tostringtag set size:undefined disposed:false
1812 silly fetch manifest has-property-descriptors@^1.0.2
1813 silly packumentCache full:https://registry.npmjs.org/has-property-descriptors cache-miss
1814 http cache https://registry.npmjs.org/has-property-descriptors 2ms (cache hit)
1815 silly packumentCache full:https://registry.npmjs.org/has-property-descriptors set size:12452 disposed:false
1816 silly fetch manifest has-proto@^1.2.0
1817 silly packumentCache full:https://registry.npmjs.org/has-proto cache-miss
1818 http fetch GET 200 https://registry.npmjs.org/es-to-primitive 41ms (cache miss)
1819 silly packumentCache full:https://registry.npmjs.org/es-to-primitive set size:undefined disposed:false
1820 silly fetch manifest has-symbols@^1.1.0
1821 silly packumentCache full:https://registry.npmjs.org/has-symbols cache-miss
1822 http fetch GET 200 https://registry.npmjs.org/get-symbol-description 39ms (cache miss)
1823 silly packumentCache full:https://registry.npmjs.org/get-symbol-description set size:undefined disposed:false
1824 silly fetch manifest internal-slot@^1.1.0
1825 silly packumentCache full:https://registry.npmjs.org/internal-slot cache-miss
1826 http fetch GET 200 https://registry.npmjs.org/get-proto 43ms (cache miss)
1827 silly packumentCache full:https://registry.npmjs.org/get-proto set size:undefined disposed:false
1828 silly fetch manifest is-array-buffer@^3.0.5
1829 silly packumentCache full:https://registry.npmjs.org/is-array-buffer cache-miss
1830 http fetch GET 200 https://registry.npmjs.org/has-proto 35ms (cache miss)
1831 silly packumentCache full:https://registry.npmjs.org/has-proto set size:undefined disposed:false
1832 silly fetch manifest is-callable@^1.2.7
1833 silly packumentCache full:https://registry.npmjs.org/is-callable cache-miss
1834 http fetch GET 200 https://registry.npmjs.org/globalthis 42ms (cache miss)
1835 silly packumentCache full:https://registry.npmjs.org/globalthis set size:undefined disposed:false
1836 silly fetch manifest is-data-view@^1.0.2
1837 silly packumentCache full:https://registry.npmjs.org/is-data-view cache-miss
1838 http fetch GET 200 https://registry.npmjs.org/gopd 42ms (cache miss)
1839 silly packumentCache full:https://registry.npmjs.org/gopd set size:undefined disposed:false
1840 silly fetch manifest is-negative-zero@^2.0.3
1841 silly packumentCache full:https://registry.npmjs.org/is-negative-zero cache-miss
1842 http fetch GET 200 https://registry.npmjs.org/function.prototype.name 65ms (cache miss)
1843 silly packumentCache full:https://registry.npmjs.org/function.prototype.name set size:undefined disposed:false
1844 silly fetch manifest is-regex@^1.2.1
1845 silly packumentCache full:https://registry.npmjs.org/is-regex cache-miss
1846 http fetch GET 200 https://registry.npmjs.org/has-symbols 51ms (cache miss)
1847 silly packumentCache full:https://registry.npmjs.org/has-symbols set size:undefined disposed:false
1848 silly fetch manifest is-set@^2.0.3
1849 silly packumentCache full:https://registry.npmjs.org/is-set cache-miss
1850 http fetch GET 200 https://registry.npmjs.org/internal-slot 45ms (cache miss)
1851 silly packumentCache full:https://registry.npmjs.org/internal-slot set size:undefined disposed:false
1852 silly fetch manifest is-shared-array-buffer@^1.0.4
1853 silly packumentCache full:https://registry.npmjs.org/is-shared-array-buffer cache-miss
1854 http fetch GET 200 https://registry.npmjs.org/is-callable 43ms (cache miss)
1855 silly packumentCache full:https://registry.npmjs.org/is-callable set size:undefined disposed:false
1856 silly fetch manifest is-typed-array@^1.1.15
1857 silly packumentCache full:https://registry.npmjs.org/is-typed-array cache-miss
1858 http fetch GET 200 https://registry.npmjs.org/is-data-view 45ms (cache miss)
1859 silly packumentCache full:https://registry.npmjs.org/is-data-view set size:undefined disposed:false
1860 silly fetch manifest is-weakref@^1.1.1
1861 silly packumentCache full:https://registry.npmjs.org/is-weakref cache-miss
1862 http fetch GET 200 https://registry.npmjs.org/is-array-buffer 49ms (cache miss)
1863 silly packumentCache full:https://registry.npmjs.org/is-array-buffer set size:undefined disposed:false
1864 silly fetch manifest object-inspect@^1.13.4
1865 silly packumentCache full:https://registry.npmjs.org/object-inspect cache-miss
1866 http fetch GET 200 https://registry.npmjs.org/is-negative-zero 46ms (cache miss)
1867 silly packumentCache full:https://registry.npmjs.org/is-negative-zero set size:undefined disposed:false
1868 silly fetch manifest object.assign@^4.1.7
1869 silly packumentCache full:https://registry.npmjs.org/object.assign cache-miss
1870 http fetch GET 200 https://registry.npmjs.org/is-regex 39ms (cache miss)
1871 silly packumentCache full:https://registry.npmjs.org/is-regex set size:undefined disposed:false
1872 silly fetch manifest own-keys@^1.0.1
1873 silly packumentCache full:https://registry.npmjs.org/own-keys cache-miss
1874 http fetch GET 200 https://registry.npmjs.org/is-set 41ms (cache miss)
1875 silly packumentCache full:https://registry.npmjs.org/is-set set size:undefined disposed:false
1876 silly fetch manifest regexp.prototype.flags@^1.5.4
1877 silly packumentCache full:https://registry.npmjs.org/regexp.prototype.flags cache-miss
1878 http fetch GET 200 https://registry.npmjs.org/is-typed-array 39ms (cache miss)
1879 silly packumentCache full:https://registry.npmjs.org/is-typed-array set size:undefined disposed:false
1880 silly fetch manifest safe-array-concat@^1.1.3
1881 silly packumentCache full:https://registry.npmjs.org/safe-array-concat cache-miss
1882 http fetch GET 200 https://registry.npmjs.org/is-shared-array-buffer 43ms (cache miss)
1883 silly packumentCache full:https://registry.npmjs.org/is-shared-array-buffer set size:undefined disposed:false
1884 silly fetch manifest safe-push-apply@^1.0.0
1885 silly packumentCache full:https://registry.npmjs.org/safe-push-apply cache-miss
1886 http fetch GET 200 https://registry.npmjs.org/object-inspect 40ms (cache miss)
1887 silly packumentCache full:https://registry.npmjs.org/object-inspect set size:undefined disposed:false
1888 silly fetch manifest safe-regex-test@^1.1.0
1889 silly packumentCache full:https://registry.npmjs.org/safe-regex-test cache-miss
1890 http fetch GET 200 https://registry.npmjs.org/object.assign 39ms (cache miss)
1891 silly packumentCache full:https://registry.npmjs.org/object.assign set size:undefined disposed:false
1892 silly fetch manifest set-proto@^1.0.0
1893 silly packumentCache full:https://registry.npmjs.org/set-proto cache-miss
1894 http cache https://registry.npmjs.org/safe-regex-test 3ms (cache hit)
1895 silly packumentCache full:https://registry.npmjs.org/safe-regex-test set size:17412 disposed:false
1896 silly fetch manifest stop-iteration-iterator@^1.1.0
1897 silly packumentCache full:https://registry.npmjs.org/stop-iteration-iterator cache-miss
1898 http fetch GET 200 https://registry.npmjs.org/is-weakref 47ms (cache miss)
1899 silly packumentCache full:https://registry.npmjs.org/is-weakref set size:undefined disposed:false
1900 silly fetch manifest string.prototype.trim@^1.2.10
1901 silly packumentCache full:https://registry.npmjs.org/string.prototype.trim cache-miss
1902 http fetch GET 200 https://registry.npmjs.org/own-keys 43ms (cache miss)
1903 silly packumentCache full:https://registry.npmjs.org/own-keys set size:undefined disposed:false
1904 silly fetch manifest string.prototype.trimstart@^1.0.8
1905 silly packumentCache full:https://registry.npmjs.org/string.prototype.trimstart cache-miss
1906 http fetch GET 200 https://registry.npmjs.org/regexp.prototype.flags 39ms (cache miss)
1907 silly packumentCache full:https://registry.npmjs.org/regexp.prototype.flags set size:undefined disposed:false
1908 silly fetch manifest typed-array-buffer@^1.0.3
1909 silly packumentCache full:https://registry.npmjs.org/typed-array-buffer cache-miss
1910 http fetch GET 200 https://registry.npmjs.org/safe-array-concat 38ms (cache miss)
1911 silly packumentCache full:https://registry.npmjs.org/safe-array-concat set size:undefined disposed:false
1912 silly fetch manifest typed-array-byte-length@^1.0.3
1913 silly packumentCache full:https://registry.npmjs.org/typed-array-byte-length cache-miss
1914 http fetch GET 200 https://registry.npmjs.org/safe-push-apply 38ms (cache miss)
1915 silly packumentCache full:https://registry.npmjs.org/safe-push-apply set size:undefined disposed:false
1916 silly fetch manifest typed-array-byte-offset@^1.0.4
1917 silly packumentCache full:https://registry.npmjs.org/typed-array-byte-offset cache-miss
1918 http fetch GET 200 https://registry.npmjs.org/set-proto 40ms (cache miss)
1919 silly packumentCache full:https://registry.npmjs.org/set-proto set size:undefined disposed:false
1920 silly fetch manifest typed-array-length@^1.0.7
1921 silly packumentCache full:https://registry.npmjs.org/typed-array-length cache-miss
1922 http fetch GET 200 https://registry.npmjs.org/stop-iteration-iterator 40ms (cache miss)
1923 silly packumentCache full:https://registry.npmjs.org/stop-iteration-iterator set size:undefined disposed:false
1924 silly fetch manifest unbox-primitive@^1.1.0
1925 silly packumentCache full:https://registry.npmjs.org/unbox-primitive cache-miss
1926 http fetch GET 200 https://registry.npmjs.org/string.prototype.trim 39ms (cache miss)
1927 silly packumentCache full:https://registry.npmjs.org/string.prototype.trim set size:undefined disposed:false
1928 silly fetch manifest which-typed-array@^1.1.19
1929 silly packumentCache full:https://registry.npmjs.org/which-typed-array cache-miss
1930 http fetch GET 200 https://registry.npmjs.org/string.prototype.trimstart 36ms (cache miss)
1931 silly packumentCache full:https://registry.npmjs.org/string.prototype.trimstart set size:undefined disposed:false
1932 silly fetch manifest has-tostringtag@^1.0.2
1933 silly packumentCache full:https://registry.npmjs.org/has-tostringtag cache-miss
1934 http fetch GET 200 https://registry.npmjs.org/typed-array-buffer 35ms (cache miss)
1935 silly packumentCache full:https://registry.npmjs.org/typed-array-buffer set size:undefined disposed:false
1936 http fetch GET 200 https://registry.npmjs.org/typed-array-byte-length 35ms (cache miss)
1937 silly packumentCache full:https://registry.npmjs.org/typed-array-byte-length set size:undefined disposed:false
1938 http fetch GET 200 https://registry.npmjs.org/typed-array-byte-offset 36ms (cache miss)
1939 silly packumentCache full:https://registry.npmjs.org/typed-array-byte-offset set size:undefined disposed:false
1940 http fetch GET 200 https://registry.npmjs.org/unbox-primitive 37ms (cache miss)
1941 silly packumentCache full:https://registry.npmjs.org/unbox-primitive set size:undefined disposed:false
1942 http fetch GET 200 https://registry.npmjs.org/has-tostringtag 37ms (cache miss)
1943 silly packumentCache full:https://registry.npmjs.org/has-tostringtag set size:undefined disposed:false
1944 http fetch GET 200 https://registry.npmjs.org/which-typed-array 40ms (cache miss)
1945 silly packumentCache full:https://registry.npmjs.org/which-typed-array set size:undefined disposed:false
1946 http fetch GET 200 https://registry.npmjs.org/typed-array-length 177ms (cache miss)
1947 silly packumentCache full:https://registry.npmjs.org/typed-array-length set size:undefined disposed:false
1948 silly placeDep ROOT es-errors@1.3.0 OK for: array.prototype.findlastindex@1.2.6 want: ^1.3.0
1949 silly placeDep ROOT es-shim-unscopables@1.1.0 OK for: array.prototype.findlastindex@1.2.6 want: ^1.1.0
1950 silly placeDep ROOT call-bind-apply-helpers@1.0.2 OK for: call-bind@1.0.8 want: ^1.0.0
1951 silly placeDep ROOT es-define-property@1.0.1 OK for: call-bind@1.0.8 want: ^1.0.0
1952 silly placeDep ROOT set-function-length@1.2.2 OK for: call-bind@1.0.8 want: ^1.2.2
1953 silly fetch manifest define-data-property@^1.1.4
1954 silly packumentCache full:https://registry.npmjs.org/define-data-property cache-miss
1955 silly fetch manifest gopd@^1.0.1
1956 silly packumentCache full:https://registry.npmjs.org/gopd cache-miss
1957 http cache https://registry.npmjs.org/define-data-property 6ms (cache hit)
1958 silly packumentCache full:https://registry.npmjs.org/define-data-property set size:28048 disposed:false
1959 http cache https://registry.npmjs.org/gopd 6ms (cache hit)
1960 silly packumentCache full:https://registry.npmjs.org/gopd set size:11458 disposed:false
1961 silly placeDep ROOT function-bind@1.1.2 OK for: call-bind-apply-helpers@1.0.2 want: ^1.1.2
1962 silly placeDep ROOT define-data-property@1.1.4 OK for: define-properties@1.2.1 want: ^1.0.1
1963 silly placeDep ROOT has-property-descriptors@1.0.2 OK for: define-properties@1.2.1 want: ^1.0.0
1964 silly placeDep ROOT object-keys@1.1.1 OK for: define-properties@1.2.1 want: ^1.1.1
1965 silly placeDep ROOT gopd@1.2.0 OK for: define-data-property@1.1.4 want: ^1.0.1
1966 silly placeDep ROOT array-buffer-byte-length@1.0.2 OK for: es-abstract@1.24.1 want: ^1.0.2
1967 silly placeDep ROOT arraybuffer.prototype.slice@1.0.4 OK for: es-abstract@1.24.1 want: ^1.0.4
1968 silly placeDep ROOT available-typed-arrays@1.0.7 OK for: es-abstract@1.24.1 want: ^1.0.7
1969 silly placeDep ROOT data-view-buffer@1.0.2 OK for: es-abstract@1.24.1 want: ^1.0.2
1970 silly placeDep ROOT data-view-byte-length@1.0.2 OK for: es-abstract@1.24.1 want: ^1.0.2
1971 silly placeDep ROOT data-view-byte-offset@1.0.1 OK for: es-abstract@1.24.1 want: ^1.0.1
1972 silly placeDep ROOT es-set-tostringtag@2.1.0 OK for: es-abstract@1.24.1 want: ^2.1.0
1973 silly placeDep ROOT es-to-primitive@1.3.0 OK for: es-abstract@1.24.1 want: ^1.3.0
1974 silly placeDep ROOT function.prototype.name@1.1.8 OK for: es-abstract@1.24.1 want: ^1.1.8
1975 silly placeDep ROOT get-proto@1.0.1 OK for: es-abstract@1.24.1 want: ^1.0.1
1976 silly placeDep ROOT get-symbol-description@1.1.0 OK for: es-abstract@1.24.1 want: ^1.1.0
1977 silly placeDep ROOT globalthis@1.0.4 OK for: es-abstract@1.24.1 want: ^1.0.4
1978 silly placeDep ROOT has-proto@1.2.0 OK for: es-abstract@1.24.1 want: ^1.2.0
1979 silly placeDep ROOT has-symbols@1.1.0 OK for: es-abstract@1.24.1 want: ^1.1.0
1980 silly placeDep ROOT internal-slot@1.1.0 OK for: es-abstract@1.24.1 want: ^1.1.0
1981 silly placeDep ROOT is-array-buffer@3.0.5 OK for: es-abstract@1.24.1 want: ^3.0.5
1982 silly placeDep ROOT is-callable@1.2.7 OK for: es-abstract@1.24.1 want: ^1.2.7
1983 silly placeDep ROOT is-data-view@1.0.2 OK for: es-abstract@1.24.1 want: ^1.0.2
1984 silly placeDep ROOT is-negative-zero@2.0.3 OK for: es-abstract@1.24.1 want: ^2.0.3
1985 silly placeDep ROOT is-regex@1.2.1 OK for: es-abstract@1.24.1 want: ^1.2.1
1986 silly placeDep ROOT is-set@2.0.3 OK for: es-abstract@1.24.1 want: ^2.0.3
1987 silly placeDep ROOT is-shared-array-buffer@1.0.4 OK for: es-abstract@1.24.1 want: ^1.0.4
1988 silly placeDep ROOT is-typed-array@1.1.15 OK for: es-abstract@1.24.1 want: ^1.1.15
1989 silly placeDep ROOT is-weakref@1.1.1 OK for: es-abstract@1.24.1 want: ^1.1.1
1990 silly placeDep ROOT object-inspect@1.13.4 OK for: es-abstract@1.24.1 want: ^1.13.4
1991 silly placeDep ROOT object.assign@4.1.7 OK for: es-abstract@1.24.1 want: ^4.1.7
1992 silly placeDep ROOT own-keys@1.0.1 OK for: es-abstract@1.24.1 want: ^1.0.1
1993 silly placeDep ROOT regexp.prototype.flags@1.5.4 OK for: es-abstract@1.24.1 want: ^1.5.4
1994 silly placeDep ROOT safe-array-concat@1.1.3 OK for: es-abstract@1.24.1 want: ^1.1.3
1995 silly placeDep ROOT safe-push-apply@1.0.0 OK for: es-abstract@1.24.1 want: ^1.0.0
1996 silly placeDep ROOT safe-regex-test@1.1.0 OK for: es-abstract@1.24.1 want: ^1.1.0
1997 silly placeDep ROOT set-proto@1.0.0 OK for: es-abstract@1.24.1 want: ^1.0.0
1998 silly placeDep ROOT stop-iteration-iterator@1.1.0 OK for: es-abstract@1.24.1 want: ^1.1.0
1999 silly placeDep ROOT string.prototype.trim@1.2.10 OK for: es-abstract@1.24.1 want: ^1.2.10
2000 silly placeDep ROOT string.prototype.trimstart@1.0.8 OK for: es-abstract@1.24.1 want: ^1.0.8
2001 silly placeDep ROOT typed-array-buffer@1.0.3 OK for: es-abstract@1.24.1 want: ^1.0.3
2002 silly placeDep ROOT typed-array-byte-length@1.0.3 OK for: es-abstract@1.24.1 want: ^1.0.3
2003 silly placeDep ROOT typed-array-byte-offset@1.0.4 OK for: es-abstract@1.24.1 want: ^1.0.4
2004 silly placeDep ROOT typed-array-length@1.0.7 OK for: es-abstract@1.24.1 want: ^1.0.7
2005 silly placeDep ROOT unbox-primitive@1.1.0 OK for: es-abstract@1.24.1 want: ^1.1.0
2006 silly placeDep ROOT which-typed-array@1.1.20 OK for: es-abstract@1.24.1 want: ^1.1.19
2007 silly fetch manifest is-array-buffer@^3.0.4
2008 silly packumentCache full:https://registry.npmjs.org/is-array-buffer cache-miss
2009 silly fetch manifest possible-typed-array-names@^1.0.0
2010 silly packumentCache full:https://registry.npmjs.org/possible-typed-array-names cache-miss
2011 silly fetch manifest is-data-view@^1.0.1
2012 silly packumentCache full:https://registry.npmjs.org/is-data-view cache-miss
2013 silly fetch manifest is-date-object@^1.0.5
2014 silly packumentCache full:https://registry.npmjs.org/is-date-object cache-miss
2015 silly fetch manifest is-symbol@^1.0.4
2016 silly packumentCache full:https://registry.npmjs.org/is-symbol cache-miss
2017 silly fetch manifest functions-have-names@^1.2.3
2018 silly packumentCache full:https://registry.npmjs.org/functions-have-names cache-miss
2019 silly fetch manifest dunder-proto@^1.0.1
2020 silly packumentCache full:https://registry.npmjs.org/dunder-proto cache-miss
2021 http cache https://registry.npmjs.org/is-array-buffer 4ms (cache hit)
2022 silly packumentCache full:https://registry.npmjs.org/is-array-buffer set size:33562 disposed:false
2023 silly fetch manifest dunder-proto@^1.0.0
2024 silly packumentCache full:https://registry.npmjs.org/dunder-proto cache-miss
2025 http cache https://registry.npmjs.org/is-data-view 5ms (cache hit)
2026 silly packumentCache full:https://registry.npmjs.org/is-data-view set size:13756 disposed:false
2027 silly fetch manifest side-channel@^1.1.0
2028 silly packumentCache full:https://registry.npmjs.org/side-channel cache-miss
2029 http fetch GET 200 https://registry.npmjs.org/possible-typed-array-names 42ms (cache miss)
2030 silly packumentCache full:https://registry.npmjs.org/possible-typed-array-names set size:undefined disposed:false
2031 silly fetch manifest is-typed-array@^1.1.13
2032 silly packumentCache full:https://registry.npmjs.org/is-typed-array cache-miss
2033 http fetch GET 200 https://registry.npmjs.org/is-date-object 42ms (cache miss)
2034 silly packumentCache full:https://registry.npmjs.org/is-date-object set size:undefined disposed:false
2035 silly fetch manifest which-typed-array@^1.1.16
2036 silly packumentCache full:https://registry.npmjs.org/which-typed-array cache-miss
2037 http fetch GET 200 https://registry.npmjs.org/dunder-proto 43ms (cache miss)
2038 silly packumentCache full:https://registry.npmjs.org/dunder-proto set size:undefined disposed:false
2039 silly fetch manifest set-function-name@^2.0.2
2040 silly packumentCache full:https://registry.npmjs.org/set-function-name cache-miss
2041 http fetch GET 200 https://registry.npmjs.org/is-symbol 44ms (cache miss)
2042 silly packumentCache full:https://registry.npmjs.org/is-symbol set size:undefined disposed:false
2043 silly fetch manifest isarray@^2.0.5
2044 silly packumentCache full:https://registry.npmjs.org/isarray cache-miss
2045 http fetch GET 200 https://registry.npmjs.org/dunder-proto 42ms (cache miss)
2046 silly packumentCache full:https://registry.npmjs.org/dunder-proto set size:undefined disposed:false
2047 silly fetch manifest isarray@^2.0.5
2048 silly packumentCache full:https://registry.npmjs.org/isarray cache-miss
2049 http fetch GET 200 https://registry.npmjs.org/side-channel 42ms (cache miss)
2050 silly packumentCache full:https://registry.npmjs.org/side-channel set size:undefined disposed:false
2051 silly fetch manifest for-each@^0.3.3
2052 silly packumentCache full:https://registry.npmjs.org/for-each cache-miss
2053 http fetch GET 200 https://registry.npmjs.org/functions-have-names 47ms (cache miss)
2054 silly packumentCache full:https://registry.npmjs.org/functions-have-names set size:undefined disposed:false
2055 silly fetch manifest for-each@^0.3.3
2056 silly packumentCache full:https://registry.npmjs.org/for-each cache-miss
2057 http cache https://registry.npmjs.org/is-typed-array 6ms (cache hit)
2058 silly packumentCache full:https://registry.npmjs.org/is-typed-array set size:79965 disposed:false
2059 silly fetch manifest reflect.getprototypeof@^1.0.9
2060 silly packumentCache full:https://registry.npmjs.org/reflect.getprototypeof cache-miss
2061 http cache https://registry.npmjs.org/which-typed-array 6ms (cache hit)
2062 silly packumentCache full:https://registry.npmjs.org/which-typed-array set size:93605 disposed:false
2063 silly fetch manifest for-each@^0.3.3
2064 silly packumentCache full:https://registry.npmjs.org/for-each cache-miss
2065 http fetch GET 200 https://registry.npmjs.org/for-each 39ms (cache miss)
2066 silly packumentCache full:https://registry.npmjs.org/for-each set size:undefined disposed:false
2067 silly fetch manifest reflect.getprototypeof@^1.0.6
2068 silly packumentCache full:https://registry.npmjs.org/reflect.getprototypeof cache-miss
2069 http fetch GET 200 https://registry.npmjs.org/set-function-name 43ms (cache miss)
2070 silly packumentCache full:https://registry.npmjs.org/set-function-name set size:undefined disposed:false
2071 silly fetch manifest has-bigints@^1.0.2
2072 silly packumentCache full:https://registry.npmjs.org/has-bigints cache-miss
2073 http fetch GET 200 https://registry.npmjs.org/for-each 42ms (cache miss)
2074 silly packumentCache full:https://registry.npmjs.org/for-each set size:undefined disposed:false
2075 silly fetch manifest which-boxed-primitive@^1.1.1
2076 silly packumentCache full:https://registry.npmjs.org/which-boxed-primitive cache-miss
2077 http fetch GET 200 https://registry.npmjs.org/reflect.getprototypeof 42ms (cache miss)
2078 silly packumentCache full:https://registry.npmjs.org/reflect.getprototypeof set size:undefined disposed:false
2079 silly fetch manifest for-each@^0.3.5
2080 silly packumentCache full:https://registry.npmjs.org/for-each cache-miss
2081 http fetch GET 200 https://registry.npmjs.org/isarray 46ms (cache miss)
2082 silly packumentCache full:https://registry.npmjs.org/isarray set size:undefined disposed:false
2083 http fetch GET 200 https://registry.npmjs.org/isarray 46ms (cache miss)
2084 silly packumentCache full:https://registry.npmjs.org/isarray set size:undefined disposed:false
2085 http fetch GET 200 https://registry.npmjs.org/for-each 47ms (cache miss)
2086 silly packumentCache full:https://registry.npmjs.org/for-each set size:undefined disposed:false
2087 http cache https://registry.npmjs.org/for-each 7ms (cache hit)
2088 silly packumentCache full:https://registry.npmjs.org/for-each set size:14327 disposed:false
2089 http fetch GET 200 https://registry.npmjs.org/has-bigints 38ms (cache miss)
2090 silly packumentCache full:https://registry.npmjs.org/has-bigints set size:undefined disposed:false
2091 http fetch GET 200 https://registry.npmjs.org/reflect.getprototypeof 42ms (cache miss)
2092 silly packumentCache full:https://registry.npmjs.org/reflect.getprototypeof set size:undefined disposed:false
2093 http fetch GET 200 https://registry.npmjs.org/which-boxed-primitive 40ms (cache miss)
2094 silly packumentCache full:https://registry.npmjs.org/which-boxed-primitive set size:undefined disposed:false
2095 silly placeDep ROOT possible-typed-array-names@1.1.0 OK for: available-typed-arrays@1.0.7 want: ^1.0.0
2096 silly placeDep ROOT has-tostringtag@1.0.2 OK for: es-set-tostringtag@2.1.0 want: ^1.0.2
2097 silly placeDep ROOT is-date-object@1.1.0 OK for: es-to-primitive@1.3.0 want: ^1.0.5
2098 silly placeDep ROOT is-symbol@1.1.1 OK for: es-to-primitive@1.3.0 want: ^1.0.4
2099 silly placeDep node_modules/eslint-module-utils debug@3.2.7 OK for: eslint-module-utils@2.12.1 want: ^3.2.7
2100 silly placeDep ROOT aria-query@5.3.2 OK for: eslint-plugin-jsx-a11y@6.10.2 want: ^5.3.2
2101 silly placeDep ROOT ast-types-flow@0.0.8 OK for: eslint-plugin-jsx-a11y@6.10.2 want: ^0.0.8
2102 silly placeDep ROOT axe-core@4.11.1 OK for: eslint-plugin-jsx-a11y@6.10.2 want: ^4.10.0
2103 silly placeDep ROOT axobject-query@4.1.0 OK for: eslint-plugin-jsx-a11y@6.10.2 want: ^4.1.0
2104 silly placeDep ROOT damerau-levenshtein@1.0.8 OK for: eslint-plugin-jsx-a11y@6.10.2 want: ^1.0.8
2105 silly placeDep ROOT emoji-regex@9.2.2 OK for: eslint-plugin-jsx-a11y@6.10.2 want: ^9.2.2
2106 silly placeDep ROOT jsx-ast-utils@3.3.5 OK for: eslint-plugin-jsx-a11y@6.10.2 want: ^3.3.5
2107 silly placeDep ROOT language-tags@1.0.9 OK for: eslint-plugin-jsx-a11y@6.10.2 want: ^1.0.9
2108 silly placeDep ROOT string.prototype.includes@2.0.1 OK for: eslint-plugin-jsx-a11y@6.10.2 want: ^2.0.1
2109 silly fetch manifest language-subtag-registry@^0.3.20
2110 silly packumentCache full:https://registry.npmjs.org/language-subtag-registry cache-miss
2111 http fetch GET 200 https://registry.npmjs.org/language-subtag-registry 40ms (cache miss)
2112 silly packumentCache full:https://registry.npmjs.org/language-subtag-registry set size:undefined disposed:false
2113 silly placeDep ROOT array.prototype.findlast@1.2.5 OK for: eslint-plugin-react@7.37.5 want: ^1.2.5
2114 silly placeDep ROOT array.prototype.tosorted@1.1.4 OK for: eslint-plugin-react@7.37.5 want: ^1.1.4
2115 silly placeDep ROOT es-iterator-helpers@1.2.2 OK for: eslint-plugin-react@7.37.5 want: ^1.2.1
2116 silly placeDep ROOT estraverse@5.3.0 OK for: eslint-plugin-react@7.37.5 want: ^5.3.0
2117 silly placeDep ROOT object.entries@1.1.9 OK for: eslint-plugin-react@7.37.5 want: ^1.1.9
2118 silly placeDep ROOT prop-types@15.8.1 OK for: eslint-plugin-react@7.37.5 want: ^15.8.1
2119 silly placeDep node_modules/eslint-plugin-react resolve@2.0.0-next.5 OK for: eslint-plugin-react@7.37.5 want: ^2.0.0-next.5
2120 silly placeDep ROOT string.prototype.matchall@4.0.12 OK for: eslint-plugin-react@7.37.5 want: ^4.0.12
2121 silly placeDep ROOT string.prototype.repeat@1.0.0 OK for: eslint-plugin-react@7.37.5 want: ^1.0.0
2122 silly fetch manifest iterator.prototype@^1.1.5
2123 silly packumentCache full:https://registry.npmjs.org/iterator.prototype cache-miss
2124 silly fetch manifest loose-envify@^1.4.0
2125 silly packumentCache full:https://registry.npmjs.org/loose-envify cache-miss
2126 silly fetch manifest object-assign@^4.1.1
2127 silly packumentCache full:https://registry.npmjs.org/object-assign cache-miss
2128 silly fetch manifest react-is@^16.13.1
2129 silly packumentCache full:https://registry.npmjs.org/react-is cache-miss
2130 http fetch GET 200 https://registry.npmjs.org/loose-envify 45ms (cache miss)
2131 silly packumentCache full:https://registry.npmjs.org/loose-envify set size:undefined disposed:false
2132 http fetch GET 200 https://registry.npmjs.org/iterator.prototype 46ms (cache miss)
2133 silly packumentCache full:https://registry.npmjs.org/iterator.prototype set size:undefined disposed:false
2134 http fetch GET 200 https://registry.npmjs.org/object-assign 47ms (cache miss)
2135 silly packumentCache full:https://registry.npmjs.org/object-assign set size:undefined disposed:false
2136 http fetch GET 200 https://registry.npmjs.org/react-is 131ms (cache miss)
2137 silly packumentCache full:https://registry.npmjs.org/react-is set size:undefined disposed:false
2138 silly placeDep ROOT iterator.prototype@1.1.5 OK for: es-iterator-helpers@1.2.2 want: ^1.1.5
2139 silly placeDep ROOT @babel/core@7.29.0 OK for: eslint-plugin-react-hooks@7.0.1 want: ^7.24.4
2140 silly placeDep ROOT @babel/parser@7.29.0 OK for: eslint-plugin-react-hooks@7.0.1 want: ^7.24.4
2141 silly placeDep ROOT hermes-parser@0.25.1 OK for: eslint-plugin-react-hooks@7.0.1 want: ^0.25.1
2142 silly placeDep ROOT zod@4.3.6 OK for: eslint-plugin-react-hooks@7.0.1 want: ^3.25.0 || ^4.0.0
2143 silly placeDep ROOT zod-validation-error@4.0.2 OK for: eslint-plugin-react-hooks@7.0.1 want: ^3.5.0 || ^4.0.0
2144 silly fetch manifest json5@^2.2.3
2145 silly packumentCache full:https://registry.npmjs.org/json5 cache-miss
2146 silly fetch manifest gensync@^1.0.0-beta.2
2147 silly packumentCache full:https://registry.npmjs.org/gensync cache-miss
2148 silly fetch manifest @babel/types@^7.29.0
2149 silly packumentCache full:https://registry.npmjs.org/@babel%2ftypes cache-miss
2150 silly fetch manifest @babel/parser@^7.29.0
2151 silly packumentCache full:https://registry.npmjs.org/@babel%2fparser cache-miss
2152 silly fetch manifest @babel/helpers@^7.28.6
2153 silly packumentCache full:https://registry.npmjs.org/@babel%2fhelpers cache-miss
2154 silly fetch manifest @babel/template@^7.28.6
2155 silly packumentCache full:https://registry.npmjs.org/@babel%2ftemplate cache-miss
2156 silly fetch manifest @babel/traverse@^7.29.0
2157 silly packumentCache full:https://registry.npmjs.org/@babel%2ftraverse cache-miss
2158 http cache https://registry.npmjs.org/json5 6ms (cache hit)
2159 silly packumentCache full:https://registry.npmjs.org/json5 set size:86136 disposed:false
2160 silly fetch manifest @babel/generator@^7.29.0
2161 silly packumentCache full:https://registry.npmjs.org/@babel%2fgenerator cache-miss
2162 http cache https://registry.npmjs.org/@babel%2fparser 7ms (cache hit)
2163 silly packumentCache full:https://registry.npmjs.org/@babel%2fparser set size:711883 disposed:false
2164 silly fetch manifest @babel/code-frame@^7.29.0
2165 silly packumentCache full:https://registry.npmjs.org/@babel%2fcode-frame cache-miss
2166 http fetch GET 200 https://registry.npmjs.org/gensync 40ms (cache miss)
2167 silly packumentCache full:https://registry.npmjs.org/gensync set size:undefined disposed:false
2168 silly fetch manifest convert-source-map@^2.0.0
2169 silly packumentCache full:https://registry.npmjs.org/convert-source-map cache-miss
2170 http fetch GET 200 https://registry.npmjs.org/@babel%2ftemplate 54ms (cache miss)
2171 silly packumentCache full:https://registry.npmjs.org/@babel%2ftemplate set size:undefined disposed:false
2172 silly fetch manifest @babel/helper-module-transforms@^7.28.6
2173 silly packumentCache full:https://registry.npmjs.org/@babel%2fhelper-module-transforms cache-miss
2174 http fetch GET 200 https://registry.npmjs.org/@babel%2fhelpers 57ms (cache miss)
2175 silly packumentCache full:https://registry.npmjs.org/@babel%2fhelpers set size:undefined disposed:false
2176 silly fetch manifest @babel/helper-compilation-targets@^7.28.6
2177 silly packumentCache full:https://registry.npmjs.org/@babel%2fhelper-compilation-targets cache-miss
2178 http fetch GET 200 https://registry.npmjs.org/@babel%2ftraverse 59ms (cache miss)
2179 silly packumentCache full:https://registry.npmjs.org/@babel%2ftraverse set size:undefined disposed:false
2180 silly fetch manifest @babel/types@^7.29.0
2181 silly packumentCache full:https://registry.npmjs.org/@babel%2ftypes cache-miss
2182 http fetch GET 200 https://registry.npmjs.org/@babel%2ftypes 63ms (cache miss)
2183 silly packumentCache full:https://registry.npmjs.org/@babel%2ftypes set size:undefined disposed:false
2184 silly fetch manifest hermes-estree@0.25.1
2185 silly packumentCache full:https://registry.npmjs.org/hermes-estree cache-miss
2186 http fetch GET 200 https://registry.npmjs.org/convert-source-map 40ms (cache miss)
2187 silly packumentCache full:https://registry.npmjs.org/convert-source-map set size:undefined disposed:false
2188 http fetch GET 200 https://registry.npmjs.org/@babel%2fgenerator 75ms (cache miss)
2189 silly packumentCache full:https://registry.npmjs.org/@babel%2fgenerator set size:undefined disposed:false
2190 http fetch GET 200 https://registry.npmjs.org/@babel%2fhelper-module-transforms 46ms (cache miss)
2191 silly packumentCache full:https://registry.npmjs.org/@babel%2fhelper-module-transforms set size:undefined disposed:false
2192 http fetch GET 200 https://registry.npmjs.org/@babel%2fhelper-compilation-targets 49ms (cache miss)
2193 silly packumentCache full:https://registry.npmjs.org/@babel%2fhelper-compilation-targets set size:undefined disposed:false
2194 http fetch GET 200 https://registry.npmjs.org/@babel%2ftypes 50ms (cache miss)
2195 silly packumentCache full:https://registry.npmjs.org/@babel%2ftypes set size:undefined disposed:false
2196 http fetch GET 200 https://registry.npmjs.org/hermes-estree 175ms (cache miss)
2197 silly packumentCache full:https://registry.npmjs.org/hermes-estree set size:undefined disposed:false
2198 http fetch GET 200 https://registry.npmjs.org/@babel%2fcode-frame 577ms (cache miss)
2199 silly packumentCache full:https://registry.npmjs.org/@babel%2fcode-frame set size:undefined disposed:false
2200 silly fetch manifest @babel/core@^7.0.0
2201 silly packumentCache full:https://registry.npmjs.org/@babel%2fcore cache-hit
2202 silly placeDep ROOT @babel/code-frame@7.29.0 OK for: @babel/core@7.29.0 want: ^7.29.0
2203 silly placeDep ROOT @babel/generator@7.29.1 OK for: @babel/core@7.29.0 want: ^7.29.0
2204 silly placeDep ROOT @babel/helper-compilation-targets@7.28.6 OK for: @babel/core@7.29.0 want: ^7.28.6
2205 silly placeDep ROOT @babel/helper-module-transforms@7.28.6 OK for: @babel/core@7.29.0 want: ^7.28.6
2206 silly placeDep ROOT @babel/helpers@7.28.6 OK for: @babel/core@7.29.0 want: ^7.28.6
2207 silly placeDep ROOT @babel/template@7.28.6 OK for: @babel/core@7.29.0 want: ^7.28.6
2208 silly placeDep ROOT @babel/traverse@7.29.0 OK for: @babel/core@7.29.0 want: ^7.29.0
2209 silly placeDep ROOT @babel/types@7.29.0 OK for: @babel/core@7.29.0 want: ^7.29.0
2210 silly placeDep ROOT convert-source-map@2.0.0 OK for: @babel/core@7.29.0 want: ^2.0.0
2211 silly placeDep ROOT gensync@1.0.0-beta.2 OK for: @babel/core@7.29.0 want: ^1.0.0-beta.2
2212 silly placeDep ROOT json5@2.2.3 OK for: @babel/core@7.29.0 want: ^2.2.3
2213 silly fetch manifest js-tokens@^4.0.0
2214 silly packumentCache full:https://registry.npmjs.org/js-tokens cache-miss
2215 silly fetch manifest @babel/helper-validator-identifier@^7.28.5
2216 silly packumentCache full:https://registry.npmjs.org/@babel%2fhelper-validator-identifier cache-miss
2217 silly fetch manifest jsesc@^3.0.2
2218 silly packumentCache full:https://registry.npmjs.org/jsesc cache-miss
2219 silly fetch manifest lru-cache@^5.1.1
2220 silly packumentCache full:https://registry.npmjs.org/lru-cache cache-miss
2221 silly fetch manifest browserslist@^4.24.0
2222 silly packumentCache full:https://registry.npmjs.org/browserslist cache-miss
2223 silly fetch manifest @babel/compat-data@^7.28.6
2224 silly packumentCache full:https://registry.npmjs.org/@babel%2fcompat-data cache-miss
2225 silly fetch manifest @babel/helper-validator-option@^7.27.1
2226 silly packumentCache full:https://registry.npmjs.org/@babel%2fhelper-validator-option cache-miss
2227 http fetch GET 200 https://registry.npmjs.org/js-tokens 46ms (cache miss)
2228 silly packumentCache full:https://registry.npmjs.org/js-tokens set size:undefined disposed:false
2229 silly fetch manifest @babel/traverse@^7.28.6
2230 silly packumentCache full:https://registry.npmjs.org/@babel%2ftraverse cache-miss
2231 http fetch GET 200 https://registry.npmjs.org/jsesc 53ms (cache miss)
2232 silly packumentCache full:https://registry.npmjs.org/jsesc set size:undefined disposed:false
2233 silly fetch manifest @babel/helper-module-imports@^7.28.6
2234 silly packumentCache full:https://registry.npmjs.org/@babel%2fhelper-module-imports cache-miss
2235 http cache https://registry.npmjs.org/@babel%2ftraverse 12ms (cache hit)
2236 silly packumentCache full:https://registry.npmjs.org/@babel%2ftraverse set size:544276 disposed:false
2237 silly fetch manifest @babel/helper-validator-identifier@^7.28.5
2238 silly packumentCache full:https://registry.npmjs.org/@babel%2fhelper-validator-identifier cache-miss
2239 http fetch GET 200 https://registry.npmjs.org/lru-cache 67ms (cache miss)
2240 silly packumentCache full:https://registry.npmjs.org/lru-cache set size:undefined disposed:false
2241 silly fetch manifest @babel/types@^7.28.6
2242 silly packumentCache full:https://registry.npmjs.org/@babel%2ftypes cache-miss
2243 http fetch GET 200 https://registry.npmjs.org/@babel%2fhelper-validator-identifier 71ms (cache miss)
2244 silly packumentCache full:https://registry.npmjs.org/@babel%2fhelper-validator-identifier set size:undefined disposed:false
2245 silly fetch manifest @babel/types@^7.28.6
2246 silly packumentCache full:https://registry.npmjs.org/@babel%2ftypes cache-miss
2247 http fetch GET 200 https://registry.npmjs.org/@babel%2fhelper-validator-option 71ms (cache miss)
2248 silly packumentCache full:https://registry.npmjs.org/@babel%2fhelper-validator-option set size:undefined disposed:false
2249 silly fetch manifest @babel/helper-globals@^7.28.0
2250 silly packumentCache full:https://registry.npmjs.org/@babel%2fhelper-globals cache-miss
2251 http fetch GET 200 https://registry.npmjs.org/browserslist 73ms (cache miss)
2252 silly packumentCache full:https://registry.npmjs.org/browserslist set size:undefined disposed:false
2253 silly fetch manifest @babel/helper-string-parser@^7.27.1
2254 silly packumentCache full:https://registry.npmjs.org/@babel%2fhelper-string-parser cache-miss
2255 http fetch GET 200 https://registry.npmjs.org/@babel%2fcompat-data 75ms (cache miss)
2256 silly packumentCache full:https://registry.npmjs.org/@babel%2fcompat-data set size:undefined disposed:false
2257 http cache https://registry.npmjs.org/@babel%2ftypes 8ms (cache hit)
2258 silly packumentCache full:https://registry.npmjs.org/@babel%2ftypes set size:483793 disposed:false
2259 http cache https://registry.npmjs.org/@babel%2ftypes 9ms (cache hit)
2260 silly packumentCache full:https://registry.npmjs.org/@babel%2ftypes set size:483793 disposed:false
2261 silly packumentCache full:https://registry.npmjs.org/@babel%2ftypes dispose
2262 http fetch GET 200 https://registry.npmjs.org/@babel%2fhelper-module-imports 46ms (cache miss)
2263 silly packumentCache full:https://registry.npmjs.org/@babel%2fhelper-module-imports set size:undefined disposed:false
2264 http fetch GET 200 https://registry.npmjs.org/@babel%2fhelper-validator-identifier 51ms (cache miss)
2265 silly packumentCache full:https://registry.npmjs.org/@babel%2fhelper-validator-identifier set size:undefined disposed:false
2266 http fetch GET 200 https://registry.npmjs.org/@babel%2fhelper-globals 51ms (cache miss)
2267 silly packumentCache full:https://registry.npmjs.org/@babel%2fhelper-globals set size:undefined disposed:false
2268 http fetch GET 200 https://registry.npmjs.org/@babel%2fhelper-string-parser 52ms (cache miss)
2269 silly packumentCache full:https://registry.npmjs.org/@babel%2fhelper-string-parser set size:undefined disposed:false
2270 silly placeDep ROOT @babel/helper-validator-identifier@7.28.5 OK for: @babel/code-frame@7.29.0 want: ^7.28.5
2271 silly placeDep ROOT js-tokens@4.0.0 OK for: @babel/code-frame@7.29.0 want: ^4.0.0
2272 silly placeDep ROOT picocolors@1.1.1 OK for: @babel/code-frame@7.29.0 want: ^1.1.1
2273 silly placeDep ROOT jsesc@3.1.0 OK for: @babel/generator@7.29.1 want: ^3.0.2
2274 silly placeDep ROOT @babel/compat-data@7.29.0 OK for: @babel/helper-compilation-targets@7.28.6 want: ^7.28.6
2275 silly placeDep ROOT @babel/helper-validator-option@7.27.1 OK for: @babel/helper-compilation-targets@7.28.6 want: ^7.27.1
2276 silly placeDep ROOT browserslist@4.28.1 OK for: @babel/helper-compilation-targets@7.28.6 want: ^4.24.0
2277 silly placeDep ROOT lru-cache@5.1.1 OK for: @babel/helper-compilation-targets@7.28.6 want: ^5.1.1
2278 silly fetch manifest baseline-browser-mapping@^2.9.0
2279 silly packumentCache full:https://registry.npmjs.org/baseline-browser-mapping cache-miss
2280 silly fetch manifest caniuse-lite@^1.0.30001759
2281 silly packumentCache full:https://registry.npmjs.org/caniuse-lite cache-miss
2282 silly fetch manifest electron-to-chromium@^1.5.263
2283 silly packumentCache full:https://registry.npmjs.org/electron-to-chromium cache-miss
2284 silly fetch manifest node-releases@^2.0.27
2285 silly packumentCache full:https://registry.npmjs.org/node-releases cache-miss
2286 silly fetch manifest update-browserslist-db@^1.2.0
2287 silly packumentCache full:https://registry.npmjs.org/update-browserslist-db cache-miss
2288 silly fetch manifest yallist@^3.0.2
2289 silly packumentCache full:https://registry.npmjs.org/yallist cache-miss
2290 http cache https://registry.npmjs.org/baseline-browser-mapping 3ms (cache hit)
2291 silly packumentCache full:https://registry.npmjs.org/baseline-browser-mapping set size:385813 disposed:false
2292 http cache https://registry.npmjs.org/caniuse-lite 7ms (cache hit)
2293 silly packumentCache full:https://registry.npmjs.org/caniuse-lite set size:2252610 disposed:false
2294 http fetch GET 200 https://registry.npmjs.org/yallist 41ms (cache miss)
2295 silly packumentCache full:https://registry.npmjs.org/yallist set size:undefined disposed:false
2296 http fetch GET 200 https://registry.npmjs.org/node-releases 44ms (cache miss)
2297 silly packumentCache full:https://registry.npmjs.org/node-releases set size:undefined disposed:false
2298 http fetch GET 200 https://registry.npmjs.org/update-browserslist-db 45ms (cache miss)
2299 silly packumentCache full:https://registry.npmjs.org/update-browserslist-db set size:undefined disposed:false
2300 http fetch GET 200 https://registry.npmjs.org/electron-to-chromium 119ms (cache miss)
2301 silly packumentCache full:https://registry.npmjs.org/electron-to-chromium set size:undefined disposed:false
2302 silly placeDep ROOT @babel/helper-module-imports@7.28.6 OK for: @babel/helper-module-transforms@7.28.6 want: ^7.28.6
2303 silly placeDep ROOT @babel/helper-globals@7.28.0 OK for: @babel/traverse@7.29.0 want: ^7.28.0
2304 silly placeDep ROOT @babel/helper-string-parser@7.27.1 OK for: @babel/types@7.29.0 want: ^7.27.1
2305 silly fetch manifest browserslist@>= 4.21.0
2306 silly packumentCache full:https://registry.npmjs.org/browserslist cache-miss
2307 http cache https://registry.npmjs.org/browserslist 1ms (cache hit)
2308 silly packumentCache full:https://registry.npmjs.org/browserslist set size:502989 disposed:false
2309 silly placeDep ROOT baseline-browser-mapping@2.9.19 OK for: browserslist@4.28.1 want: ^2.9.0
2310 silly placeDep ROOT caniuse-lite@1.0.30001769 OK for: browserslist@4.28.1 want: ^1.0.30001759
2311 silly placeDep ROOT electron-to-chromium@1.5.286 OK for: browserslist@4.28.1 want: ^1.5.263
2312 silly placeDep ROOT node-releases@2.0.27 OK for: browserslist@4.28.1 want: ^2.0.27
2313 silly placeDep ROOT update-browserslist-db@1.2.3 OK for: browserslist@4.28.1 want: ^1.2.0
2314 silly fetch manifest escalade@^3.2.0
2315 silly packumentCache full:https://registry.npmjs.org/escalade cache-miss
2316 http fetch GET 200 https://registry.npmjs.org/escalade 175ms (cache miss)
2317 silly packumentCache full:https://registry.npmjs.org/escalade set size:undefined disposed:false
2318 silly placeDep ROOT esrecurse@4.3.0 OK for: eslint-scope@8.4.0 want: ^4.3.0
2319 silly placeDep ROOT acorn@8.15.0 OK for: espree@10.4.0 want: ^8.15.0
2320 silly placeDep ROOT acorn-jsx@5.3.2 OK for: espree@10.4.0 want: ^5.3.2
2321 silly placeDep ROOT @nodelib/fs.stat@2.0.5 OK for: fast-glob@3.3.1 want: ^2.0.2
2322 silly placeDep ROOT @nodelib/fs.walk@1.2.8 OK for: fast-glob@3.3.1 want: ^1.2.3
2323 silly placeDep node_modules/fast-glob glob-parent@5.1.2 OK for: fast-glob@3.3.1 want: ^5.1.2
2324 silly placeDep ROOT merge2@1.4.1 OK for: fast-glob@3.3.1 want: ^1.3.0
2325 silly placeDep ROOT micromatch@4.0.8 OK for: fast-glob@3.3.1 want: ^4.0.4
2326 silly fetch manifest fastq@^1.6.0
2327 silly packumentCache full:https://registry.npmjs.org/fastq cache-miss
2328 silly fetch manifest @nodelib/fs.scandir@2.1.5
2329 silly packumentCache full:https://registry.npmjs.org/@nodelib%2ffs.scandir cache-miss
2330 silly fetch manifest braces@^3.0.3
2331 silly packumentCache full:https://registry.npmjs.org/braces cache-miss
2332 silly fetch manifest picomatch@^2.3.1
2333 silly packumentCache full:https://registry.npmjs.org/picomatch cache-miss
2334 http cache https://registry.npmjs.org/picomatch 3ms (cache hit)
2335 silly packumentCache full:https://registry.npmjs.org/picomatch set size:118818 disposed:false
2336 http fetch GET 200 https://registry.npmjs.org/fastq 39ms (cache miss)
2337 silly packumentCache full:https://registry.npmjs.org/fastq set size:undefined disposed:false
2338 http fetch GET 200 https://registry.npmjs.org/braces 43ms (cache miss)
2339 silly packumentCache full:https://registry.npmjs.org/braces set size:undefined disposed:false
2340 http fetch GET 200 https://registry.npmjs.org/@nodelib%2ffs.scandir 60ms (cache miss)
2341 silly packumentCache full:https://registry.npmjs.org/@nodelib%2ffs.scandir set size:undefined disposed:false
2342 silly placeDep ROOT @nodelib/fs.scandir@2.1.5 OK for: @nodelib/fs.walk@1.2.8 want: 2.1.5
2343 silly placeDep ROOT fastq@1.20.1 OK for: @nodelib/fs.walk@1.2.8 want: ^1.6.0
2344 silly fetch manifest run-parallel@^1.1.9
2345 silly packumentCache full:https://registry.npmjs.org/run-parallel cache-miss
2346 silly fetch manifest reusify@^1.0.4
2347 silly packumentCache full:https://registry.npmjs.org/reusify cache-miss
2348 http fetch GET 200 https://registry.npmjs.org/run-parallel 40ms (cache miss)
2349 silly packumentCache full:https://registry.npmjs.org/run-parallel set size:undefined disposed:false
2350 http fetch GET 200 https://registry.npmjs.org/reusify 44ms (cache miss)
2351 silly packumentCache full:https://registry.npmjs.org/reusify set size:undefined disposed:false
2352 silly placeDep ROOT run-parallel@1.2.0 OK for: @nodelib/fs.scandir@2.1.5 want: ^1.1.9
2353 silly fetch manifest queue-microtask@^1.2.2
2354 silly packumentCache full:https://registry.npmjs.org/queue-microtask cache-miss
2355 http fetch GET 200 https://registry.npmjs.org/queue-microtask 43ms (cache miss)
2356 silly packumentCache full:https://registry.npmjs.org/queue-microtask set size:undefined disposed:false
2357 silly placeDep ROOT reusify@1.1.0 OK for: fastq@1.20.1 want: ^1.0.4
2358 silly placeDep ROOT flat-cache@4.0.1 OK for: file-entry-cache@8.0.0 want: ^4.0.0
2359 silly fetch manifest keyv@^4.5.4
2360 silly packumentCache full:https://registry.npmjs.org/keyv cache-miss
2361 silly fetch manifest flatted@^3.2.9
2362 silly packumentCache full:https://registry.npmjs.org/flatted cache-miss
2363 http fetch GET 200 https://registry.npmjs.org/keyv 45ms (cache miss)
2364 silly packumentCache full:https://registry.npmjs.org/keyv set size:undefined disposed:false
2365 http fetch GET 200 https://registry.npmjs.org/flatted 52ms (cache miss)
2366 silly packumentCache full:https://registry.npmjs.org/flatted set size:undefined disposed:false
2367 silly placeDep ROOT locate-path@6.0.0 OK for: find-up@5.0.0 want: ^6.0.0
2368 silly placeDep ROOT path-exists@4.0.0 OK for: find-up@5.0.0 want: ^4.0.0
2369 silly fetch manifest p-locate@^5.0.0
2370 silly packumentCache full:https://registry.npmjs.org/p-locate cache-miss
2371 http fetch GET 200 https://registry.npmjs.org/p-locate 37ms (cache miss)
2372 silly packumentCache full:https://registry.npmjs.org/p-locate set size:undefined disposed:false
2373 silly placeDep ROOT flatted@3.3.3 OK for: flat-cache@4.0.1 want: ^3.2.9
2374 silly placeDep ROOT keyv@4.5.4 OK for: flat-cache@4.0.1 want: ^4.5.4
2375 silly fetch manifest json-buffer@3.0.1
2376 silly packumentCache full:https://registry.npmjs.org/json-buffer cache-miss
2377 http fetch GET 200 https://registry.npmjs.org/json-buffer 38ms (cache miss)
2378 silly packumentCache full:https://registry.npmjs.org/json-buffer set size:undefined disposed:false
2379 silly placeDep ROOT motion-dom@12.33.0 OK for: framer-motion@12.33.0 want: ^12.33.0
2380 silly placeDep ROOT motion-utils@12.29.2 OK for: framer-motion@12.33.0 want: ^12.29.2
2381 silly placeDep ROOT tslib@2.8.1 OK for: framer-motion@12.33.0 want: ^2.4.0
2382 silly placeDep ROOT functions-have-names@1.2.3 OK for: function.prototype.name@1.1.8 want: ^1.2.3
2383 silly placeDep ROOT dunder-proto@1.0.1 OK for: get-proto@1.0.1 want: ^1.0.1
2384 silly placeDep ROOT resolve-pkg-maps@1.0.0 OK for: get-tsconfig@4.13.6 want: ^1.0.0
2385 silly placeDep ROOT hermes-estree@0.25.1 OK for: hermes-parser@0.25.1 want: 0.25.1
2386 silly placeDep ROOT parent-module@1.0.1 OK for: import-fresh@3.3.1 want: ^1.0.0
2387 silly placeDep ROOT resolve-from@4.0.0 OK for: import-fresh@3.3.1 want: ^4.0.0
2388 silly fetch manifest callsites@^3.0.0
2389 silly packumentCache full:https://registry.npmjs.org/callsites cache-miss
2390 http fetch GET 200 https://registry.npmjs.org/callsites 39ms (cache miss)
2391 silly packumentCache full:https://registry.npmjs.org/callsites set size:undefined disposed:false
2392 silly placeDep ROOT side-channel@1.1.0 OK for: internal-slot@1.1.0 want: ^1.1.0
2393 silly fetch manifest side-channel-list@^1.0.0
2394 silly packumentCache full:https://registry.npmjs.org/side-channel-list cache-miss
2395 silly fetch manifest side-channel-map@^1.0.1
2396 silly packumentCache full:https://registry.npmjs.org/side-channel-map cache-miss
2397 silly fetch manifest side-channel-weakmap@^1.0.2
2398 silly packumentCache full:https://registry.npmjs.org/side-channel-weakmap cache-miss
2399 http fetch GET 200 https://registry.npmjs.org/side-channel-map 36ms (cache miss)
2400 silly packumentCache full:https://registry.npmjs.org/side-channel-map set size:undefined disposed:false
2401 http fetch GET 200 https://registry.npmjs.org/side-channel-weakmap 44ms (cache miss)
2402 silly packumentCache full:https://registry.npmjs.org/side-channel-weakmap set size:undefined disposed:false
2403 http fetch GET 200 https://registry.npmjs.org/side-channel-list 45ms (cache miss)
2404 silly packumentCache full:https://registry.npmjs.org/side-channel-list set size:undefined disposed:false
2405 silly placeDep node_modules/is-bun-module semver@7.7.4 OK for: is-bun-module@2.0.0 want: ^7.7.1
2406 silly placeDep ROOT is-extglob@2.1.1 OK for: is-glob@4.0.3 want: ^2.1.1
2407 silly placeDep ROOT set-function-name@2.0.2 OK for: iterator.prototype@1.1.5 want: ^2.0.2
2408 silly fetch manifest @types/react@*
2409 silly packumentCache full:https://registry.npmjs.org/@types%2freact cache-miss
2410 http cache https://registry.npmjs.org/@types%2freact 4ms (cache hit)
2411 silly packumentCache full:https://registry.npmjs.org/@types%2freact set size:2584421 disposed:false
2412 silly placeDep ROOT @types/react-reconciler@0.28.9 OK for: its-fine@2.0.0 want: ^0.28.9
2413 silly placeDep ROOT argparse@2.0.1 OK for: js-yaml@4.1.1 want: ^2.0.1
2414 silly placeDep ROOT json-buffer@3.0.1 OK for: keyv@4.5.4 want: 3.0.1
2415 silly placeDep ROOT language-subtag-registry@0.3.23 OK for: language-tags@1.0.9 want: ^0.3.20
2416 silly placeDep ROOT prelude-ls@1.2.1 OK for: levn@0.4.1 want: ^1.2.1
2417 silly placeDep ROOT type-check@0.4.0 OK for: levn@0.4.1 want: ~0.4.0
2418 silly placeDep ROOT detect-libc@2.1.2 OK for: lightningcss@1.30.2 want: ^2.0.3
2419 silly placeDep ROOT lightningcss-android-arm64@1.30.2 OK for: lightningcss@1.30.2 want: 1.30.2
2420 silly placeDep ROOT lightningcss-darwin-arm64@1.30.2 OK for: lightningcss@1.30.2 want: 1.30.2
2421 silly placeDep ROOT lightningcss-darwin-x64@1.30.2 OK for: lightningcss@1.30.2 want: 1.30.2
2422 silly placeDep ROOT lightningcss-freebsd-x64@1.30.2 OK for: lightningcss@1.30.2 want: 1.30.2
2423 silly placeDep ROOT lightningcss-linux-arm-gnueabihf@1.30.2 OK for: lightningcss@1.30.2 want: 1.30.2
2424 silly placeDep ROOT lightningcss-linux-arm64-gnu@1.30.2 OK for: lightningcss@1.30.2 want: 1.30.2
2425 silly placeDep ROOT lightningcss-linux-arm64-musl@1.30.2 OK for: lightningcss@1.30.2 want: 1.30.2
2426 silly placeDep ROOT lightningcss-linux-x64-gnu@1.30.2 OK for: lightningcss@1.30.2 want: 1.30.2
2427 silly placeDep ROOT lightningcss-linux-x64-musl@1.30.2 OK for: lightningcss@1.30.2 want: 1.30.2
2428 silly placeDep ROOT lightningcss-win32-arm64-msvc@1.30.2 OK for: lightningcss@1.30.2 want: 1.30.2
2429 silly placeDep ROOT lightningcss-win32-x64-msvc@1.30.2 OK for: lightningcss@1.30.2 want: 1.30.2
2430 silly placeDep ROOT p-locate@5.0.0 OK for: locate-path@6.0.0 want: ^5.0.0
2431 silly fetch manifest p-limit@^3.0.2
2432 silly packumentCache full:https://registry.npmjs.org/p-limit cache-miss
2433 http fetch GET 200 https://registry.npmjs.org/p-limit 38ms (cache miss)
2434 silly packumentCache full:https://registry.npmjs.org/p-limit set size:undefined disposed:false
2435 silly placeDep ROOT yallist@3.1.1 OK for: lru-cache@5.1.1 want: ^3.0.2
2436 silly placeDep ROOT braces@3.0.3 OK for: micromatch@4.0.8 want: ^3.0.3
2437 silly placeDep ROOT picomatch@2.3.1 OK for: micromatch@4.0.8 want: ^2.3.1
2438 silly fetch manifest fill-range@^7.1.1
2439 silly packumentCache full:https://registry.npmjs.org/fill-range cache-miss
2440 http fetch GET 200 https://registry.npmjs.org/fill-range 51ms (cache miss)
2441 silly packumentCache full:https://registry.npmjs.org/fill-range set size:undefined disposed:false
2442 silly placeDep ROOT fill-range@7.1.1 OK for: braces@3.0.3 want: ^7.1.1
2443 silly fetch manifest to-regex-range@^5.0.1
2444 silly packumentCache full:https://registry.npmjs.org/to-regex-range cache-miss
2445 http fetch GET 200 https://registry.npmjs.org/to-regex-range 43ms (cache miss)
2446 silly packumentCache full:https://registry.npmjs.org/to-regex-range set size:undefined disposed:false
2447 silly placeDep ROOT to-regex-range@5.0.1 OK for: fill-range@7.1.1 want: ^5.0.1
2448 silly fetch manifest is-number@^7.0.0
2449 silly packumentCache full:https://registry.npmjs.org/is-number cache-miss
2450 http fetch GET 200 https://registry.npmjs.org/is-number 42ms (cache miss)
2451 silly packumentCache full:https://registry.npmjs.org/is-number set size:undefined disposed:false
2452 silly placeDep ROOT brace-expansion@1.1.12 OK for: minimatch@3.1.2 want: ^1.1.7
2453 silly fetch manifest balanced-match@^1.0.0
2454 silly packumentCache full:https://registry.npmjs.org/balanced-match cache-miss
2455 silly fetch manifest concat-map@0.0.1
2456 silly packumentCache full:https://registry.npmjs.org/concat-map cache-miss
2457 http fetch GET 200 https://registry.npmjs.org/balanced-match 44ms (cache miss)
2458 silly packumentCache full:https://registry.npmjs.org/balanced-match set size:undefined disposed:false
2459 http fetch GET 200 https://registry.npmjs.org/concat-map 179ms (cache miss)
2460 silly packumentCache full:https://registry.npmjs.org/concat-map set size:undefined disposed:false
2461 silly placeDep ROOT balanced-match@1.0.2 OK for: brace-expansion@1.1.12 want: ^1.0.0
2462 silly placeDep ROOT concat-map@0.0.1 OK for: brace-expansion@1.1.12 want: 0.0.1
2463 silly fetch manifest react@^18.2.0 || 19.0.0-rc-de68d2f4-20241204 || ^19.0.0
2464 silly packumentCache full:https://registry.npmjs.org/react cache-miss
2465 http cache https://registry.npmjs.org/react 15ms (cache hit)
2466 silly packumentCache full:https://registry.npmjs.org/react set size:6466562 disposed:false
2467 silly placeDep ROOT @next/env@16.1.6 OK for: next@16.1.6 want: 16.1.6
2468 silly placeDep ROOT @next/swc-darwin-arm64@16.1.6 OK for: next@16.1.6 want: 16.1.6
2469 silly placeDep ROOT @next/swc-darwin-x64@16.1.6 OK for: next@16.1.6 want: 16.1.6
2470 silly placeDep ROOT @next/swc-linux-arm64-gnu@16.1.6 OK for: next@16.1.6 want: 16.1.6
2471 silly placeDep ROOT @next/swc-linux-arm64-musl@16.1.6 OK for: next@16.1.6 want: 16.1.6
2472 silly placeDep ROOT @next/swc-linux-x64-gnu@16.1.6 OK for: next@16.1.6 want: 16.1.6
2473 silly placeDep ROOT @next/swc-linux-x64-musl@16.1.6 OK for: next@16.1.6 want: 16.1.6
2474 silly placeDep ROOT @next/swc-win32-arm64-msvc@16.1.6 OK for: next@16.1.6 want: 16.1.6
2475 silly placeDep ROOT @next/swc-win32-x64-msvc@16.1.6 OK for: next@16.1.6 want: 16.1.6
2476 silly placeDep ROOT @swc/helpers@0.5.15 OK for: next@16.1.6 want: 0.5.15
2477 silly placeDep node_modules/next postcss@8.4.31 OK for: next@16.1.6 want: 8.4.31
2478 silly placeDep ROOT sharp@0.34.5 OK for: next@16.1.6 want: ^0.34.4
2479 silly placeDep ROOT styled-jsx@5.1.6 OK for: next@16.1.6 want: 5.1.6
2480 silly fetch manifest nanoid@^3.3.6
2481 silly packumentCache full:https://registry.npmjs.org/nanoid cache-miss
2482 silly fetch manifest semver@^7.7.3
2483 silly packumentCache full:https://registry.npmjs.org/semver cache-hit
2484 silly fetch manifest @img/colour@^1.0.0
2485 silly packumentCache full:https://registry.npmjs.org/@img%2fcolour cache-miss
2486 silly fetch manifest @img/sharp-wasm32@0.34.5
2487 silly packumentCache full:https://registry.npmjs.org/@img%2fsharp-wasm32 cache-miss
2488 silly fetch manifest @img/sharp-linux-arm@0.34.5
2489 silly packumentCache full:https://registry.npmjs.org/@img%2fsharp-linux-arm cache-miss
2490 silly fetch manifest @img/sharp-linux-x64@0.34.5
2491 silly packumentCache full:https://registry.npmjs.org/@img%2fsharp-linux-x64 cache-miss
2492 silly fetch manifest @img/sharp-win32-x64@0.34.5
2493 silly packumentCache full:https://registry.npmjs.org/@img%2fsharp-win32-x64 cache-miss
2494 silly fetch manifest @img/sharp-darwin-x64@0.34.5
2495 silly packumentCache full:https://registry.npmjs.org/@img%2fsharp-darwin-x64 cache-miss
2496 http cache https://registry.npmjs.org/nanoid 7ms (cache hit)
2497 silly packumentCache full:https://registry.npmjs.org/nanoid set size:298419 disposed:false
2498 silly fetch manifest @img/sharp-win32-ia32@0.34.5
2499 silly packumentCache full:https://registry.npmjs.org/@img%2fsharp-win32-ia32 cache-miss
2500 http fetch GET 200 https://registry.npmjs.org/@img%2fsharp-linux-arm 54ms (cache miss)
2501 silly packumentCache full:https://registry.npmjs.org/@img%2fsharp-linux-arm set size:undefined disposed:false
2502 silly fetch manifest @img/sharp-linux-arm64@0.34.5
2503 silly packumentCache full:https://registry.npmjs.org/@img%2fsharp-linux-arm64 cache-miss
2504 http fetch GET 200 https://registry.npmjs.org/@img%2fsharp-win32-x64 56ms (cache miss)
2505 silly packumentCache full:https://registry.npmjs.org/@img%2fsharp-win32-x64 set size:undefined disposed:false
2506 silly fetch manifest @img/sharp-linux-ppc64@0.34.5
2507 silly packumentCache full:https://registry.npmjs.org/@img%2fsharp-linux-ppc64 cache-miss
2508 http fetch GET 200 https://registry.npmjs.org/@img%2fsharp-darwin-x64 56ms (cache miss)
2509 silly packumentCache full:https://registry.npmjs.org/@img%2fsharp-darwin-x64 set size:undefined disposed:false
2510 silly fetch manifest @img/sharp-linux-s390x@0.34.5
2511 silly packumentCache full:https://registry.npmjs.org/@img%2fsharp-linux-s390x cache-miss
2512 http fetch GET 200 https://registry.npmjs.org/@img%2fsharp-linux-x64 58ms (cache miss)
2513 silly packumentCache full:https://registry.npmjs.org/@img%2fsharp-linux-x64 set size:undefined disposed:false
2514 silly fetch manifest @img/sharp-win32-arm64@0.34.5
2515 silly packumentCache full:https://registry.npmjs.org/@img%2fsharp-win32-arm64 cache-miss
2516 http fetch GET 200 https://registry.npmjs.org/@img%2fsharp-linux-arm64 48ms (cache miss)
2517 silly packumentCache full:https://registry.npmjs.org/@img%2fsharp-linux-arm64 set size:undefined disposed:false
2518 silly fetch manifest @img/sharp-darwin-arm64@0.34.5
2519 silly packumentCache full:https://registry.npmjs.org/@img%2fsharp-darwin-arm64 cache-miss
2520 http fetch GET 200 https://registry.npmjs.org/@img%2fcolour 150ms (cache miss)
2521 silly packumentCache full:https://registry.npmjs.org/@img%2fcolour set size:undefined disposed:false
2522 silly fetch manifest @img/sharp-linux-riscv64@0.34.5
2523 silly packumentCache full:https://registry.npmjs.org/@img%2fsharp-linux-riscv64 cache-miss
2524 http fetch GET 200 https://registry.npmjs.org/@img%2fsharp-win32-ia32 148ms (cache miss)
2525 silly packumentCache full:https://registry.npmjs.org/@img%2fsharp-win32-ia32 set size:undefined disposed:false
2526 silly fetch manifest @img/sharp-linuxmusl-x64@0.34.5
2527 silly packumentCache full:https://registry.npmjs.org/@img%2fsharp-linuxmusl-x64 cache-miss
2528 http fetch GET 200 https://registry.npmjs.org/@img%2fsharp-darwin-arm64 57ms (cache miss)
2529 silly packumentCache full:https://registry.npmjs.org/@img%2fsharp-darwin-arm64 set size:undefined disposed:false
2530 silly fetch manifest @img/sharp-linuxmusl-arm64@0.34.5
2531 silly packumentCache full:https://registry.npmjs.org/@img%2fsharp-linuxmusl-arm64 cache-miss
2532 http fetch GET 200 https://registry.npmjs.org/@img%2fsharp-linuxmusl-x64 48ms (cache miss)
2533 silly packumentCache full:https://registry.npmjs.org/@img%2fsharp-linuxmusl-x64 set size:undefined disposed:false
2534 silly fetch manifest @img/sharp-libvips-linux-arm@1.2.4
2535 silly packumentCache full:https://registry.npmjs.org/@img%2fsharp-libvips-linux-arm cache-miss
2536 http fetch GET 200 https://registry.npmjs.org/@img%2fsharp-linuxmusl-arm64 55ms (cache miss)
2537 silly packumentCache full:https://registry.npmjs.org/@img%2fsharp-linuxmusl-arm64 set size:undefined disposed:false
2538 silly fetch manifest @img/sharp-libvips-linux-x64@1.2.4
2539 silly packumentCache full:https://registry.npmjs.org/@img%2fsharp-libvips-linux-x64 cache-miss
2540 http fetch GET 200 https://registry.npmjs.org/@img%2fsharp-linux-ppc64 167ms (cache miss)
2541 silly packumentCache full:https://registry.npmjs.org/@img%2fsharp-linux-ppc64 set size:undefined disposed:false
2542 silly fetch manifest @img/sharp-libvips-darwin-x64@1.2.4
2543 silly packumentCache full:https://registry.npmjs.org/@img%2fsharp-libvips-darwin-x64 cache-miss
2544 http fetch GET 200 https://registry.npmjs.org/@img%2fsharp-win32-arm64 171ms (cache miss)
2545 silly packumentCache full:https://registry.npmjs.org/@img%2fsharp-win32-arm64 set size:undefined disposed:false
2546 silly fetch manifest @img/sharp-libvips-linux-arm64@1.2.4
2547 silly packumentCache full:https://registry.npmjs.org/@img%2fsharp-libvips-linux-arm64 cache-miss
2548 http fetch GET 200 https://registry.npmjs.org/@img%2fsharp-libvips-linux-x64 46ms (cache miss)
2549 silly packumentCache full:https://registry.npmjs.org/@img%2fsharp-libvips-linux-x64 set size:undefined disposed:false
2550 silly fetch manifest @img/sharp-libvips-linux-ppc64@1.2.4
2551 silly packumentCache full:https://registry.npmjs.org/@img%2fsharp-libvips-linux-ppc64 cache-miss
2552 http fetch GET 200 https://registry.npmjs.org/@img%2fsharp-libvips-linux-arm 57ms (cache miss)
2553 silly packumentCache full:https://registry.npmjs.org/@img%2fsharp-libvips-linux-arm set size:undefined disposed:false
2554 silly fetch manifest @img/sharp-libvips-linux-s390x@1.2.4
2555 silly packumentCache full:https://registry.npmjs.org/@img%2fsharp-libvips-linux-s390x cache-miss
2556 http fetch GET 200 https://registry.npmjs.org/@img%2fsharp-libvips-darwin-x64 43ms (cache miss)
2557 silly packumentCache full:https://registry.npmjs.org/@img%2fsharp-libvips-darwin-x64 set size:undefined disposed:false
2558 silly fetch manifest @img/sharp-libvips-darwin-arm64@1.2.4
2559 silly packumentCache full:https://registry.npmjs.org/@img%2fsharp-libvips-darwin-arm64 cache-miss
2560 http fetch GET 200 https://registry.npmjs.org/@img%2fsharp-libvips-linux-arm64 47ms (cache miss)
2561 silly packumentCache full:https://registry.npmjs.org/@img%2fsharp-libvips-linux-arm64 set size:undefined disposed:false
2562 silly fetch manifest @img/sharp-libvips-linux-riscv64@1.2.4
2563 silly packumentCache full:https://registry.npmjs.org/@img%2fsharp-libvips-linux-riscv64 cache-miss
2564 http fetch GET 200 https://registry.npmjs.org/@img%2fsharp-wasm32 296ms (cache miss)
2565 silly packumentCache full:https://registry.npmjs.org/@img%2fsharp-wasm32 set size:undefined disposed:false
2566 silly fetch manifest @img/sharp-libvips-linuxmusl-x64@1.2.4
2567 silly packumentCache full:https://registry.npmjs.org/@img%2fsharp-libvips-linuxmusl-x64 cache-miss
2568 http fetch GET 200 https://registry.npmjs.org/@img%2fsharp-libvips-darwin-arm64 58ms (cache miss)
2569 silly packumentCache full:https://registry.npmjs.org/@img%2fsharp-libvips-darwin-arm64 set size:undefined disposed:false
2570 silly fetch manifest @img/sharp-libvips-linuxmusl-arm64@1.2.4
2571 silly packumentCache full:https://registry.npmjs.org/@img%2fsharp-libvips-linuxmusl-arm64 cache-miss
2572 http fetch GET 200 https://registry.npmjs.org/@img%2fsharp-linux-s390x 298ms (cache miss)
2573 silly packumentCache full:https://registry.npmjs.org/@img%2fsharp-linux-s390x set size:undefined disposed:false
2574 silly fetch manifest client-only@0.0.1
2575 silly packumentCache full:https://registry.npmjs.org/client-only cache-miss
2576 http fetch GET 200 https://registry.npmjs.org/@img%2fsharp-libvips-linuxmusl-x64 59ms (cache miss)
2577 silly packumentCache full:https://registry.npmjs.org/@img%2fsharp-libvips-linuxmusl-x64 set size:undefined disposed:false
2578 http fetch GET 200 https://registry.npmjs.org/@img%2fsharp-libvips-linuxmusl-arm64 55ms (cache miss)
2579 silly packumentCache full:https://registry.npmjs.org/@img%2fsharp-libvips-linuxmusl-arm64 set size:undefined disposed:false
2580 http fetch GET 200 https://registry.npmjs.org/@img%2fsharp-libvips-linux-ppc64 153ms (cache miss)
2581 silly packumentCache full:https://registry.npmjs.org/@img%2fsharp-libvips-linux-ppc64 set size:undefined disposed:false
2582 http fetch GET 200 https://registry.npmjs.org/@img%2fsharp-linux-riscv64 280ms (cache miss)
2583 silly packumentCache full:https://registry.npmjs.org/@img%2fsharp-linux-riscv64 set size:undefined disposed:false
2584 http fetch GET 200 https://registry.npmjs.org/@img%2fsharp-libvips-linux-riscv64 159ms (cache miss)
2585 silly packumentCache full:https://registry.npmjs.org/@img%2fsharp-libvips-linux-riscv64 set size:undefined disposed:false
2586 http fetch GET 200 https://registry.npmjs.org/client-only 187ms (cache miss)
2587 silly packumentCache full:https://registry.npmjs.org/client-only set size:undefined disposed:false
2588 http fetch GET 200 https://registry.npmjs.org/@img%2fsharp-libvips-linux-s390x 301ms (cache miss)
2589 silly packumentCache full:https://registry.npmjs.org/@img%2fsharp-libvips-linux-s390x set size:undefined disposed:false
2590 silly placeDep ROOT deep-is@0.1.4 OK for: optionator@0.9.4 want: ^0.1.3
2591 silly placeDep ROOT fast-levenshtein@2.0.6 OK for: optionator@0.9.4 want: ^2.0.6
2592 silly placeDep ROOT word-wrap@1.2.5 OK for: optionator@0.9.4 want: ^1.2.5
2593 silly placeDep ROOT p-limit@3.1.0 OK for: p-locate@5.0.0 want: ^3.0.2
2594 silly fetch manifest yocto-queue@^0.1.0
2595 silly packumentCache full:https://registry.npmjs.org/yocto-queue cache-miss
2596 http fetch GET 200 https://registry.npmjs.org/yocto-queue 48ms (cache miss)
2597 silly packumentCache full:https://registry.npmjs.org/yocto-queue set size:undefined disposed:false
2598 silly placeDep ROOT yocto-queue@0.1.0 OK for: p-limit@3.1.0 want: ^0.1.0
2599 silly placeDep ROOT callsites@3.1.0 OK for: parent-module@1.0.1 want: ^3.0.0
2600 silly placeDep ROOT nanoid@3.3.11 OK for: postcss@8.5.6 want: ^3.3.11
2601 silly placeDep ROOT @prisma/config@6.19.2 OK for: prisma@6.19.2 want: 6.19.2
2602 silly placeDep ROOT @prisma/engines@6.19.2 OK for: prisma@6.19.2 want: 6.19.2
2603 silly fetch manifest c12@3.1.0
2604 silly packumentCache full:https://registry.npmjs.org/c12 cache-miss
2605 silly fetch manifest effect@3.18.4
2606 silly packumentCache full:https://registry.npmjs.org/effect cache-miss
2607 silly fetch manifest empathic@2.0.0
2608 silly packumentCache full:https://registry.npmjs.org/empathic cache-miss
2609 silly fetch manifest deepmerge-ts@7.1.5
2610 silly packumentCache full:https://registry.npmjs.org/deepmerge-ts cache-miss
2611 silly fetch manifest @prisma/debug@6.19.2
2612 silly packumentCache full:https://registry.npmjs.org/@prisma%2fdebug cache-miss
2613 silly fetch manifest @prisma/fetch-engine@6.19.2
2614 silly packumentCache full:https://registry.npmjs.org/@prisma%2ffetch-engine cache-miss
2615 silly fetch manifest @prisma/get-platform@6.19.2
2616 silly packumentCache full:https://registry.npmjs.org/@prisma%2fget-platform cache-miss
2617 http fetch GET 200 https://registry.npmjs.org/deepmerge-ts 180ms (cache miss)
2618 silly packumentCache full:https://registry.npmjs.org/deepmerge-ts set size:undefined disposed:false
2619 silly fetch manifest @prisma/engines-version@7.1.1-3.c2990dca591cba766e3b7ef5d9e8a84796e47ab7
2620 silly packumentCache full:https://registry.npmjs.org/@prisma%2fengines-version cache-miss
2621 http fetch GET 200 https://registry.npmjs.org/empathic 189ms (cache miss)
2622 silly packumentCache full:https://registry.npmjs.org/empathic set size:undefined disposed:false
2623 http fetch GET 200 https://registry.npmjs.org/c12 192ms (cache miss)
2624 silly packumentCache full:https://registry.npmjs.org/c12 set size:undefined disposed:false
2625 http fetch GET 200 https://registry.npmjs.org/effect 274ms (cache miss)
2626 silly packumentCache full:https://registry.npmjs.org/effect set size:undefined disposed:false
2627 http fetch GET 200 https://registry.npmjs.org/@prisma%2fengines-version 586ms (cache miss)
2628 silly packumentCache full:https://registry.npmjs.org/@prisma%2fengines-version set size:undefined disposed:false
2629 http fetch GET 200 https://registry.npmjs.org/@prisma%2ffetch-engine 815ms (cache miss)
2630 silly packumentCache full:https://registry.npmjs.org/@prisma%2ffetch-engine set size:undefined disposed:false
2631 http fetch GET 200 https://registry.npmjs.org/@prisma%2fget-platform 931ms (cache miss)
2632 silly packumentCache full:https://registry.npmjs.org/@prisma%2fget-platform set size:undefined disposed:false
2633 http fetch GET 200 https://registry.npmjs.org/@prisma%2fdebug 1126ms (cache miss)
2634 silly packumentCache full:https://registry.npmjs.org/@prisma%2fdebug set size:undefined disposed:false
2635 silly fetch manifest magicast@^0.3.5
2636 silly packumentCache full:https://registry.npmjs.org/magicast cache-miss
2637 http fetch GET 200 https://registry.npmjs.org/magicast 43ms (cache miss)
2638 silly packumentCache full:https://registry.npmjs.org/magicast set size:undefined disposed:false
2639 silly placeDep ROOT c12@3.1.0 OK for: @prisma/config@6.19.2 want: 3.1.0
2640 silly placeDep ROOT deepmerge-ts@7.1.5 OK for: @prisma/config@6.19.2 want: 7.1.5
2641 silly placeDep ROOT effect@3.18.4 OK for: @prisma/config@6.19.2 want: 3.18.4
2642 silly placeDep ROOT empathic@2.0.0 OK for: @prisma/config@6.19.2 want: 2.0.0
2643 silly fetch manifest rc9@^2.1.2
2644 silly packumentCache full:https://registry.npmjs.org/rc9 cache-miss
2645 silly fetch manifest defu@^6.1.4
2646 silly packumentCache full:https://registry.npmjs.org/defu cache-miss
2647 silly fetch manifest giget@^2.0.0
2648 silly packumentCache full:https://registry.npmjs.org/giget cache-miss
2649 silly fetch manifest ohash@^2.0.11
2650 silly packumentCache full:https://registry.npmjs.org/ohash cache-miss
2651 silly fetch manifest pathe@^2.0.3
2652 silly packumentCache full:https://registry.npmjs.org/pathe cache-miss
2653 silly fetch manifest dotenv@^16.6.1
2654 silly packumentCache full:https://registry.npmjs.org/dotenv cache-miss
2655 silly fetch manifest confbox@^0.2.2
2656 silly packumentCache full:https://registry.npmjs.org/confbox cache-miss
2657 http fetch GET 200 https://registry.npmjs.org/pathe 41ms (cache miss)
2658 silly packumentCache full:https://registry.npmjs.org/pathe set size:undefined disposed:false
2659 silly fetch manifest exsolve@^1.0.7
2660 silly packumentCache full:https://registry.npmjs.org/exsolve cache-miss
2661 http fetch GET 200 https://registry.npmjs.org/dotenv 43ms (cache miss)
2662 silly packumentCache full:https://registry.npmjs.org/dotenv set size:undefined disposed:false
2663 silly fetch manifest chokidar@^4.0.3
2664 silly packumentCache full:https://registry.npmjs.org/chokidar cache-miss
2665 http fetch GET 200 https://registry.npmjs.org/chokidar 56ms (cache miss)
2666 silly packumentCache full:https://registry.npmjs.org/chokidar set size:undefined disposed:false
2667 silly fetch manifest pkg-types@^2.2.0
2668 silly packumentCache full:https://registry.npmjs.org/pkg-types cache-miss
2669 http fetch GET 200 https://registry.npmjs.org/ohash 173ms (cache miss)
2670 silly packumentCache full:https://registry.npmjs.org/ohash set size:undefined disposed:false
2671 silly fetch manifest perfect-debounce@^1.0.0
2672 silly packumentCache full:https://registry.npmjs.org/perfect-debounce cache-miss
2673 http fetch GET 200 https://registry.npmjs.org/giget 177ms (cache miss)
2674 silly packumentCache full:https://registry.npmjs.org/giget set size:undefined disposed:false
2675 silly fetch manifest fast-check@^3.23.1
2676 silly packumentCache full:https://registry.npmjs.org/fast-check cache-miss
2677 http fetch GET 200 https://registry.npmjs.org/rc9 179ms (cache miss)
2678 silly packumentCache full:https://registry.npmjs.org/rc9 set size:undefined disposed:false
2679 silly fetch manifest @standard-schema/spec@^1.0.0
2680 silly packumentCache full:https://registry.npmjs.org/@standard-schema%2fspec cache-miss
2681 http fetch GET 200 https://registry.npmjs.org/defu 200ms (cache miss)
2682 silly packumentCache full:https://registry.npmjs.org/defu set size:undefined disposed:false
2683 http fetch GET 200 https://registry.npmjs.org/exsolve 176ms (cache miss)
2684 silly packumentCache full:https://registry.npmjs.org/exsolve set size:undefined disposed:false
2685 http fetch GET 200 https://registry.npmjs.org/@standard-schema%2fspec 192ms (cache miss)
2686 silly packumentCache full:https://registry.npmjs.org/@standard-schema%2fspec set size:undefined disposed:false
2687 http fetch GET 200 https://registry.npmjs.org/fast-check 236ms (cache miss)
2688 silly packumentCache full:https://registry.npmjs.org/fast-check set size:undefined disposed:false
2689 http fetch GET 200 https://registry.npmjs.org/confbox 441ms (cache miss)
2690 silly packumentCache full:https://registry.npmjs.org/confbox set size:undefined disposed:false
2691 http fetch GET 200 https://registry.npmjs.org/pkg-types 437ms (cache miss)
2692 silly packumentCache full:https://registry.npmjs.org/pkg-types set size:undefined disposed:false
2693 http fetch GET 200 https://registry.npmjs.org/perfect-debounce 494ms (cache miss)
2694 silly packumentCache full:https://registry.npmjs.org/perfect-debounce set size:undefined disposed:false
2695 silly placeDep ROOT @prisma/debug@6.19.2 OK for: @prisma/engines@6.19.2 want: 6.19.2
2696 silly placeDep ROOT @prisma/engines-version@7.1.1-3.c2990dca591cba766e3b7ef5d9e8a84796e47ab7 OK for: @prisma/engines@6.19.2 want: 7.1.1-3.c2990dca591cba766e3b7ef5d9e8a84796e47ab7
2697 silly placeDep ROOT @prisma/fetch-engine@6.19.2 OK for: @prisma/engines@6.19.2 want: 6.19.2
2698 silly placeDep ROOT @prisma/get-platform@6.19.2 OK for: @prisma/engines@6.19.2 want: 6.19.2
2699 silly placeDep ROOT chokidar@4.0.3 OK for: c12@3.1.0 want: ^4.0.3
2700 silly placeDep ROOT confbox@0.2.4 OK for: c12@3.1.0 want: ^0.2.2
2701 silly placeDep ROOT defu@6.1.4 OK for: c12@3.1.0 want: ^6.1.4
2702 silly placeDep ROOT dotenv@16.6.1 OK for: c12@3.1.0 want: ^16.6.1
2703 silly placeDep ROOT exsolve@1.0.8 OK for: c12@3.1.0 want: ^1.0.7
2704 silly placeDep ROOT giget@2.0.0 OK for: c12@3.1.0 want: ^2.0.0
2705 silly placeDep ROOT ohash@2.0.11 OK for: c12@3.1.0 want: ^2.0.11
2706 silly placeDep ROOT pathe@2.0.3 OK for: c12@3.1.0 want: ^2.0.3
2707 silly placeDep ROOT perfect-debounce@1.0.0 OK for: c12@3.1.0 want: ^1.0.0
2708 silly placeDep ROOT pkg-types@2.3.0 OK for: c12@3.1.0 want: ^2.2.0
2709 silly placeDep ROOT rc9@2.1.2 OK for: c12@3.1.0 want: ^2.1.2
2710 silly fetch manifest readdirp@^4.0.1
2711 silly packumentCache full:https://registry.npmjs.org/readdirp cache-miss
2712 silly fetch manifest nypm@^0.6.0
2713 silly packumentCache full:https://registry.npmjs.org/nypm cache-miss
2714 silly fetch manifest citty@^0.1.6
2715 silly packumentCache full:https://registry.npmjs.org/citty cache-miss
2716 silly fetch manifest consola@^3.4.0
2717 silly packumentCache full:https://registry.npmjs.org/consola cache-miss
2718 silly fetch manifest node-fetch-native@^1.6.6
2719 silly packumentCache full:https://registry.npmjs.org/node-fetch-native cache-miss
2720 silly fetch manifest destr@^2.0.3
2721 silly packumentCache full:https://registry.npmjs.org/destr cache-miss
2722 http fetch GET 200 https://registry.npmjs.org/readdirp 41ms (cache miss)
2723 silly packumentCache full:https://registry.npmjs.org/readdirp set size:undefined disposed:false
2724 http fetch GET 200 https://registry.npmjs.org/destr 175ms (cache miss)
2725 silly packumentCache full:https://registry.npmjs.org/destr set size:undefined disposed:false
2726 http fetch GET 200 https://registry.npmjs.org/node-fetch-native 445ms (cache miss)
2727 silly packumentCache full:https://registry.npmjs.org/node-fetch-native set size:undefined disposed:false
2728 http fetch GET 200 https://registry.npmjs.org/citty 449ms (cache miss)
2729 silly packumentCache full:https://registry.npmjs.org/citty set size:undefined disposed:false
2730 http fetch GET 200 https://registry.npmjs.org/nypm 452ms (cache miss)
2731 silly packumentCache full:https://registry.npmjs.org/nypm set size:undefined disposed:false
2732 http fetch GET 200 https://registry.npmjs.org/consola 456ms (cache miss)
2733 silly packumentCache full:https://registry.npmjs.org/consola set size:undefined disposed:false
2734 silly placeDep ROOT readdirp@4.1.2 OK for: chokidar@4.0.3 want: ^4.0.1
2735 silly placeDep ROOT @standard-schema/spec@1.1.0 OK for: effect@3.18.4 want: ^1.0.0
2736 silly placeDep ROOT fast-check@3.23.2 OK for: effect@3.18.4 want: ^3.23.1
2737 silly fetch manifest pure-rand@^6.1.0
2738 silly packumentCache full:https://registry.npmjs.org/pure-rand cache-miss
2739 http fetch GET 200 https://registry.npmjs.org/pure-rand 180ms (cache miss)
2740 silly packumentCache full:https://registry.npmjs.org/pure-rand set size:undefined disposed:false
2741 silly placeDep ROOT pure-rand@6.1.0 OK for: fast-check@3.23.2 want: ^6.1.0
2742 silly placeDep ROOT citty@0.1.6 OK for: giget@2.0.0 want: ^0.1.6
2743 silly placeDep ROOT consola@3.4.2 OK for: giget@2.0.0 want: ^3.4.0
2744 silly placeDep ROOT node-fetch-native@1.6.7 OK for: giget@2.0.0 want: ^1.6.6
2745 silly placeDep ROOT nypm@0.6.5 OK for: giget@2.0.0 want: ^0.6.0
2746 silly fetch manifest consola@^3.2.3
2747 silly packumentCache full:https://registry.npmjs.org/consola cache-miss
2748 silly fetch manifest citty@^0.2.0
2749 silly packumentCache full:https://registry.npmjs.org/citty cache-miss
2750 silly fetch manifest tinyexec@^1.0.2
2751 silly packumentCache full:https://registry.npmjs.org/tinyexec cache-miss
2752 http cache https://registry.npmjs.org/citty 3ms (cache hit)
2753 silly packumentCache full:https://registry.npmjs.org/citty set size:29428 disposed:false
2754 http cache https://registry.npmjs.org/consola 4ms (cache hit)
2755 silly packumentCache full:https://registry.npmjs.org/consola set size:324648 disposed:false
2756 http fetch GET 200 https://registry.npmjs.org/tinyexec 43ms (cache miss)
2757 silly packumentCache full:https://registry.npmjs.org/tinyexec set size:undefined disposed:false
2758 silly placeDep node_modules/nypm citty@0.2.0 OK for: nypm@0.6.5 want: ^0.2.0
2759 silly placeDep ROOT tinyexec@1.0.2 OK for: nypm@0.6.5 want: ^1.0.2
2760 silly placeDep ROOT is-promise@2.2.2 OK for: promise-worker-transferable@1.0.4 want: ^2.1.0
2761 silly placeDep ROOT lie@3.3.0 OK for: promise-worker-transferable@1.0.4 want: ^3.0.2
2762 silly fetch manifest immediate@~3.0.5
2763 silly packumentCache full:https://registry.npmjs.org/immediate cache-miss
2764 http fetch GET 200 https://registry.npmjs.org/immediate 37ms (cache miss)
2765 silly packumentCache full:https://registry.npmjs.org/immediate set size:undefined disposed:false
2766 silly placeDep ROOT immediate@3.0.6 OK for: lie@3.3.0 want: ~3.0.5
2767 silly placeDep ROOT loose-envify@1.4.0 OK for: prop-types@15.8.1 want: ^1.4.0
2768 silly placeDep ROOT object-assign@4.1.1 OK for: prop-types@15.8.1 want: ^4.1.1
2769 silly placeDep ROOT react-is@16.13.1 OK for: prop-types@15.8.1 want: ^16.13.1
2770 silly placeDep ROOT destr@2.0.5 OK for: rc9@2.1.2 want: ^2.0.3
2771 silly placeDep ROOT path-parse@1.0.7 OK for: resolve@1.22.11 want: ^1.0.7
2772 silly placeDep ROOT supports-preserve-symlinks-flag@1.0.0 OK for: resolve@1.22.11 want: ^1.0.0
2773 silly placeDep ROOT queue-microtask@1.2.3 OK for: run-parallel@1.2.0 want: ^1.2.2
2774 silly placeDep ROOT isarray@2.0.5 OK for: safe-array-concat@1.1.3 want: ^2.0.5
2775 silly placeDep ROOT @img/colour@1.0.0 OK for: sharp@0.34.5 want: ^1.0.0
2776 silly placeDep ROOT @img/sharp-darwin-arm64@0.34.5 OK for: sharp@0.34.5 want: 0.34.5
2777 silly placeDep ROOT @img/sharp-darwin-x64@0.34.5 OK for: sharp@0.34.5 want: 0.34.5
2778 silly placeDep ROOT @img/sharp-libvips-darwin-arm64@1.2.4 OK for: sharp@0.34.5 want: 1.2.4
2779 silly placeDep ROOT @img/sharp-libvips-darwin-x64@1.2.4 OK for: sharp@0.34.5 want: 1.2.4
2780 silly placeDep ROOT @img/sharp-libvips-linux-arm@1.2.4 OK for: sharp@0.34.5 want: 1.2.4
2781 silly placeDep ROOT @img/sharp-libvips-linux-arm64@1.2.4 OK for: sharp@0.34.5 want: 1.2.4
2782 silly placeDep ROOT @img/sharp-libvips-linux-ppc64@1.2.4 OK for: sharp@0.34.5 want: 1.2.4
2783 silly placeDep ROOT @img/sharp-libvips-linux-riscv64@1.2.4 OK for: sharp@0.34.5 want: 1.2.4
2784 silly placeDep ROOT @img/sharp-libvips-linux-s390x@1.2.4 OK for: sharp@0.34.5 want: 1.2.4
2785 silly placeDep ROOT @img/sharp-libvips-linux-x64@1.2.4 OK for: sharp@0.34.5 want: 1.2.4
2786 silly placeDep ROOT @img/sharp-libvips-linuxmusl-arm64@1.2.4 OK for: sharp@0.34.5 want: 1.2.4
2787 silly placeDep ROOT @img/sharp-libvips-linuxmusl-x64@1.2.4 OK for: sharp@0.34.5 want: 1.2.4
2788 silly placeDep ROOT @img/sharp-linux-arm@0.34.5 OK for: sharp@0.34.5 want: 0.34.5
2789 silly placeDep ROOT @img/sharp-linux-arm64@0.34.5 OK for: sharp@0.34.5 want: 0.34.5
2790 silly placeDep ROOT @img/sharp-linux-ppc64@0.34.5 OK for: sharp@0.34.5 want: 0.34.5
2791 silly placeDep ROOT @img/sharp-linux-riscv64@0.34.5 OK for: sharp@0.34.5 want: 0.34.5
2792 silly placeDep ROOT @img/sharp-linux-s390x@0.34.5 OK for: sharp@0.34.5 want: 0.34.5
2793 silly placeDep ROOT @img/sharp-linux-x64@0.34.5 OK for: sharp@0.34.5 want: 0.34.5
2794 silly placeDep ROOT @img/sharp-linuxmusl-arm64@0.34.5 OK for: sharp@0.34.5 want: 0.34.5
2795 silly placeDep ROOT @img/sharp-linuxmusl-x64@0.34.5 OK for: sharp@0.34.5 want: 0.34.5
2796 silly placeDep ROOT @img/sharp-wasm32@0.34.5 OK for: sharp@0.34.5 want: 0.34.5
2797 silly placeDep ROOT @img/sharp-win32-arm64@0.34.5 OK for: sharp@0.34.5 want: 0.34.5
2798 silly placeDep ROOT @img/sharp-win32-ia32@0.34.5 OK for: sharp@0.34.5 want: 0.34.5
2799 silly placeDep ROOT @img/sharp-win32-x64@0.34.5 OK for: sharp@0.34.5 want: 0.34.5
2800 silly placeDep node_modules/sharp semver@7.7.4 OK for: sharp@0.34.5 want: ^7.7.3
2801 silly fetch manifest @emnapi/runtime@^1.7.0
2802 silly packumentCache full:https://registry.npmjs.org/@emnapi%2fruntime cache-miss
2803 http fetch GET 200 https://registry.npmjs.org/@emnapi%2fruntime 51ms (cache miss)
2804 silly packumentCache full:https://registry.npmjs.org/@emnapi%2fruntime set size:undefined disposed:false
2805 silly placeDep ROOT @emnapi/runtime@1.8.1 OK for: @img/sharp-wasm32@0.34.5 want: ^1.7.0
2806 silly placeDep ROOT shebang-regex@3.0.0 OK for: shebang-command@2.0.0 want: ^3.0.0
2807 silly placeDep ROOT side-channel-list@1.0.0 OK for: side-channel@1.1.0 want: ^1.0.0
2808 silly placeDep ROOT side-channel-map@1.0.1 OK for: side-channel@1.1.0 want: ^1.0.1
2809 silly placeDep ROOT side-channel-weakmap@1.0.2 OK for: side-channel@1.1.0 want: ^1.0.2
2810 silly placeDep node_modules/stats-gl three@0.170.0 OK for: stats-gl@2.4.2 want: ^0.170.0
2811 silly placeDep ROOT client-only@0.0.1 OK for: styled-jsx@5.1.6 want: 0.0.1
2812 silly placeDep ROOT has-flag@4.0.0 OK for: supports-color@7.2.0 want: ^4.0.0
2813 silly placeDep ROOT @types/draco3d@1.4.10 OK for: three-stdlib@2.36.1 want: ^1.4.0
2814 silly placeDep ROOT @types/offscreencanvas@2019.7.3 OK for: three-stdlib@2.36.1 want: ^2019.6.4
2815 silly placeDep ROOT draco3d@1.5.7 OK for: three-stdlib@2.36.1 want: ^1.4.1
2816 silly placeDep node_modules/three-stdlib fflate@0.6.10 OK for: three-stdlib@2.36.1 want: ^0.6.9
2817 silly placeDep ROOT potpack@1.0.2 OK for: three-stdlib@2.36.1 want: ^1.0.1
2818 silly placeDep node_modules/tinyglobby fdir@6.5.0 OK for: tinyglobby@0.2.15 want: ^6.5.0
2819 silly placeDep node_modules/tinyglobby picomatch@4.0.3 OK for: fdir@6.5.0 want: ^3 || ^4
2820 silly placeDep ROOT is-number@7.0.0 OK for: to-regex-range@5.0.1 want: ^7.0.0
2821 silly fetch manifest three@>=0.125.0
2822 silly packumentCache full:https://registry.npmjs.org/three cache-hit
2823 silly placeDep ROOT bidi-js@1.0.3 OK for: troika-three-text@0.52.4 want: ^1.0.2
2824 silly placeDep ROOT troika-three-utils@0.52.4 OK for: troika-three-text@0.52.4 want: ^0.52.4
2825 silly placeDep ROOT troika-worker-utils@0.52.0 OK for: troika-three-text@0.52.4 want: ^0.52.0
2826 silly placeDep ROOT webgl-sdf-generator@1.1.1 OK for: troika-three-text@0.52.4 want: 1.1.1
2827 silly fetch manifest require-from-string@^2.0.2
2828 silly packumentCache full:https://registry.npmjs.org/require-from-string cache-miss
2829 http fetch GET 200 https://registry.npmjs.org/require-from-string 56ms (cache miss)
2830 silly packumentCache full:https://registry.npmjs.org/require-from-string set size:undefined disposed:false
2831 silly placeDep ROOT require-from-string@2.0.2 OK for: bidi-js@1.0.3 want: ^2.0.2
2832 silly placeDep ROOT @types/json5@0.0.29 OK for: tsconfig-paths@3.15.0 want: ^0.0.29
2833 silly placeDep node_modules/tsconfig-paths json5@1.0.2 OK for: tsconfig-paths@3.15.0 want: ^1.0.2
2834 silly placeDep ROOT minimist@1.2.8 OK for: tsconfig-paths@3.15.0 want: ^1.2.6
2835 silly placeDep ROOT strip-bom@3.0.0 OK for: tsconfig-paths@3.15.0 want: ^3.0.0
2836 silly fetch manifest minimist@^1.2.0
2837 silly packumentCache full:https://registry.npmjs.org/minimist cache-miss
2838 http cache https://registry.npmjs.org/minimist 1ms (cache hit)
2839 silly packumentCache full:https://registry.npmjs.org/minimist set size:77082 disposed:false
2840 silly fetch manifest @types/react@>=16.8
2841 silly packumentCache full:https://registry.npmjs.org/@types%2freact cache-miss
2842 http cache https://registry.npmjs.org/@types%2freact 5ms (cache hit)
2843 silly packumentCache full:https://registry.npmjs.org/@types%2freact set size:2584421 disposed:false
2844 silly fetch manifest react@>=16.8
2845 silly packumentCache full:https://registry.npmjs.org/react cache-miss
2846 http cache https://registry.npmjs.org/react 7ms (cache hit)
2847 silly packumentCache full:https://registry.npmjs.org/react set size:6466562 disposed:false
2848 silly placeDep node_modules/tunnel-rat zustand@4.5.7 OK for: tunnel-rat@0.1.2 want: ^4.3.2
2849 silly placeDep ROOT for-each@0.3.5 OK for: typed-array-byte-length@1.0.3 want: ^0.3.3
2850 silly placeDep ROOT reflect.getprototypeof@1.0.10 OK for: typed-array-byte-offset@1.0.4 want: ^1.0.9
2851 silly fetch manifest which-builtin-type@^1.2.1
2852 silly packumentCache full:https://registry.npmjs.org/which-builtin-type cache-miss
2853 http fetch GET 200 https://registry.npmjs.org/which-builtin-type 192ms (cache miss)
2854 silly packumentCache full:https://registry.npmjs.org/which-builtin-type set size:undefined disposed:false
2855 silly placeDep ROOT which-builtin-type@1.2.1 OK for: reflect.getprototypeof@1.0.10 want: ^1.2.1
2856 silly fetch manifest is-async-function@^2.0.0
2857 silly packumentCache full:https://registry.npmjs.org/is-async-function cache-miss
2858 silly fetch manifest is-finalizationregistry@^1.1.0
2859 silly packumentCache full:https://registry.npmjs.org/is-finalizationregistry cache-miss
2860 silly fetch manifest is-generator-function@^1.0.10
2861 silly packumentCache full:https://registry.npmjs.org/is-generator-function cache-miss
2862 silly fetch manifest which-boxed-primitive@^1.1.0
2863 silly packumentCache full:https://registry.npmjs.org/which-boxed-primitive cache-miss
2864 silly fetch manifest which-collection@^1.0.2
2865 silly packumentCache full:https://registry.npmjs.org/which-collection cache-miss
2866 http cache https://registry.npmjs.org/which-boxed-primitive 3ms (cache hit)
2867 silly packumentCache full:https://registry.npmjs.org/which-boxed-primitive set size:19407 disposed:false
2868 http fetch GET 200 https://registry.npmjs.org/is-async-function 40ms (cache miss)
2869 silly packumentCache full:https://registry.npmjs.org/is-async-function set size:undefined disposed:false
2870 http fetch GET 200 https://registry.npmjs.org/is-generator-function 42ms (cache miss)
2871 silly packumentCache full:https://registry.npmjs.org/is-generator-function set size:undefined disposed:false
2872 http fetch GET 200 https://registry.npmjs.org/is-finalizationregistry 43ms (cache miss)
2873 silly packumentCache full:https://registry.npmjs.org/is-finalizationregistry set size:undefined disposed:false
2874 http fetch GET 200 https://registry.npmjs.org/which-collection 44ms (cache miss)
2875 silly packumentCache full:https://registry.npmjs.org/which-collection set size:undefined disposed:false
2876 silly fetch manifest typescript@>=4.8.4 <6.0.0
2877 silly packumentCache full:https://registry.npmjs.org/typescript cache-miss
2878 http cache https://registry.npmjs.org/typescript 21ms (cache hit)
2879 silly packumentCache full:https://registry.npmjs.org/typescript set size:15216073 disposed:false
2880 silly placeDep ROOT @typescript-eslint/eslint-plugin@8.54.0 OK for: typescript-eslint@8.54.0 want: 8.54.0
2881 silly placeDep ROOT @typescript-eslint/parser@8.54.0 OK for: @typescript-eslint/eslint-plugin@8.54.0 want: ^8.54.0
2882 silly placeDep ROOT @typescript-eslint/typescript-estree@8.54.0 OK for: typescript-eslint@8.54.0 want: 8.54.0
2883 silly placeDep ROOT @typescript-eslint/utils@8.54.0 OK for: typescript-eslint@8.54.0 want: 8.54.0
2884 silly fetch manifest ignore@^7.0.5
2885 silly packumentCache full:https://registry.npmjs.org/ignore cache-miss
2886 silly fetch manifest ts-api-utils@^2.4.0
2887 silly packumentCache full:https://registry.npmjs.org/ts-api-utils cache-miss
2888 silly fetch manifest @typescript-eslint/type-utils@8.54.0
2889 silly packumentCache full:https://registry.npmjs.org/@typescript-eslint%2ftype-utils cache-miss
2890 silly fetch manifest @typescript-eslint/visitor-keys@8.54.0
2891 silly packumentCache full:https://registry.npmjs.org/@typescript-eslint%2fvisitor-keys cache-miss
2892 silly fetch manifest @typescript-eslint/scope-manager@8.54.0
2893 silly packumentCache full:https://registry.npmjs.org/@typescript-eslint%2fscope-manager cache-miss
2894 silly fetch manifest @typescript-eslint/types@8.54.0
2895 silly packumentCache full:https://registry.npmjs.org/@typescript-eslint%2ftypes cache-miss
2896 silly fetch manifest @typescript-eslint/visitor-keys@8.54.0
2897 silly packumentCache full:https://registry.npmjs.org/@typescript-eslint%2fvisitor-keys cache-miss
2898 http cache https://registry.npmjs.org/ignore 4ms (cache hit)
2899 silly packumentCache full:https://registry.npmjs.org/ignore set size:237380 disposed:false
2900 silly fetch manifest @typescript-eslint/scope-manager@8.54.0
2901 silly packumentCache full:https://registry.npmjs.org/@typescript-eslint%2fscope-manager cache-miss
2902 http fetch GET 200 https://registry.npmjs.org/ts-api-utils 197ms (cache miss)
2903 silly packumentCache full:https://registry.npmjs.org/ts-api-utils set size:undefined disposed:false
2904 silly fetch manifest minimatch@^9.0.5
2905 silly packumentCache full:https://registry.npmjs.org/minimatch cache-miss
2906 http cache https://registry.npmjs.org/minimatch 6ms (cache hit)
2907 silly packumentCache full:https://registry.npmjs.org/minimatch set size:306302 disposed:false
2908 silly fetch manifest @typescript-eslint/types@8.54.0
2909 silly packumentCache full:https://registry.npmjs.org/@typescript-eslint%2ftypes cache-miss
2910 http fetch GET 200 https://registry.npmjs.org/@typescript-eslint%2fvisitor-keys 219ms (cache miss)
2911 silly packumentCache full:https://registry.npmjs.org/@typescript-eslint%2fvisitor-keys set size:undefined disposed:false
2912 silly fetch manifest @typescript-eslint/tsconfig-utils@8.54.0
2913 silly packumentCache full:https://registry.npmjs.org/@typescript-eslint%2ftsconfig-utils cache-miss
2914 http fetch GET 200 https://registry.npmjs.org/@typescript-eslint%2ftypes 265ms (cache miss)
2915 silly packumentCache full:https://registry.npmjs.org/@typescript-eslint%2ftypes set size:undefined disposed:false
2916 silly fetch manifest @typescript-eslint/project-service@8.54.0
2917 silly packumentCache full:https://registry.npmjs.org/@typescript-eslint%2fproject-service cache-miss
2918 http fetch GET 200 https://registry.npmjs.org/@typescript-eslint%2ftsconfig-utils 75ms (cache miss)
2919 silly packumentCache full:https://registry.npmjs.org/@typescript-eslint%2ftsconfig-utils set size:undefined disposed:false
2920 silly fetch manifest @typescript-eslint/scope-manager@8.54.0
2921 silly packumentCache full:https://registry.npmjs.org/@typescript-eslint%2fscope-manager cache-miss
2922 http fetch GET 200 https://registry.npmjs.org/@typescript-eslint%2fvisitor-keys 329ms (cache miss)
2923 silly packumentCache full:https://registry.npmjs.org/@typescript-eslint%2fvisitor-keys set size:undefined disposed:false
2924 http fetch GET 200 https://registry.npmjs.org/@typescript-eslint%2fproject-service 80ms (cache miss)
2925 silly packumentCache full:https://registry.npmjs.org/@typescript-eslint%2fproject-service set size:undefined disposed:false
2926 http fetch GET 200 https://registry.npmjs.org/@typescript-eslint%2ftype-utils 403ms (cache miss)
2927 silly packumentCache full:https://registry.npmjs.org/@typescript-eslint%2ftype-utils set size:undefined disposed:false
2928 http fetch GET 200 https://registry.npmjs.org/@typescript-eslint%2fscope-manager 456ms (cache miss)
2929 silly packumentCache full:https://registry.npmjs.org/@typescript-eslint%2fscope-manager set size:undefined disposed:false
2930 http fetch GET 200 https://registry.npmjs.org/@typescript-eslint%2fscope-manager 478ms (cache miss)
2931 silly packumentCache full:https://registry.npmjs.org/@typescript-eslint%2fscope-manager set size:undefined disposed:false
2932 http fetch GET 200 https://registry.npmjs.org/@typescript-eslint%2ftypes 337ms (cache miss)
2933 silly packumentCache full:https://registry.npmjs.org/@typescript-eslint%2ftypes set size:undefined disposed:false
2934 http fetch GET 200 https://registry.npmjs.org/@typescript-eslint%2fscope-manager 264ms (cache miss)
2935 silly packumentCache full:https://registry.npmjs.org/@typescript-eslint%2fscope-manager set size:undefined disposed:false
2936 silly placeDep ROOT @typescript-eslint/scope-manager@8.54.0 OK for: @typescript-eslint/eslint-plugin@8.54.0 want: 8.54.0
2937 silly placeDep ROOT @typescript-eslint/type-utils@8.54.0 OK for: @typescript-eslint/eslint-plugin@8.54.0 want: 8.54.0
2938 silly placeDep ROOT @typescript-eslint/visitor-keys@8.54.0 OK for: @typescript-eslint/eslint-plugin@8.54.0 want: 8.54.0
2939 silly placeDep node_modules/@typescript-eslint/eslint-plugin ignore@7.0.5 OK for: @typescript-eslint/eslint-plugin@8.54.0 want: ^7.0.5
2940 silly placeDep ROOT ts-api-utils@2.4.0 OK for: @typescript-eslint/eslint-plugin@8.54.0 want: ^2.4.0
2941 silly placeDep ROOT @typescript-eslint/types@8.54.0 OK for: @typescript-eslint/parser@8.54.0 want: 8.54.0
2942 silly placeDep ROOT @typescript-eslint/project-service@8.54.0 OK for: @typescript-eslint/typescript-estree@8.54.0 want: 8.54.0
2943 silly placeDep ROOT @typescript-eslint/tsconfig-utils@8.54.0 OK for: @typescript-eslint/typescript-estree@8.54.0 want: 8.54.0
2944 silly placeDep node_modules/@typescript-eslint/typescript-estree minimatch@9.0.5 OK for: @typescript-eslint/typescript-estree@8.54.0 want: ^9.0.5
2945 silly placeDep node_modules/@typescript-eslint/typescript-estree semver@7.7.4 OK for: @typescript-eslint/typescript-estree@8.54.0 want: ^7.7.3
2946 silly fetch manifest @typescript-eslint/tsconfig-utils@^8.54.0
2947 silly packumentCache full:https://registry.npmjs.org/@typescript-eslint%2ftsconfig-utils cache-miss
2948 silly fetch manifest brace-expansion@^2.0.1
2949 silly packumentCache full:https://registry.npmjs.org/brace-expansion cache-miss
2950 http cache https://registry.npmjs.org/@typescript-eslint%2ftsconfig-utils 2ms (cache hit)
2951 silly packumentCache full:https://registry.npmjs.org/@typescript-eslint%2ftsconfig-utils set size:868091 disposed:false
2952 http cache https://registry.npmjs.org/brace-expansion 5ms (cache hit)
2953 silly packumentCache full:https://registry.npmjs.org/brace-expansion set size:46250 disposed:false
2954 silly placeDep ROOT has-bigints@1.1.0 OK for: unbox-primitive@1.1.0 want: ^1.0.2
2955 silly placeDep ROOT which-boxed-primitive@1.1.1 OK for: unbox-primitive@1.1.0 want: ^1.1.1
2956 silly fetch manifest is-bigint@^1.1.0
2957 silly packumentCache full:https://registry.npmjs.org/is-bigint cache-miss
2958 silly fetch manifest is-boolean-object@^1.2.1
2959 silly packumentCache full:https://registry.npmjs.org/is-boolean-object cache-miss
2960 silly fetch manifest is-number-object@^1.1.1
2961 silly packumentCache full:https://registry.npmjs.org/is-number-object cache-miss
2962 http fetch GET 200 https://registry.npmjs.org/is-number-object 36ms (cache miss)
2963 silly packumentCache full:https://registry.npmjs.org/is-number-object set size:undefined disposed:false
2964 http fetch GET 200 https://registry.npmjs.org/is-boolean-object 40ms (cache miss)
2965 silly packumentCache full:https://registry.npmjs.org/is-boolean-object set size:undefined disposed:false
2966 http fetch GET 200 https://registry.npmjs.org/is-bigint 171ms (cache miss)
2967 silly packumentCache full:https://registry.npmjs.org/is-bigint set size:undefined disposed:false
2968 silly placeDep ROOT @unrs/resolver-binding-android-arm-eabi@1.11.1 OK for: unrs-resolver@1.11.1 want: 1.11.1
2969 silly placeDep ROOT @unrs/resolver-binding-android-arm64@1.11.1 OK for: unrs-resolver@1.11.1 want: 1.11.1
2970 silly placeDep ROOT @unrs/resolver-binding-darwin-arm64@1.11.1 OK for: unrs-resolver@1.11.1 want: 1.11.1
2971 silly placeDep ROOT @unrs/resolver-binding-darwin-x64@1.11.1 OK for: unrs-resolver@1.11.1 want: 1.11.1
2972 silly placeDep ROOT @unrs/resolver-binding-freebsd-x64@1.11.1 OK for: unrs-resolver@1.11.1 want: 1.11.1
2973 silly placeDep ROOT @unrs/resolver-binding-linux-arm-gnueabihf@1.11.1 OK for: unrs-resolver@1.11.1 want: 1.11.1
2974 silly placeDep ROOT @unrs/resolver-binding-linux-arm-musleabihf@1.11.1 OK for: unrs-resolver@1.11.1 want: 1.11.1
2975 silly placeDep ROOT @unrs/resolver-binding-linux-arm64-gnu@1.11.1 OK for: unrs-resolver@1.11.1 want: 1.11.1
2976 silly placeDep ROOT @unrs/resolver-binding-linux-arm64-musl@1.11.1 OK for: unrs-resolver@1.11.1 want: 1.11.1
2977 silly placeDep ROOT @unrs/resolver-binding-linux-ppc64-gnu@1.11.1 OK for: unrs-resolver@1.11.1 want: 1.11.1
2978 silly placeDep ROOT @unrs/resolver-binding-linux-riscv64-gnu@1.11.1 OK for: unrs-resolver@1.11.1 want: 1.11.1
2979 silly placeDep ROOT @unrs/resolver-binding-linux-riscv64-musl@1.11.1 OK for: unrs-resolver@1.11.1 want: 1.11.1
2980 silly placeDep ROOT @unrs/resolver-binding-linux-s390x-gnu@1.11.1 OK for: unrs-resolver@1.11.1 want: 1.11.1
2981 silly placeDep ROOT @unrs/resolver-binding-linux-x64-gnu@1.11.1 OK for: unrs-resolver@1.11.1 want: 1.11.1
2982 silly placeDep ROOT @unrs/resolver-binding-linux-x64-musl@1.11.1 OK for: unrs-resolver@1.11.1 want: 1.11.1
2983 silly placeDep ROOT @unrs/resolver-binding-wasm32-wasi@1.11.1 OK for: unrs-resolver@1.11.1 want: 1.11.1
2984 silly placeDep ROOT @unrs/resolver-binding-win32-arm64-msvc@1.11.1 OK for: unrs-resolver@1.11.1 want: 1.11.1
2985 silly placeDep ROOT @unrs/resolver-binding-win32-ia32-msvc@1.11.1 OK for: unrs-resolver@1.11.1 want: 1.11.1
2986 silly placeDep ROOT @unrs/resolver-binding-win32-x64-msvc@1.11.1 OK for: unrs-resolver@1.11.1 want: 1.11.1
2987 silly placeDep ROOT napi-postinstall@0.3.4 OK for: unrs-resolver@1.11.1 want: ^0.3.0
2988 silly fetch manifest @napi-rs/wasm-runtime@^0.2.11
2989 silly packumentCache full:https://registry.npmjs.org/@napi-rs%2fwasm-runtime cache-miss
2990 http fetch GET 200 https://registry.npmjs.org/@napi-rs%2fwasm-runtime 48ms (cache miss)
2991 silly packumentCache full:https://registry.npmjs.org/@napi-rs%2fwasm-runtime set size:undefined disposed:false
2992 silly placeDep ROOT @napi-rs/wasm-runtime@0.2.12 OK for: @unrs/resolver-binding-wasm32-wasi@1.11.1 want: ^0.2.11
2993 silly fetch manifest @emnapi/core@^1.4.3
2994 silly packumentCache full:https://registry.npmjs.org/@emnapi%2fcore cache-miss
2995 silly fetch manifest @tybys/wasm-util@^0.10.0
2996 silly packumentCache full:https://registry.npmjs.org/@tybys%2fwasm-util cache-miss
2997 http fetch GET 200 https://registry.npmjs.org/@tybys%2fwasm-util 49ms (cache miss)
2998 silly packumentCache full:https://registry.npmjs.org/@tybys%2fwasm-util set size:undefined disposed:false
2999 http fetch GET 200 https://registry.npmjs.org/@emnapi%2fcore 193ms (cache miss)
3000 silly packumentCache full:https://registry.npmjs.org/@emnapi%2fcore set size:undefined disposed:false
3001 silly placeDep ROOT @emnapi/core@1.8.1 OK for: @napi-rs/wasm-runtime@0.2.12 want: ^1.4.3
3002 silly placeDep ROOT @tybys/wasm-util@0.10.1 OK for: @napi-rs/wasm-runtime@0.2.12 want: ^0.10.0
3003 silly fetch manifest @emnapi/wasi-threads@1.1.0
3004 silly packumentCache full:https://registry.npmjs.org/@emnapi%2fwasi-threads cache-miss
3005 http fetch GET 200 https://registry.npmjs.org/@emnapi%2fwasi-threads 56ms (cache miss)
3006 silly packumentCache full:https://registry.npmjs.org/@emnapi%2fwasi-threads set size:undefined disposed:false
3007 silly placeDep ROOT @emnapi/wasi-threads@1.1.0 OK for: @emnapi/core@1.8.1 want: 1.1.0
3008 silly placeDep ROOT escalade@3.2.0 OK for: update-browserslist-db@1.2.3 want: ^3.2.0
3009 silly placeDep ROOT punycode@2.3.1 OK for: uri-js@4.4.1 want: ^2.1.0
3010 silly placeDep ROOT isexe@2.0.0 OK for: which@2.0.2 want: ^2.0.0
3011 silly placeDep ROOT is-bigint@1.1.0 OK for: which-boxed-primitive@1.1.1 want: ^1.1.0
3012 silly placeDep ROOT is-boolean-object@1.2.2 OK for: which-boxed-primitive@1.1.1 want: ^1.2.1
3013 silly placeDep ROOT is-number-object@1.1.1 OK for: which-boxed-primitive@1.1.1 want: ^1.1.1
3014 silly placeDep ROOT is-async-function@2.1.1 OK for: which-builtin-type@1.2.1 want: ^2.0.0
3015 silly placeDep ROOT is-finalizationregistry@1.1.1 OK for: which-builtin-type@1.2.1 want: ^1.1.0
3016 silly placeDep ROOT is-generator-function@1.1.2 OK for: which-builtin-type@1.2.1 want: ^1.0.10
3017 silly placeDep ROOT which-collection@1.0.2 OK for: which-builtin-type@1.2.1 want: ^1.0.2
3018 silly fetch manifest async-function@^1.0.0
3019 silly packumentCache full:https://registry.npmjs.org/async-function cache-miss
3020 silly fetch manifest generator-function@^2.0.0
3021 silly packumentCache full:https://registry.npmjs.org/generator-function cache-miss
3022 silly fetch manifest is-map@^2.0.3
3023 silly packumentCache full:https://registry.npmjs.org/is-map cache-miss
3024 silly fetch manifest is-weakmap@^2.0.2
3025 silly packumentCache full:https://registry.npmjs.org/is-weakmap cache-miss
3026 silly fetch manifest is-weakset@^2.0.3
3027 silly packumentCache full:https://registry.npmjs.org/is-weakset cache-miss
3028 http fetch GET 200 https://registry.npmjs.org/is-map 44ms (cache miss)
3029 silly packumentCache full:https://registry.npmjs.org/is-map set size:undefined disposed:false
3030 http fetch GET 200 https://registry.npmjs.org/is-weakset 44ms (cache miss)
3031 silly packumentCache full:https://registry.npmjs.org/is-weakset set size:undefined disposed:false
3032 http fetch GET 200 https://registry.npmjs.org/generator-function 46ms (cache miss)
3033 silly packumentCache full:https://registry.npmjs.org/generator-function set size:undefined disposed:false
3034 http fetch GET 200 https://registry.npmjs.org/is-weakmap 46ms (cache miss)
3035 silly packumentCache full:https://registry.npmjs.org/is-weakmap set size:undefined disposed:false
3036 http fetch GET 200 https://registry.npmjs.org/async-function 48ms (cache miss)
3037 silly packumentCache full:https://registry.npmjs.org/async-function set size:undefined disposed:false
3038 silly placeDep ROOT async-function@1.0.0 OK for: is-async-function@2.1.1 want: ^1.0.0
3039 silly placeDep ROOT generator-function@2.0.1 OK for: is-generator-function@1.1.2 want: ^2.0.0
3040 silly placeDep ROOT is-map@2.0.3 OK for: which-collection@1.0.2 want: ^2.0.3
3041 silly placeDep ROOT is-weakmap@2.0.2 OK for: which-collection@1.0.2 want: ^2.0.2
3042 silly placeDep ROOT is-weakset@2.0.4 OK for: which-collection@1.0.2 want: ^2.0.3
3043 silly placeDep node_modules/@typescript-eslint/typescript-estree brace-expansion@2.0.2 OK for: minimatch@9.0.5 want: ^2.0.1
3044 silly reify moves {}
3045 silly audit bulk request {
3045 silly audit   '@prisma/client': [ '6.19.2' ],
3045 silly audit   '@react-three/drei': [ '10.7.7' ],
3045 silly audit   react: [ '19.2.3' ],
3045 silly audit   three: [ '0.182.0', '0.170.0' ],
3045 silly audit   '@react-three/fiber': [ '9.5.0' ],
3045 silly audit   '@tailwindcss/postcss': [ '4.1.18' ],
3045 silly audit   '@types/node': [ '20.19.32' ],
3045 silly audit   '@types/react': [ '19.2.13' ],
3045 silly audit   '@types/react-dom': [ '19.2.3' ],
3045 silly audit   '@types/three': [ '0.182.0' ],
3045 silly audit   clsx: [ '2.1.1' ],
3045 silly audit   eslint: [ '9.39.2' ],
3045 silly audit   'eslint-config-next': [ '16.1.6' ],
3045 silly audit   'framer-motion': [ '12.33.0' ],
3045 silly audit   'lucide-react': [ '0.563.0' ],
3045 silly audit   'mini-svg-data-uri': [ '1.4.4' ],
3045 silly audit   next: [ '16.1.6' ],
3045 silly audit   'react-dom': [ '19.2.3' ],
3045 silly audit   prisma: [ '6.19.2' ],
3045 silly audit   'tailwind-merge': [ '3.4.0' ],
3045 silly audit   tailwindcss: [ '4.1.18' ],
3045 silly audit   typescript: [ '5.9.3' ],
3045 silly audit   '@babel/runtime': [ '7.28.6' ],
3045 silly audit   '@mediapipe/tasks-vision': [ '0.10.17' ],
3045 silly audit   '@monogrid/gainmap-js': [ '3.4.0' ],
3045 silly audit   '@use-gesture/react': [ '10.3.1' ],
3045 silly audit   'camera-controls': [ '3.1.2' ],
3045 silly audit   'cross-env': [ '7.0.3' ],
3045 silly audit   'detect-gpu': [ '5.0.70' ],
3045 silly audit   'glsl-noise': [ '0.0.0' ],
3045 silly audit   'hls.js': [ '1.6.15' ],
3045 silly audit   maath: [ '0.10.8' ],
3045 silly audit   meshline: [ '3.3.1' ],
3045 silly audit   'stats-gl': [ '2.4.2' ],
3045 silly audit   'stats.js': [ '0.17.0' ],
3045 silly audit   'suspend-react': [ '0.1.3' ],
3045 silly audit   'three-mesh-bvh': [ '0.8.3' ],
3045 silly audit   'three-stdlib': [ '2.36.1' ],
3045 silly audit   'troika-three-text': [ '0.52.4' ],
3045 silly audit   'tunnel-rat': [ '0.1.2' ],
3045 silly audit   'use-sync-external-store': [ '1.6.0' ],
3045 silly audit   'utility-types': [ '3.11.0' ],
3045 silly audit   zustand: [ '5.0.11', '4.5.7' ],
3045 silly audit   'promise-worker-transferable': [ '1.0.4' ],
3045 silly audit   '@types/webxr': [ '0.5.24' ],
3045 silly audit   'base64-js': [ '1.5.1' ],
3045 silly audit   buffer: [ '6.0.3' ],
3045 silly audit   'its-fine': [ '2.0.0' ],
3045 silly audit   'react-use-measure': [ '2.1.7' ],
3045 silly audit   scheduler: [ '0.27.0' ],
3045 silly audit   '@alloc/quick-lru': [ '5.2.0' ],
3045 silly audit   '@tailwindcss/node': [ '4.1.18' ],
3045 silly audit   '@tailwindcss/oxide': [ '4.1.18' ],
3045 silly audit   postcss: [ '8.5.6', '8.4.31' ],
3045 silly audit   '@jridgewell/remapping': [ '2.3.5' ],
3045 silly audit   'enhanced-resolve': [ '5.19.0' ],
3045 silly audit   jiti: [ '2.6.1' ],
3045 silly audit   lightningcss: [ '1.30.2' ],
3045 silly audit   'magic-string': [ '0.30.21' ],
3045 silly audit   'source-map-js': [ '1.2.1' ],
3045 silly audit   '@jridgewell/gen-mapping': [ '0.3.13' ],
3045 silly audit   '@jridgewell/trace-mapping': [ '0.3.31' ],
3045 silly audit   '@jridgewell/sourcemap-codec': [ '1.5.5' ],
3045 silly audit   '@jridgewell/resolve-uri': [ '3.1.2' ],
3045 silly audit   '@tailwindcss/oxide-android-arm64': [ '4.1.18' ],
3045 silly audit   '@tailwindcss/oxide-darwin-arm64': [ '4.1.18' ],
3045 silly audit   '@tailwindcss/oxide-darwin-x64': [ '4.1.18' ],
3045 silly audit   '@tailwindcss/oxide-freebsd-x64': [ '4.1.18' ],
3045 silly audit   '@tailwindcss/oxide-linux-arm-gnueabihf': [ '4.1.18' ],
3045 silly audit   '@tailwindcss/oxide-linux-arm64-gnu': [ '4.1.18' ],
3045 silly audit   '@tailwindcss/oxide-linux-arm64-musl': [ '4.1.18' ],
3045 silly audit   '@tailwindcss/oxide-linux-x64-gnu': [ '4.1.18' ],
3045 silly audit   '@tailwindcss/oxide-linux-x64-musl': [ '4.1.18' ],
3045 silly audit   '@tailwindcss/oxide-wasm32-wasi': [ '4.1.18' ],
3045 silly audit   '@tailwindcss/oxide-win32-arm64-msvc': [ '4.1.18' ],
3045 silly audit   '@tailwindcss/oxide-win32-x64-msvc': [ '4.1.18' ],
3045 silly audit   'undici-types': [ '6.21.0' ],
3045 silly audit   csstype: [ '3.2.3' ],
3045 silly audit   '@dimforge/rapier3d-compat': [ '0.12.0' ],
3045 silly audit   '@tweenjs/tween.js': [ '23.1.3' ],
3045 silly audit   '@types/stats.js': [ '0.17.4' ],
3045 silly audit   '@webgpu/types': [ '0.1.69' ],
3045 silly audit   fflate: [ '0.8.2', '0.6.10' ],
3045 silly audit   meshoptimizer: [ '0.22.0' ],
3045 silly audit   '@use-gesture/core': [ '10.3.1' ],
3045 silly audit   ieee754: [ '1.2.1' ],
3045 silly audit   'cross-spawn': [ '7.0.6' ],
3045 silly audit   'path-key': [ '3.1.1' ],
3045 silly audit   'shebang-command': [ '2.0.0' ],
3045 silly audit   which: [ '2.0.2' ],
3045 silly audit   'webgl-constants': [ '1.1.1' ],
3045 silly audit   'graceful-fs': [ '4.2.11' ],
3045 silly audit   tapable: [ '2.3.0' ],
3045 silly audit   '@eslint-community/eslint-utils': [ '4.9.1' ],
3045 silly audit   '@eslint-community/regexpp': [ '4.12.2' ],
3045 silly audit   '@eslint/config-array': [ '0.21.1' ],
3045 silly audit   '@eslint/config-helpers': [ '0.4.2' ],
3045 silly audit   '@eslint/core': [ '0.17.0' ],
3045 silly audit   '@eslint/eslintrc': [ '3.3.3' ],
3045 silly audit   '@eslint/js': [ '9.39.2' ],
3045 silly audit   '@eslint/plugin-kit': [ '0.4.1' ],
3045 silly audit   '@humanfs/node': [ '0.16.7' ],
3045 silly audit   '@humanwhocodes/module-importer': [ '1.0.1' ],
3045 silly audit   '@humanwhocodes/retry': [ '0.4.3' ],
3045 silly audit   '@types/estree': [ '1.0.8' ],
3045 silly audit   ajv: [ '6.12.6' ],
3045 silly audit   chalk: [ '4.1.2' ],
3045 silly audit   debug: [ '4.4.3', '3.2.7' ],
3045 silly audit   'escape-string-regexp': [ '4.0.0' ],
3045 silly audit   'eslint-scope': [ '8.4.0' ],
3045 silly audit   'eslint-visitor-keys': [ '4.2.1', '3.4.3' ],
3045 silly audit   espree: [ '10.4.0' ],
3045 silly audit   esquery: [ '1.7.0' ],
3045 silly audit   esutils: [ '2.0.3' ],
3045 silly audit   'fast-deep-equal': [ '3.1.3' ],
3045 silly audit   'file-entry-cache': [ '8.0.0' ],
3045 silly audit   'find-up': [ '5.0.0' ],
3045 silly audit   'glob-parent': [ '6.0.2', '5.1.2' ],
3045 silly audit   ignore: [ '5.3.2', '7.0.5' ],
3045 silly audit   imurmurhash: [ '0.1.4' ],
3045 silly audit   'is-glob': [ '4.0.3' ],
3045 silly audit   'json-stable-stringify-without-jsonify': [ '1.0.1' ],
3045 silly audit   'lodash.merge': [ '4.6.2' ],
3045 silly audit   minimatch: [ '3.1.2', '9.0.5' ],
3045 silly audit   'natural-compare': [ '1.4.0' ],
3045 silly audit   optionator: [ '0.9.4' ],
3045 silly audit   '@eslint/object-schema': [ '2.1.7' ],
3045 silly audit   '@types/json-schema': [ '7.0.15' ],
3045 silly audit   globals: [ '14.0.0', '16.4.0' ],
3045 silly audit   'import-fresh': [ '3.3.1' ],
3045 silly audit   'js-yaml': [ '4.1.1' ],
3045 silly audit   'strip-json-comments': [ '3.1.1' ],
3045 silly audit   levn: [ '0.4.1' ],
3045 silly audit   '@humanfs/core': [ '0.19.1' ],
3045 silly audit   'fast-json-stable-stringify': [ '2.1.0' ],
3045 silly audit   'json-schema-traverse': [ '0.4.1' ],
3045 silly audit   'uri-js': [ '4.4.1' ],
3045 silly audit   'ansi-styles': [ '4.3.0' ],
3045 silly audit   'supports-color': [ '7.2.0' ],
3045 silly audit   'color-convert': [ '2.0.1' ],
3045 silly audit   'color-name': [ '1.1.4' ],
3045 silly audit   ms: [ '2.1.3' ],
3045 silly audit   '@next/eslint-plugin-next': [ '16.1.6' ],
3045 silly audit   'eslint-import-resolver-node': [ '0.3.9' ],
3045 silly audit   'eslint-import-resolver-typescript': [ '3.10.1' ],
3045 silly audit   'eslint-plugin-import': [ '2.32.0' ],
3045 silly audit   'eslint-plugin-jsx-a11y': [ '6.10.2' ],
3045 silly audit   'eslint-plugin-react': [ '7.37.5' ],
3045 silly audit   'eslint-plugin-react-hooks': [ '7.0.1' ],
3045 silly audit   'typescript-eslint': [ '8.54.0' ],
3045 silly audit   'fast-glob': [ '3.3.1' ],
3045 silly audit   'is-core-module': [ '2.16.1' ],
3045 silly audit   resolve: [ '1.22.11', '2.0.0-next.5' ],
3045 silly audit   '@nolyfill/is-core-module': [ '1.0.39' ],
3045 silly audit   'get-tsconfig': [ '4.13.6' ],
3045 silly audit   'is-bun-module': [ '2.0.0' ],
3045 silly audit   'stable-hash': [ '0.0.5' ],
3045 silly audit   tinyglobby: [ '0.2.15' ],
3045 silly audit   'unrs-resolver': [ '1.11.1' ],
3045 silly audit   '@rtsao/scc': [ '1.1.0' ],
3045 silly audit   'array-includes': [ '3.1.9' ],
3045 silly audit   'array.prototype.findlastindex': [ '1.2.6' ],
3045 silly audit   'array.prototype.flat': [ '1.3.3' ],
3045 silly audit   'array.prototype.flatmap': [ '1.3.3' ],
3045 silly audit   doctrine: [ '2.1.0' ],
3045 silly audit   'eslint-module-utils': [ '2.12.1' ],
3045 silly audit   hasown: [ '2.0.2' ],
3045 silly audit   'object.fromentries': [ '2.0.8' ],
3045 silly audit   'object.groupby': [ '1.0.3' ],
3045 silly audit   'object.values': [ '1.2.1' ],
3045 silly audit   semver: [ '6.3.1', '7.7.4' ],
3045 silly audit   'string.prototype.trimend': [ '1.0.9' ],
3045 silly audit   'tsconfig-paths': [ '3.15.0' ],
3045 silly audit   'call-bind': [ '1.0.8' ],
3045 silly audit   'call-bound': [ '1.0.4' ],
3045 silly audit   'define-properties': [ '1.2.1' ],
3045 silly audit   'es-abstract': [ '1.24.1' ],
3045 silly audit   'es-object-atoms': [ '1.1.1' ],
3045 silly audit   'get-intrinsic': [ '1.3.0' ],
3045 silly audit   'is-string': [ '1.1.1' ],
3045 silly audit   'math-intrinsics': [ '1.1.0' ],
3045 silly audit   'es-errors': [ '1.3.0' ],
3045 silly audit   'es-shim-unscopables': [ '1.1.0' ],
3045 silly audit   'call-bind-apply-helpers': [ '1.0.2' ],
3045 silly audit   'es-define-property': [ '1.0.1' ],
3045 silly audit   'set-function-length': [ '1.2.2' ],
3045 silly audit   'function-bind': [ '1.1.2' ],
3045 silly audit   'define-data-property': [ '1.1.4' ],
3045 silly audit   'has-property-descriptors': [ '1.0.2' ],
3045 silly audit   'object-keys': [ '1.1.1' ],
3045 silly audit   gopd: [ '1.2.0' ],
3045 silly audit   'array-buffer-byte-length': [ '1.0.2' ],
3045 silly audit   'arraybuffer.prototype.slice': [ '1.0.4' ],
3045 silly audit   'available-typed-arrays': [ '1.0.7' ],
3045 silly audit   'data-view-buffer': [ '1.0.2' ],
3045 silly audit   'data-view-byte-length': [ '1.0.2' ],
3045 silly audit   'data-view-byte-offset': [ '1.0.1' ],
3045 silly audit   'es-set-tostringtag': [ '2.1.0' ],
3045 silly audit   'es-to-primitive': [ '1.3.0' ],
3045 silly audit   'function.prototype.name': [ '1.1.8' ],
3045 silly audit   'get-proto': [ '1.0.1' ],
3045 silly audit   'get-symbol-description': [ '1.1.0' ],
3045 silly audit   globalthis: [ '1.0.4' ],
3045 silly audit   'has-proto': [ '1.2.0' ],
3045 silly audit   'has-symbols': [ '1.1.0' ],
3045 silly audit   'internal-slot': [ '1.1.0' ],
3045 silly audit   'is-array-buffer': [ '3.0.5' ],
3045 silly audit   'is-callable': [ '1.2.7' ],
3045 silly audit   'is-data-view': [ '1.0.2' ],
3045 silly audit   'is-negative-zero': [ '2.0.3' ],
3045 silly audit   'is-regex': [ '1.2.1' ],
3045 silly audit   'is-set': [ '2.0.3' ],
3045 silly audit   'is-shared-array-buffer': [ '1.0.4' ],
3045 silly audit   'is-typed-array': [ '1.1.15' ],
3045 silly audit   'is-weakref': [ '1.1.1' ],
3045 silly audit   'object-inspect': [ '1.13.4' ],
3045 silly audit   'object.assign': [ '4.1.7' ],
3045 silly audit   'own-keys': [ '1.0.1' ],
3045 silly audit   'regexp.prototype.flags': [ '1.5.4' ],
3045 silly audit   'safe-array-concat': [ '1.1.3' ],
3045 silly audit   'safe-push-apply': [ '1.0.0' ],
3045 silly audit   'safe-regex-test': [ '1.1.0' ],
3045 silly audit   'set-proto': [ '1.0.0' ],
3045 silly audit   'stop-iteration-iterator': [ '1.1.0' ],
3045 silly audit   'string.prototype.trim': [ '1.2.10' ],
3045 silly audit   'string.prototype.trimstart': [ '1.0.8' ],
3045 silly audit   'typed-array-buffer': [ '1.0.3' ],
3045 silly audit   'typed-array-byte-length': [ '1.0.3' ],
3045 silly audit   'typed-array-byte-offset': [ '1.0.4' ],
3045 silly audit   'typed-array-length': [ '1.0.7' ],
3045 silly audit   'unbox-primitive': [ '1.1.0' ],
3045 silly audit   'which-typed-array': [ '1.1.20' ],
3045 silly audit   'possible-typed-array-names': [ '1.1.0' ],
3045 silly audit   'has-tostringtag': [ '1.0.2' ],
3045 silly audit   'is-date-object': [ '1.1.0' ],
3045 silly audit   'is-symbol': [ '1.1.1' ],
3045 silly audit   'aria-query': [ '5.3.2' ],
3045 silly audit   'ast-types-flow': [ '0.0.8' ],
3045 silly audit   'axe-core': [ '4.11.1' ],
3045 silly audit   'axobject-query': [ '4.1.0' ],
3045 silly audit   'damerau-levenshtein': [ '1.0.8' ],
3045 silly audit   'emoji-regex': [ '9.2.2' ],
3045 silly audit   'jsx-ast-utils': [ '3.3.5' ],
3045 silly audit   'language-tags': [ '1.0.9' ],
3045 silly audit   'string.prototype.includes': [ '2.0.1' ],
3045 silly audit   'array.prototype.findlast': [ '1.2.5' ],
3045 silly audit   'array.prototype.tosorted': [ '1.1.4' ],
3045 silly audit   'es-iterator-helpers': [ '1.2.2' ],
3045 silly audit   estraverse: [ '5.3.0' ],
3045 silly audit   'object.entries': [ '1.1.9' ],
3045 silly audit   'prop-types': [ '15.8.1' ],
3045 silly audit   'string.prototype.matchall': [ '4.0.12' ],
3045 silly audit   'string.prototype.repeat': [ '1.0.0' ],
3045 silly audit   'iterator.prototype': [ '1.1.5' ],
3045 silly audit   '@babel/core': [ '7.29.0' ],
3045 silly audit   '@babel/parser': [ '7.29.0' ],
3045 silly audit   'hermes-parser': [ '0.25.1' ],
3045 silly audit   zod: [ '4.3.6' ],
3045 silly audit   'zod-validation-error': [ '4.0.2' ],
3045 silly audit   '@babel/code-frame': [ '7.29.0' ],
3045 silly audit   '@babel/generator': [ '7.29.1' ],
3045 silly audit   '@babel/helper-compilation-targets': [ '7.28.6' ],
3045 silly audit   '@babel/helper-module-transforms': [ '7.28.6' ],
3045 silly audit   '@babel/helpers': [ '7.28.6' ],
3045 silly audit   '@babel/template': [ '7.28.6' ],
3045 silly audit   '@babel/traverse': [ '7.29.0' ],
3045 silly audit   '@babel/types': [ '7.29.0' ],
3045 silly audit   'convert-source-map': [ '2.0.0' ],
3045 silly audit   gensync: [ '1.0.0-beta.2' ],
3045 silly audit   json5: [ '2.2.3', '1.0.2' ],
3045 silly audit   '@babel/helper-validator-identifier': [ '7.28.5' ],
3045 silly audit   'js-tokens': [ '4.0.0' ],
3045 silly audit   picocolors: [ '1.1.1' ],
3045 silly audit   jsesc: [ '3.1.0' ],
3045 silly audit   '@babel/compat-data': [ '7.29.0' ],
3045 silly audit   '@babel/helper-validator-option': [ '7.27.1' ],
3045 silly audit   browserslist: [ '4.28.1' ],
3045 silly audit   'lru-cache': [ '5.1.1' ],
3045 silly audit   '@babel/helper-module-imports': [ '7.28.6' ],
3045 silly audit   '@babel/helper-globals': [ '7.28.0' ],
3045 silly audit   '@babel/helper-string-parser': [ '7.27.1' ],
3045 silly audit   'baseline-browser-mapping': [ '2.9.19' ],
3045 silly audit   'caniuse-lite': [ '1.0.30001769' ],
3045 silly audit   'electron-to-chromium': [ '1.5.286' ],
3045 silly audit   'node-releases': [ '2.0.27' ],
3045 silly audit   'update-browserslist-db': [ '1.2.3' ],
3045 silly audit   esrecurse: [ '4.3.0' ],
3045 silly audit   acorn: [ '8.15.0' ],
3045 silly audit   'acorn-jsx': [ '5.3.2' ],
3045 silly audit   '@nodelib/fs.stat': [ '2.0.5' ],
3045 silly audit   '@nodelib/fs.walk': [ '1.2.8' ],
3045 silly audit   merge2: [ '1.4.1' ],
3045 silly audit   micromatch: [ '4.0.8' ],
3045 silly audit   '@nodelib/fs.scandir': [ '2.1.5' ],
3045 silly audit   fastq: [ '1.20.1' ],
3045 silly audit   'run-parallel': [ '1.2.0' ],
3045 silly audit   reusify: [ '1.1.0' ],
3045 silly audit   'flat-cache': [ '4.0.1' ],
3045 silly audit   'locate-path': [ '6.0.0' ],
3045 silly audit   'path-exists': [ '4.0.0' ],
3045 silly audit   flatted: [ '3.3.3' ],
3045 silly audit   keyv: [ '4.5.4' ],
3045 silly audit   'motion-dom': [ '12.33.0' ],
3045 silly audit   'motion-utils': [ '12.29.2' ],
3045 silly audit   tslib: [ '2.8.1' ],
3045 silly audit   'functions-have-names': [ '1.2.3' ],
3045 silly audit   'dunder-proto': [ '1.0.1' ],
3045 silly audit   'resolve-pkg-maps': [ '1.0.0' ],
3045 silly audit   'hermes-estree': [ '0.25.1' ],
3045 silly audit   'parent-module': [ '1.0.1' ],
3045 silly audit   'resolve-from': [ '4.0.0' ],
3045 silly audit   'side-channel': [ '1.1.0' ],
3045 silly audit   'is-extglob': [ '2.1.1' ],
3045 silly audit   'set-function-name': [ '2.0.2' ],
3045 silly audit   '@types/react-reconciler': [ '0.28.9' ],
3045 silly audit   argparse: [ '2.0.1' ],
3045 silly audit   'json-buffer': [ '3.0.1' ],
3045 silly audit   'language-subtag-registry': [ '0.3.23' ],
3045 silly audit   'prelude-ls': [ '1.2.1' ],
3045 silly audit   'type-check': [ '0.4.0' ],
3045 silly audit   'detect-libc': [ '2.1.2' ],
3045 silly audit   'lightningcss-android-arm64': [ '1.30.2' ],
3045 silly audit   'lightningcss-darwin-arm64': [ '1.30.2' ],
3045 silly audit   'lightningcss-darwin-x64': [ '1.30.2' ],
3045 silly audit   'lightningcss-freebsd-x64': [ '1.30.2' ],
3045 silly audit   'lightningcss-linux-arm-gnueabihf': [ '1.30.2' ],
3045 silly audit   'lightningcss-linux-arm64-gnu': [ '1.30.2' ],
3045 silly audit   'lightningcss-linux-arm64-musl': [ '1.30.2' ],
3045 silly audit   'lightningcss-linux-x64-gnu': [ '1.30.2' ],
3045 silly audit   'lightningcss-linux-x64-musl': [ '1.30.2' ],
3045 silly audit   'lightningcss-win32-arm64-msvc': [ '1.30.2' ],
3045 silly audit   'lightningcss-win32-x64-msvc': [ '1.30.2' ],
3045 silly audit   'p-locate': [ '5.0.0' ],
3045 silly audit   yallist: [ '3.1.1' ],
3045 silly audit   braces: [ '3.0.3' ],
3045 silly audit   picomatch: [ '2.3.1', '4.0.3' ],
3045 silly audit   'fill-range': [ '7.1.1' ],
3045 silly audit   'to-regex-range': [ '5.0.1' ],
3045 silly audit   'brace-expansion': [ '1.1.12', '2.0.2' ],
3045 silly audit   'balanced-match': [ '1.0.2' ],
3045 silly audit   'concat-map': [ '0.0.1' ],
3045 silly audit   '@next/env': [ '16.1.6' ],
3045 silly audit   '@next/swc-darwin-arm64': [ '16.1.6' ],
3045 silly audit   '@next/swc-darwin-x64': [ '16.1.6' ],
3045 silly audit   '@next/swc-linux-arm64-gnu': [ '16.1.6' ],
3045 silly audit   '@next/swc-linux-arm64-musl': [ '16.1.6' ],
3045 silly audit   '@next/swc-linux-x64-gnu': [ '16.1.6' ],
3045 silly audit   '@next/swc-linux-x64-musl': [ '16.1.6' ],
3045 silly audit   '@next/swc-win32-arm64-msvc': [ '16.1.6' ],
3045 silly audit   '@next/swc-win32-x64-msvc': [ '16.1.6' ],
3045 silly audit   '@swc/helpers': [ '0.5.15' ],
3045 silly audit   sharp: [ '0.34.5' ],
3045 silly audit   'styled-jsx': [ '5.1.6' ],
3045 silly audit   'deep-is': [ '0.1.4' ],
3045 silly audit   'fast-levenshtein': [ '2.0.6' ],
3045 silly audit   'word-wrap': [ '1.2.5' ],
3045 silly audit   'p-limit': [ '3.1.0' ],
3045 silly audit   'yocto-queue': [ '0.1.0' ],
3045 silly audit   callsites: [ '3.1.0' ],
3045 silly audit   nanoid: [ '3.3.11' ],
3045 silly audit   '@prisma/config': [ '6.19.2' ],
3045 silly audit   '@prisma/engines': [ '6.19.2' ],
3045 silly audit   c12: [ '3.1.0' ],
3045 silly audit   'deepmerge-ts': [ '7.1.5' ],
3045 silly audit   effect: [ '3.18.4' ],
3045 silly audit   empathic: [ '2.0.0' ],
3045 silly audit   '@prisma/debug': [ '6.19.2' ],
3045 silly audit   '@prisma/engines-version': [ '7.1.1-3.c2990dca591cba766e3b7ef5d9e8a84796e47ab7' ],
3045 silly audit   '@prisma/fetch-engine': [ '6.19.2' ],
3045 silly audit   '@prisma/get-platform': [ '6.19.2' ],
3045 silly audit   chokidar: [ '4.0.3' ],
3045 silly audit   confbox: [ '0.2.4' ],
3045 silly audit   defu: [ '6.1.4' ],
3045 silly audit   dotenv: [ '16.6.1' ],
3045 silly audit   exsolve: [ '1.0.8' ],
3045 silly audit   giget: [ '2.0.0' ],
3045 silly audit   ohash: [ '2.0.11' ],
3045 silly audit   pathe: [ '2.0.3' ],
3045 silly audit   'perfect-debounce': [ '1.0.0' ],
3045 silly audit   'pkg-types': [ '2.3.0' ],
3045 silly audit   rc9: [ '2.1.2' ],
3045 silly audit   readdirp: [ '4.1.2' ],
3045 silly audit   '@standard-schema/spec': [ '1.1.0' ],
3045 silly audit   'fast-check': [ '3.23.2' ],
3045 silly audit   'pure-rand': [ '6.1.0' ],
3045 silly audit   citty: [ '0.1.6', '0.2.0' ],
3045 silly audit   consola: [ '3.4.2' ],
3045 silly audit   'node-fetch-native': [ '1.6.7' ],
3045 silly audit   nypm: [ '0.6.5' ],
3045 silly audit   tinyexec: [ '1.0.2' ],
3045 silly audit   'is-promise': [ '2.2.2' ],
3045 silly audit   lie: [ '3.3.0' ],
3045 silly audit   immediate: [ '3.0.6' ],
3045 silly audit   'loose-envify': [ '1.4.0' ],
3045 silly audit   'object-assign': [ '4.1.1' ],
3045 silly audit   'react-is': [ '16.13.1' ],
3045 silly audit   destr: [ '2.0.5' ],
3045 silly audit   'path-parse': [ '1.0.7' ],
3045 silly audit   'supports-preserve-symlinks-flag': [ '1.0.0' ],
3045 silly audit   'queue-microtask': [ '1.2.3' ],
3045 silly audit   isarray: [ '2.0.5' ],
3045 silly audit   '@img/colour': [ '1.0.0' ],
3045 silly audit   '@img/sharp-darwin-arm64': [ '0.34.5' ],
3045 silly audit   '@img/sharp-darwin-x64': [ '0.34.5' ],
3045 silly audit   '@img/sharp-libvips-darwin-arm64': [ '1.2.4' ],
3045 silly audit   '@img/sharp-libvips-darwin-x64': [ '1.2.4' ],
3045 silly audit   '@img/sharp-libvips-linux-arm': [ '1.2.4' ],
3045 silly audit   '@img/sharp-libvips-linux-arm64': [ '1.2.4' ],
3045 silly audit   '@img/sharp-libvips-linux-ppc64': [ '1.2.4' ],
3045 silly audit   '@img/sharp-libvips-linux-riscv64': [ '1.2.4' ],
3045 silly audit   '@img/sharp-libvips-linux-s390x': [ '1.2.4' ],
3045 silly audit   '@img/sharp-libvips-linux-x64': [ '1.2.4' ],
3045 silly audit   '@img/sharp-libvips-linuxmusl-arm64': [ '1.2.4' ],
3045 silly audit   '@img/sharp-libvips-linuxmusl-x64': [ '1.2.4' ],
3045 silly audit   '@img/sharp-linux-arm': [ '0.34.5' ],
3045 silly audit   '@img/sharp-linux-arm64': [ '0.34.5' ],
3045 silly audit   '@img/sharp-linux-ppc64': [ '0.34.5' ],
3045 silly audit   '@img/sharp-linux-riscv64': [ '0.34.5' ],
3045 silly audit   '@img/sharp-linux-s390x': [ '0.34.5' ],
3045 silly audit   '@img/sharp-linux-x64': [ '0.34.5' ],
3045 silly audit   '@img/sharp-linuxmusl-arm64': [ '0.34.5' ],
3045 silly audit   '@img/sharp-linuxmusl-x64': [ '0.34.5' ],
3045 silly audit   '@img/sharp-wasm32': [ '0.34.5' ],
3045 silly audit   '@img/sharp-win32-arm64': [ '0.34.5' ],
3045 silly audit   '@img/sharp-win32-ia32': [ '0.34.5' ],
3045 silly audit   '@img/sharp-win32-x64': [ '0.34.5' ],
3045 silly audit   '@emnapi/runtime': [ '1.8.1' ],
3045 silly audit   'shebang-regex': [ '3.0.0' ],
3045 silly audit   'side-channel-list': [ '1.0.0' ],
3045 silly audit   'side-channel-map': [ '1.0.1' ],
3045 silly audit   'side-channel-weakmap': [ '1.0.2' ],
3045 silly audit   'client-only': [ '0.0.1' ],
3045 silly audit   'has-flag': [ '4.0.0' ],
3045 silly audit   '@types/draco3d': [ '1.4.10' ],
3045 silly audit   '@types/offscreencanvas': [ '2019.7.3' ],
3045 silly audit   draco3d: [ '1.5.7' ],
3045 silly audit   potpack: [ '1.0.2' ],
3045 silly audit   fdir: [ '6.5.0' ],
3045 silly audit   'is-number': [ '7.0.0' ],
3045 silly audit   'bidi-js': [ '1.0.3' ],
3045 silly audit   'troika-three-utils': [ '0.52.4' ],
3045 silly audit   'troika-worker-utils': [ '0.52.0' ],
3045 silly audit   'webgl-sdf-generator': [ '1.1.1' ],
3045 silly audit   'require-from-string': [ '2.0.2' ],
3045 silly audit   '@types/json5': [ '0.0.29' ],
3045 silly audit   minimist: [ '1.2.8' ],
3045 silly audit   'strip-bom': [ '3.0.0' ],
3045 silly audit   'for-each': [ '0.3.5' ],
3045 silly audit   'reflect.getprototypeof': [ '1.0.10' ],
3045 silly audit   'which-builtin-type': [ '1.2.1' ],
3045 silly audit   '@typescript-eslint/eslint-plugin': [ '8.54.0' ],
3045 silly audit   '@typescript-eslint/parser': [ '8.54.0' ],
3045 silly audit   '@typescript-eslint/typescript-estree': [ '8.54.0' ],
3045 silly audit   '@typescript-eslint/utils': [ '8.54.0' ],
3045 silly audit   '@typescript-eslint/scope-manager': [ '8.54.0' ],
3045 silly audit   '@typescript-eslint/type-utils': [ '8.54.0' ],
3045 silly audit   '@typescript-eslint/visitor-keys': [ '8.54.0' ],
3045 silly audit   'ts-api-utils': [ '2.4.0' ],
3045 silly audit   '@typescript-eslint/types': [ '8.54.0' ],
3045 silly audit   '@typescript-eslint/project-service': [ '8.54.0' ],
3045 silly audit   '@typescript-eslint/tsconfig-utils': [ '8.54.0' ],
3045 silly audit   'has-bigints': [ '1.1.0' ],
3045 silly audit   'which-boxed-primitive': [ '1.1.1' ],
3045 silly audit   '@unrs/resolver-binding-android-arm-eabi': [ '1.11.1' ],
3045 silly audit   '@unrs/resolver-binding-android-arm64': [ '1.11.1' ],
3045 silly audit   '@unrs/resolver-binding-darwin-arm64': [ '1.11.1' ],
3045 silly audit   '@unrs/resolver-binding-darwin-x64': [ '1.11.1' ],
3045 silly audit   '@unrs/resolver-binding-freebsd-x64': [ '1.11.1' ],
3045 silly audit   '@unrs/resolver-binding-linux-arm-gnueabihf': [ '1.11.1' ],
3045 silly audit   '@unrs/resolver-binding-linux-arm-musleabihf': [ '1.11.1' ],
3045 silly audit   '@unrs/resolver-binding-linux-arm64-gnu': [ '1.11.1' ],
3045 silly audit   '@unrs/resolver-binding-linux-arm64-musl': [ '1.11.1' ],
3045 silly audit   '@unrs/resolver-binding-linux-ppc64-gnu': [ '1.11.1' ],
3045 silly audit   '@unrs/resolver-binding-linux-riscv64-gnu': [ '1.11.1' ],
3045 silly audit   '@unrs/resolver-binding-linux-riscv64-musl': [ '1.11.1' ],
3045 silly audit   '@unrs/resolver-binding-linux-s390x-gnu': [ '1.11.1' ],
3045 silly audit   '@unrs/resolver-binding-linux-x64-gnu': [ '1.11.1' ],
3045 silly audit   '@unrs/resolver-binding-linux-x64-musl': [ '1.11.1' ],
3045 silly audit   '@unrs/resolver-binding-wasm32-wasi': [ '1.11.1' ],
3045 silly audit   '@unrs/resolver-binding-win32-arm64-msvc': [ '1.11.1' ],
3045 silly audit   '@unrs/resolver-binding-win32-ia32-msvc': [ '1.11.1' ],
3045 silly audit   '@unrs/resolver-binding-win32-x64-msvc': [ '1.11.1' ],
3045 silly audit   'napi-postinstall': [ '0.3.4' ],
3045 silly audit   '@napi-rs/wasm-runtime': [ '0.2.12' ],
3045 silly audit   '@emnapi/core': [ '1.8.1' ],
3045 silly audit   '@tybys/wasm-util': [ '0.10.1' ],
3045 silly audit   '@emnapi/wasi-threads': [ '1.1.0' ],
3045 silly audit   escalade: [ '3.2.0' ],
3045 silly audit   punycode: [ '2.3.1' ],
3045 silly audit   isexe: [ '2.0.0' ],
3045 silly audit   'is-bigint': [ '1.1.0' ],
3045 silly audit   'is-boolean-object': [ '1.2.2' ],
3045 silly audit   'is-number-object': [ '1.1.1' ],
3045 silly audit   'is-async-function': [ '2.1.1' ],
3045 silly audit   'is-finalizationregistry': [ '1.1.1' ],
3045 silly audit   'is-generator-function': [ '1.1.2' ],
3045 silly audit   'which-collection': [ '1.0.2' ],
3045 silly audit   'async-function': [ '1.0.0' ],
3045 silly audit   'generator-function': [ '2.0.1' ],
3045 silly audit   'is-map': [ '2.0.3' ],
3045 silly audit   'is-weakmap': [ '2.0.2' ],
3045 silly audit   'is-weakset': [ '2.0.4' ]
3045 silly audit }
3046 http cache is-weakset@https://registry.npmjs.org/is-weakset/-/is-weakset-2.0.4.tgz 0ms (cache hit)
3047 http cache is-map@https://registry.npmjs.org/is-map/-/is-map-2.0.3.tgz 0ms (cache hit)
3048 http cache is-weakmap@https://registry.npmjs.org/is-weakmap/-/is-weakmap-2.0.2.tgz 0ms (cache hit)
3049 http cache async-function@https://registry.npmjs.org/async-function/-/async-function-1.0.0.tgz 0ms (cache hit)
3050 http cache which-collection@https://registry.npmjs.org/which-collection/-/which-collection-1.0.2.tgz 0ms (cache hit)
3051 http cache is-finalizationregistry@https://registry.npmjs.org/is-finalizationregistry/-/is-finalizationregistry-1.1.1.tgz 0ms (cache hit)
3052 http cache is-async-function@https://registry.npmjs.org/is-async-function/-/is-async-function-2.1.1.tgz 0ms (cache hit)
3053 http cache is-boolean-object@https://registry.npmjs.org/is-boolean-object/-/is-boolean-object-1.2.2.tgz 0ms (cache hit)
3054 http cache is-generator-function@https://registry.npmjs.org/is-generator-function/-/is-generator-function-1.1.2.tgz 0ms (cache hit)
3055 http cache is-bigint@https://registry.npmjs.org/is-bigint/-/is-bigint-1.1.0.tgz 0ms (cache hit)
3056 http cache is-number-object@https://registry.npmjs.org/is-number-object/-/is-number-object-1.1.1.tgz 0ms (cache hit)
3057 http cache punycode@https://registry.npmjs.org/punycode/-/punycode-2.3.1.tgz 0ms (cache hit)
3058 http cache isexe@https://registry.npmjs.org/isexe/-/isexe-2.0.0.tgz 0ms (cache hit)
3059 http cache escalade@https://registry.npmjs.org/escalade/-/escalade-3.2.0.tgz 0ms (cache hit)
3060 http cache @tybys/wasm-util@https://registry.npmjs.org/@tybys/wasm-util/-/wasm-util-0.10.1.tgz 0ms (cache hit)
3061 http cache @emnapi/wasi-threads@https://registry.npmjs.org/@emnapi/wasi-threads/-/wasi-threads-1.1.0.tgz 0ms (cache hit)
3062 http cache napi-postinstall@https://registry.npmjs.org/napi-postinstall/-/napi-postinstall-0.3.4.tgz 0ms (cache hit)
3063 http cache @emnapi/core@https://registry.npmjs.org/@emnapi/core/-/core-1.8.1.tgz 0ms (cache hit)
3064 http cache @napi-rs/wasm-runtime@https://registry.npmjs.org/@napi-rs/wasm-runtime/-/wasm-runtime-0.2.12.tgz 0ms (cache hit)
3065 http cache has-bigints@https://registry.npmjs.org/has-bigints/-/has-bigints-1.1.0.tgz 0ms (cache hit)
3066 http cache @unrs/resolver-binding-darwin-arm64@https://registry.npmjs.org/@unrs/resolver-binding-darwin-arm64/-/resolver-binding-darwin-arm64-1.11.1.tgz 0ms (cache hit)
3067 http cache which-boxed-primitive@https://registry.npmjs.org/which-boxed-primitive/-/which-boxed-primitive-1.1.1.tgz 0ms (cache hit)
3068 http cache @typescript-eslint/project-service@https://registry.npmjs.org/@typescript-eslint/project-service/-/project-service-8.54.0.tgz 0ms (cache hit)
3069 http cache @typescript-eslint/types@https://registry.npmjs.org/@typescript-eslint/types/-/types-8.54.0.tgz 0ms (cache hit)
3070 http cache generator-function@https://registry.npmjs.org/generator-function/-/generator-function-2.0.1.tgz 0ms (cache hit)
3071 http cache @typescript-eslint/tsconfig-utils@https://registry.npmjs.org/@typescript-eslint/tsconfig-utils/-/tsconfig-utils-8.54.0.tgz 0ms (cache hit)
3072 http cache @typescript-eslint/utils@https://registry.npmjs.org/@typescript-eslint/utils/-/utils-8.54.0.tgz 0ms (cache hit)
3073 http cache @typescript-eslint/type-utils@https://registry.npmjs.org/@typescript-eslint/type-utils/-/type-utils-8.54.0.tgz 0ms (cache hit)
3074 http cache @typescript-eslint/parser@https://registry.npmjs.org/@typescript-eslint/parser/-/parser-8.54.0.tgz 0ms (cache hit)
3075 http cache @typescript-eslint/eslint-plugin@https://registry.npmjs.org/@typescript-eslint/eslint-plugin/-/eslint-plugin-8.54.0.tgz 0ms (cache hit)
3076 http cache which-builtin-type@https://registry.npmjs.org/which-builtin-type/-/which-builtin-type-1.2.1.tgz 0ms (cache hit)
3077 http cache @typescript-eslint/visitor-keys@https://registry.npmjs.org/@typescript-eslint/visitor-keys/-/visitor-keys-8.54.0.tgz 0ms (cache hit)
3078 http cache reflect.getprototypeof@https://registry.npmjs.org/reflect.getprototypeof/-/reflect.getprototypeof-1.0.10.tgz 0ms (cache hit)
3079 http cache for-each@https://registry.npmjs.org/for-each/-/for-each-0.3.5.tgz 0ms (cache hit)
3080 http cache minimist@https://registry.npmjs.org/minimist/-/minimist-1.2.8.tgz 0ms (cache hit)
3081 http cache @typescript-eslint/typescript-estree@https://registry.npmjs.org/@typescript-eslint/typescript-estree/-/typescript-estree-8.54.0.tgz 0ms (cache hit)
3082 http cache strip-bom@https://registry.npmjs.org/strip-bom/-/strip-bom-3.0.0.tgz 0ms (cache hit)
3083 http cache require-from-string@https://registry.npmjs.org/require-from-string/-/require-from-string-2.0.2.tgz 0ms (cache hit)
3084 http cache @typescript-eslint/scope-manager@https://registry.npmjs.org/@typescript-eslint/scope-manager/-/scope-manager-8.54.0.tgz 0ms (cache hit)
3085 http cache webgl-sdf-generator@https://registry.npmjs.org/webgl-sdf-generator/-/webgl-sdf-generator-1.1.1.tgz 0ms (cache hit)
3086 http cache @types/json5@https://registry.npmjs.org/@types/json5/-/json5-0.0.29.tgz 0ms (cache hit)
3087 http cache troika-three-utils@https://registry.npmjs.org/troika-three-utils/-/troika-three-utils-0.52.4.tgz 0ms (cache hit)
3088 http cache troika-worker-utils@https://registry.npmjs.org/troika-worker-utils/-/troika-worker-utils-0.52.0.tgz 0ms (cache hit)
3089 http cache bidi-js@https://registry.npmjs.org/bidi-js/-/bidi-js-1.0.3.tgz 0ms (cache hit)
3090 http cache is-number@https://registry.npmjs.org/is-number/-/is-number-7.0.0.tgz 0ms (cache hit)
3091 http cache @types/draco3d@https://registry.npmjs.org/@types/draco3d/-/draco3d-1.4.10.tgz 0ms (cache hit)
3092 http cache potpack@https://registry.npmjs.org/potpack/-/potpack-1.0.2.tgz 0ms (cache hit)
3093 http cache @types/offscreencanvas@https://registry.npmjs.org/@types/offscreencanvas/-/offscreencanvas-2019.7.3.tgz 0ms (cache hit)
3094 http cache client-only@https://registry.npmjs.org/client-only/-/client-only-0.0.1.tgz 0ms (cache hit)
3095 http cache draco3d@https://registry.npmjs.org/draco3d/-/draco3d-1.5.7.tgz 0ms (cache hit)
3096 http cache side-channel-weakmap@https://registry.npmjs.org/side-channel-weakmap/-/side-channel-weakmap-1.0.2.tgz 0ms (cache hit)
3097 http cache @emnapi/runtime@https://registry.npmjs.org/@emnapi/runtime/-/runtime-1.8.1.tgz 0ms (cache hit)
3098 http cache side-channel-list@https://registry.npmjs.org/side-channel-list/-/side-channel-list-1.0.0.tgz 0ms (cache hit)
3099 http cache has-flag@https://registry.npmjs.org/has-flag/-/has-flag-4.0.0.tgz 0ms (cache hit)
3100 http cache side-channel-map@https://registry.npmjs.org/side-channel-map/-/side-channel-map-1.0.1.tgz 0ms (cache hit)
3101 http cache ts-api-utils@https://registry.npmjs.org/ts-api-utils/-/ts-api-utils-2.4.0.tgz 0ms (cache hit)
3102 http cache @img/sharp-libvips-darwin-arm64@https://registry.npmjs.org/@img/sharp-libvips-darwin-arm64/-/sharp-libvips-darwin-arm64-1.2.4.tgz 0ms (cache hit)
3103 http cache queue-microtask@https://registry.npmjs.org/queue-microtask/-/queue-microtask-1.2.3.tgz 0ms (cache hit)
3104 http cache isarray@https://registry.npmjs.org/isarray/-/isarray-2.0.5.tgz 0ms (cache hit)
3105 http cache destr@https://registry.npmjs.org/destr/-/destr-2.0.5.tgz 0ms (cache hit)
3106 http cache object-assign@https://registry.npmjs.org/object-assign/-/object-assign-4.1.1.tgz 0ms (cache hit)
3107 http cache supports-preserve-symlinks-flag@https://registry.npmjs.org/supports-preserve-symlinks-flag/-/supports-preserve-symlinks-flag-1.0.0.tgz 0ms (cache hit)
3108 http cache loose-envify@https://registry.npmjs.org/loose-envify/-/loose-envify-1.4.0.tgz 0ms (cache hit)
3109 http cache immediate@https://registry.npmjs.org/immediate/-/immediate-3.0.6.tgz 0ms (cache hit)
3110 http cache lie@https://registry.npmjs.org/lie/-/lie-3.3.0.tgz 0ms (cache hit)
3111 http cache react-is@https://registry.npmjs.org/react-is/-/react-is-16.13.1.tgz 0ms (cache hit)
3112 http cache shebang-regex@https://registry.npmjs.org/shebang-regex/-/shebang-regex-3.0.0.tgz 0ms (cache hit)
3113 http cache path-parse@https://registry.npmjs.org/path-parse/-/path-parse-1.0.7.tgz 0ms (cache hit)
3114 http cache node-fetch-native@https://registry.npmjs.org/node-fetch-native/-/node-fetch-native-1.6.7.tgz 0ms (cache hit)
3115 http cache tinyexec@https://registry.npmjs.org/tinyexec/-/tinyexec-1.0.2.tgz 0ms (cache hit)
3116 http cache @img/sharp-darwin-arm64@https://registry.npmjs.org/@img/sharp-darwin-arm64/-/sharp-darwin-arm64-0.34.5.tgz 0ms (cache hit)
3117 http cache citty@https://registry.npmjs.org/citty/-/citty-0.1.6.tgz 0ms (cache hit)
3118 http cache consola@https://registry.npmjs.org/consola/-/consola-3.4.2.tgz 0ms (cache hit)
3119 http cache @standard-schema/spec@https://registry.npmjs.org/@standard-schema/spec/-/spec-1.1.0.tgz 0ms (cache hit)
3120 http cache fast-check@https://registry.npmjs.org/fast-check/-/fast-check-3.23.2.tgz 0ms (cache hit)
3121 http cache readdirp@https://registry.npmjs.org/readdirp/-/readdirp-4.1.2.tgz 0ms (cache hit)
3122 http cache rc9@https://registry.npmjs.org/rc9/-/rc9-2.1.2.tgz 0ms (cache hit)
3123 http cache pure-rand@https://registry.npmjs.org/pure-rand/-/pure-rand-6.1.0.tgz 0ms (cache hit)
3124 http cache @img/colour@https://registry.npmjs.org/@img/colour/-/colour-1.0.0.tgz 0ms (cache hit)
3125 http cache ohash@https://registry.npmjs.org/ohash/-/ohash-2.0.11.tgz 0ms (cache hit)
3126 http cache is-promise@https://registry.npmjs.org/is-promise/-/is-promise-2.2.2.tgz 0ms (cache hit)
3127 http cache exsolve@https://registry.npmjs.org/exsolve/-/exsolve-1.0.8.tgz 0ms (cache hit)
3128 http cache giget@https://registry.npmjs.org/giget/-/giget-2.0.0.tgz 0ms (cache hit)
3129 http cache pathe@https://registry.npmjs.org/pathe/-/pathe-2.0.3.tgz 0ms (cache hit)
3130 http cache dotenv@https://registry.npmjs.org/dotenv/-/dotenv-16.6.1.tgz 0ms (cache hit)
3131 http cache defu@https://registry.npmjs.org/defu/-/defu-6.1.4.tgz 0ms (cache hit)
3132 http cache confbox@https://registry.npmjs.org/confbox/-/confbox-0.2.4.tgz 0ms (cache hit)
3133 http cache chokidar@https://registry.npmjs.org/chokidar/-/chokidar-4.0.3.tgz 0ms (cache hit)
3134 http cache @prisma/get-platform@https://registry.npmjs.org/@prisma/get-platform/-/get-platform-6.19.2.tgz 0ms (cache hit)
3135 http cache pkg-types@https://registry.npmjs.org/pkg-types/-/pkg-types-2.3.0.tgz 0ms (cache hit)
3136 http cache @prisma/fetch-engine@https://registry.npmjs.org/@prisma/fetch-engine/-/fetch-engine-6.19.2.tgz 0ms (cache hit)
3137 http cache @prisma/engines-version@https://registry.npmjs.org/@prisma/engines-version/-/engines-version-7.1.1-3.c2990dca591cba766e3b7ef5d9e8a84796e47ab7.tgz 0ms (cache hit)
3138 http cache @prisma/debug@https://registry.npmjs.org/@prisma/debug/-/debug-6.19.2.tgz 0ms (cache hit)
3139 http cache empathic@https://registry.npmjs.org/empathic/-/empathic-2.0.0.tgz 0ms (cache hit)
3140 http cache deepmerge-ts@https://registry.npmjs.org/deepmerge-ts/-/deepmerge-ts-7.1.5.tgz 0ms (cache hit)
3141 http cache c12@https://registry.npmjs.org/c12/-/c12-3.1.0.tgz 0ms (cache hit)
3142 http cache nypm@https://registry.npmjs.org/nypm/-/nypm-0.6.5.tgz 0ms (cache hit)
3143 http cache @prisma/config@https://registry.npmjs.org/@prisma/config/-/config-6.19.2.tgz 0ms (cache hit)
3144 http cache callsites@https://registry.npmjs.org/callsites/-/callsites-3.1.0.tgz 0ms (cache hit)
3145 http cache yocto-queue@https://registry.npmjs.org/yocto-queue/-/yocto-queue-0.1.0.tgz 0ms (cache hit)
3146 http cache p-limit@https://registry.npmjs.org/p-limit/-/p-limit-3.1.0.tgz 0ms (cache hit)
3147 http cache @prisma/engines@https://registry.npmjs.org/@prisma/engines/-/engines-6.19.2.tgz 0ms (cache hit)
3148 http cache word-wrap@https://registry.npmjs.org/word-wrap/-/word-wrap-1.2.5.tgz 0ms (cache hit)
3149 http cache fast-levenshtein@https://registry.npmjs.org/fast-levenshtein/-/fast-levenshtein-2.0.6.tgz 0ms (cache hit)
3150 http cache sharp@https://registry.npmjs.org/sharp/-/sharp-0.34.5.tgz 0ms (cache hit)
3151 http cache @swc/helpers@https://registry.npmjs.org/@swc/helpers/-/helpers-0.5.15.tgz 0ms (cache hit)
3152 http cache deep-is@https://registry.npmjs.org/deep-is/-/deep-is-0.1.4.tgz 0ms (cache hit)
3153 http cache @next/env@https://registry.npmjs.org/@next/env/-/env-16.1.6.tgz 0ms (cache hit)
3154 http cache concat-map@https://registry.npmjs.org/concat-map/-/concat-map-0.0.1.tgz 0ms (cache hit)
3155 http cache effect@https://registry.npmjs.org/effect/-/effect-3.18.4.tgz 0ms (cache hit)
3156 http cache to-regex-range@https://registry.npmjs.org/to-regex-range/-/to-regex-range-5.0.1.tgz 0ms (cache hit)
3157 http cache brace-expansion@https://registry.npmjs.org/brace-expansion/-/brace-expansion-1.1.12.tgz 0ms (cache hit)
3158 http cache styled-jsx@https://registry.npmjs.org/styled-jsx/-/styled-jsx-5.1.6.tgz 0ms (cache hit)
3159 http cache fill-range@https://registry.npmjs.org/fill-range/-/fill-range-7.1.1.tgz 0ms (cache hit)
3160 http cache picomatch@https://registry.npmjs.org/picomatch/-/picomatch-2.3.1.tgz 0ms (cache hit)
3161 http cache nanoid@https://registry.npmjs.org/nanoid/-/nanoid-3.3.11.tgz 0ms (cache hit)
3162 http cache p-locate@https://registry.npmjs.org/p-locate/-/p-locate-5.0.0.tgz 0ms (cache hit)
3163 http cache braces@https://registry.npmjs.org/braces/-/braces-3.0.3.tgz 0ms (cache hit)
3164 http cache balanced-match@https://registry.npmjs.org/balanced-match/-/balanced-match-1.0.2.tgz 0ms (cache hit)
3165 http cache yallist@https://registry.npmjs.org/yallist/-/yallist-3.1.1.tgz 0ms (cache hit)
3166 http cache prelude-ls@https://registry.npmjs.org/prelude-ls/-/prelude-ls-1.2.1.tgz 0ms (cache hit)
3167 http cache lightningcss-darwin-arm64@https://registry.npmjs.org/lightningcss-darwin-arm64/-/lightningcss-darwin-arm64-1.30.2.tgz 0ms (cache hit)
3168 http cache type-check@https://registry.npmjs.org/type-check/-/type-check-0.4.0.tgz 0ms (cache hit)
3169 http cache @next/swc-darwin-arm64@https://registry.npmjs.org/@next/swc-darwin-arm64/-/swc-darwin-arm64-16.1.6.tgz 0ms (cache hit)
3170 http cache json-buffer@https://registry.npmjs.org/json-buffer/-/json-buffer-3.0.1.tgz 0ms (cache hit)
3171 http cache resolve-from@https://registry.npmjs.org/resolve-from/-/resolve-from-4.0.0.tgz 0ms (cache hit)
3172 http cache @types/react-reconciler@https://registry.npmjs.org/@types/react-reconciler/-/react-reconciler-0.28.9.tgz 0ms (cache hit)
3173 http cache side-channel@https://registry.npmjs.org/side-channel/-/side-channel-1.1.0.tgz 0ms (cache hit)
3174 http cache parent-module@https://registry.npmjs.org/parent-module/-/parent-module-1.0.1.tgz 0ms (cache hit)
3175 http cache argparse@https://registry.npmjs.org/argparse/-/argparse-2.0.1.tgz 0ms (cache hit)
3176 http cache hermes-estree@https://registry.npmjs.org/hermes-estree/-/hermes-estree-0.25.1.tgz 0ms (cache hit)
3177 http cache resolve-pkg-maps@https://registry.npmjs.org/resolve-pkg-maps/-/resolve-pkg-maps-1.0.0.tgz 0ms (cache hit)
3178 http cache dunder-proto@https://registry.npmjs.org/dunder-proto/-/dunder-proto-1.0.1.tgz 0ms (cache hit)
3179 http cache functions-have-names@https://registry.npmjs.org/functions-have-names/-/functions-have-names-1.2.3.tgz 0ms (cache hit)
3180 http cache language-subtag-registry@https://registry.npmjs.org/language-subtag-registry/-/language-subtag-registry-0.3.23.tgz 0ms (cache hit)
3181 http cache motion-utils@https://registry.npmjs.org/motion-utils/-/motion-utils-12.29.2.tgz 0ms (cache hit)
3182 http cache motion-dom@https://registry.npmjs.org/motion-dom/-/motion-dom-12.33.0.tgz 0ms (cache hit)
3183 http cache keyv@https://registry.npmjs.org/keyv/-/keyv-4.5.4.tgz 0ms (cache hit)
3184 http cache flatted@https://registry.npmjs.org/flatted/-/flatted-3.3.3.tgz 0ms (cache hit)
3185 http cache path-exists@https://registry.npmjs.org/path-exists/-/path-exists-4.0.0.tgz 0ms (cache hit)
3186 http cache flat-cache@https://registry.npmjs.org/flat-cache/-/flat-cache-4.0.1.tgz 0ms (cache hit)
3187 http cache is-extglob@https://registry.npmjs.org/is-extglob/-/is-extglob-2.1.1.tgz 0ms (cache hit)
3188 http cache locate-path@https://registry.npmjs.org/locate-path/-/locate-path-6.0.0.tgz 0ms (cache hit)
3189 http cache tslib@https://registry.npmjs.org/tslib/-/tslib-2.8.1.tgz 0ms (cache hit)
3190 http cache reusify@https://registry.npmjs.org/reusify/-/reusify-1.1.0.tgz 0ms (cache hit)
3191 http cache fastq@https://registry.npmjs.org/fastq/-/fastq-1.20.1.tgz 0ms (cache hit)
3192 http cache micromatch@https://registry.npmjs.org/micromatch/-/micromatch-4.0.8.tgz 0ms (cache hit)
3193 http cache merge2@https://registry.npmjs.org/merge2/-/merge2-1.4.1.tgz 0ms (cache hit)
3194 http cache @nodelib/fs.walk@https://registry.npmjs.org/@nodelib/fs.walk/-/fs.walk-1.2.8.tgz 0ms (cache hit)
3195 http cache acorn@https://registry.npmjs.org/acorn/-/acorn-8.15.0.tgz 0ms (cache hit)
3196 http cache acorn-jsx@https://registry.npmjs.org/acorn-jsx/-/acorn-jsx-5.3.2.tgz 0ms (cache hit)
3197 http cache detect-libc@https://registry.npmjs.org/detect-libc/-/detect-libc-2.1.2.tgz 0ms (cache hit)
3198 http cache esrecurse@https://registry.npmjs.org/esrecurse/-/esrecurse-4.3.0.tgz 0ms (cache hit)
3199 http cache update-browserslist-db@https://registry.npmjs.org/update-browserslist-db/-/update-browserslist-db-1.2.3.tgz 0ms (cache hit)
3200 http cache electron-to-chromium@https://registry.npmjs.org/electron-to-chromium/-/electron-to-chromium-1.5.286.tgz 0ms (cache hit)
3201 http cache node-releases@https://registry.npmjs.org/node-releases/-/node-releases-2.0.27.tgz 0ms (cache hit)
3202 http cache caniuse-lite@https://registry.npmjs.org/caniuse-lite/-/caniuse-lite-1.0.30001769.tgz 0ms (cache hit)
3203 http cache baseline-browser-mapping@https://registry.npmjs.org/baseline-browser-mapping/-/baseline-browser-mapping-2.9.19.tgz 0ms (cache hit)
3204 http cache @babel/helper-globals@https://registry.npmjs.org/@babel/helper-globals/-/helper-globals-7.28.0.tgz 0ms (cache hit)
3205 http cache @babel/helper-string-parser@https://registry.npmjs.org/@babel/helper-string-parser/-/helper-string-parser-7.27.1.tgz 0ms (cache hit)
3206 http cache lru-cache@https://registry.npmjs.org/lru-cache/-/lru-cache-5.1.1.tgz 0ms (cache hit)
3207 http cache @babel/helper-module-imports@https://registry.npmjs.org/@babel/helper-module-imports/-/helper-module-imports-7.28.6.tgz 0ms (cache hit)
3208 http cache browserslist@https://registry.npmjs.org/browserslist/-/browserslist-4.28.1.tgz 0ms (cache hit)
3209 http cache @babel/helper-validator-option@https://registry.npmjs.org/@babel/helper-validator-option/-/helper-validator-option-7.27.1.tgz 0ms (cache hit)
3210 http cache @babel/compat-data@https://registry.npmjs.org/@babel/compat-data/-/compat-data-7.29.0.tgz 0ms (cache hit)
3211 http cache jsesc@https://registry.npmjs.org/jsesc/-/jsesc-3.1.0.tgz 0ms (cache hit)
3212 http cache picocolors@https://registry.npmjs.org/picocolors/-/picocolors-1.1.1.tgz 0ms (cache hit)
3213 http cache js-tokens@https://registry.npmjs.org/js-tokens/-/js-tokens-4.0.0.tgz 0ms (cache hit)
3214 http cache json5@https://registry.npmjs.org/json5/-/json5-2.2.3.tgz 0ms (cache hit)
3215 http cache @babel/helper-validator-identifier@https://registry.npmjs.org/@babel/helper-validator-identifier/-/helper-validator-identifier-7.28.5.tgz 0ms (cache hit)
3216 http cache @babel/types@https://registry.npmjs.org/@babel/types/-/types-7.29.0.tgz 0ms (cache hit)
3217 http cache convert-source-map@https://registry.npmjs.org/convert-source-map/-/convert-source-map-2.0.0.tgz 0ms (cache hit)
3218 http cache @babel/traverse@https://registry.npmjs.org/@babel/traverse/-/traverse-7.29.0.tgz 0ms (cache hit)
3219 http cache @babel/helpers@https://registry.npmjs.org/@babel/helpers/-/helpers-7.28.6.tgz 0ms (cache hit)
3220 http cache gensync@https://registry.npmjs.org/gensync/-/gensync-1.0.0-beta.2.tgz 0ms (cache hit)
3221 http cache @babel/helper-compilation-targets@https://registry.npmjs.org/@babel/helper-compilation-targets/-/helper-compilation-targets-7.28.6.tgz 0ms (cache hit)
3222 http cache @babel/template@https://registry.npmjs.org/@babel/template/-/template-7.28.6.tgz 0ms (cache hit)
3223 http cache @babel/generator@https://registry.npmjs.org/@babel/generator/-/generator-7.29.1.tgz 0ms (cache hit)
3224 http cache @babel/helper-module-transforms@https://registry.npmjs.org/@babel/helper-module-transforms/-/helper-module-transforms-7.28.6.tgz 0ms (cache hit)
3225 http cache @babel/code-frame@https://registry.npmjs.org/@babel/code-frame/-/code-frame-7.29.0.tgz 0ms (cache hit)
3226 http cache zod-validation-error@https://registry.npmjs.org/zod-validation-error/-/zod-validation-error-4.0.2.tgz 0ms (cache hit)
3227 http cache zod@https://registry.npmjs.org/zod/-/zod-4.3.6.tgz 0ms (cache hit)
3228 http cache hermes-parser@https://registry.npmjs.org/hermes-parser/-/hermes-parser-0.25.1.tgz 0ms (cache hit)
3229 http cache @babel/core@https://registry.npmjs.org/@babel/core/-/core-7.29.0.tgz 0ms (cache hit)
3230 http cache iterator.prototype@https://registry.npmjs.org/iterator.prototype/-/iterator.prototype-1.1.5.tgz 0ms (cache hit)
3231 http cache @babel/parser@https://registry.npmjs.org/@babel/parser/-/parser-7.29.0.tgz 0ms (cache hit)
3232 http cache string.prototype.repeat@https://registry.npmjs.org/string.prototype.repeat/-/string.prototype.repeat-1.0.0.tgz 0ms (cache hit)
3233 http cache string.prototype.matchall@https://registry.npmjs.org/string.prototype.matchall/-/string.prototype.matchall-4.0.12.tgz 0ms (cache hit)
3234 http cache object.entries@https://registry.npmjs.org/object.entries/-/object.entries-1.1.9.tgz 0ms (cache hit)
3235 http cache prop-types@https://registry.npmjs.org/prop-types/-/prop-types-15.8.1.tgz 0ms (cache hit)
3236 http cache estraverse@https://registry.npmjs.org/estraverse/-/estraverse-5.3.0.tgz 0ms (cache hit)
3237 http cache es-iterator-helpers@https://registry.npmjs.org/es-iterator-helpers/-/es-iterator-helpers-1.2.2.tgz 0ms (cache hit)
3238 http cache array.prototype.findlast@https://registry.npmjs.org/array.prototype.findlast/-/array.prototype.findlast-1.2.5.tgz 0ms (cache hit)
3239 http cache array.prototype.tosorted@https://registry.npmjs.org/array.prototype.tosorted/-/array.prototype.tosorted-1.1.4.tgz 0ms (cache hit)
3240 http cache language-tags@https://registry.npmjs.org/language-tags/-/language-tags-1.0.9.tgz 0ms (cache hit)
3241 http cache string.prototype.includes@https://registry.npmjs.org/string.prototype.includes/-/string.prototype.includes-2.0.1.tgz 0ms (cache hit)
3242 http cache damerau-levenshtein@https://registry.npmjs.org/damerau-levenshtein/-/damerau-levenshtein-1.0.8.tgz 0ms (cache hit)
3243 http cache jsx-ast-utils@https://registry.npmjs.org/jsx-ast-utils/-/jsx-ast-utils-3.3.5.tgz 0ms (cache hit)
3244 http cache emoji-regex@https://registry.npmjs.org/emoji-regex/-/emoji-regex-9.2.2.tgz 0ms (cache hit)
3245 http cache axobject-query@https://registry.npmjs.org/axobject-query/-/axobject-query-4.1.0.tgz 0ms (cache hit)
3246 http cache run-parallel@https://registry.npmjs.org/run-parallel/-/run-parallel-1.2.0.tgz 0ms (cache hit)
3247 http cache is-symbol@https://registry.npmjs.org/is-symbol/-/is-symbol-1.1.1.tgz 0ms (cache hit)
3248 http cache axe-core@https://registry.npmjs.org/axe-core/-/axe-core-4.11.1.tgz 0ms (cache hit)
3249 http cache ast-types-flow@https://registry.npmjs.org/ast-types-flow/-/ast-types-flow-0.0.8.tgz 0ms (cache hit)
3250 http cache perfect-debounce@https://registry.npmjs.org/perfect-debounce/-/perfect-debounce-1.0.0.tgz 0ms (cache hit)
3251 http cache aria-query@https://registry.npmjs.org/aria-query/-/aria-query-5.3.2.tgz 0ms (cache hit)
3252 http cache possible-typed-array-names@https://registry.npmjs.org/possible-typed-array-names/-/possible-typed-array-names-1.1.0.tgz 0ms (cache hit)
3253 http cache typed-array-length@https://registry.npmjs.org/typed-array-length/-/typed-array-length-1.0.7.tgz 0ms (cache hit)
3254 http cache which-typed-array@https://registry.npmjs.org/which-typed-array/-/which-typed-array-1.1.20.tgz 0ms (cache hit)
3255 http cache unbox-primitive@https://registry.npmjs.org/unbox-primitive/-/unbox-primitive-1.1.0.tgz 0ms (cache hit)
3256 http cache typed-array-byte-length@https://registry.npmjs.org/typed-array-byte-length/-/typed-array-byte-length-1.0.3.tgz 0ms (cache hit)
3257 http cache typed-array-byte-offset@https://registry.npmjs.org/typed-array-byte-offset/-/typed-array-byte-offset-1.0.4.tgz 0ms (cache hit)
3258 http cache typed-array-buffer@https://registry.npmjs.org/typed-array-buffer/-/typed-array-buffer-1.0.3.tgz 0ms (cache hit)
3259 http cache string.prototype.trimstart@https://registry.npmjs.org/string.prototype.trimstart/-/string.prototype.trimstart-1.0.8.tgz 0ms (cache hit)
3260 http cache string.prototype.trim@https://registry.npmjs.org/string.prototype.trim/-/string.prototype.trim-1.2.10.tgz 0ms (cache hit)
3261 http cache stop-iteration-iterator@https://registry.npmjs.org/stop-iteration-iterator/-/stop-iteration-iterator-1.1.0.tgz 0ms (cache hit)
3262 http cache safe-regex-test@https://registry.npmjs.org/safe-regex-test/-/safe-regex-test-1.1.0.tgz 0ms (cache hit)
3263 http cache safe-push-apply@https://registry.npmjs.org/safe-push-apply/-/safe-push-apply-1.0.0.tgz 0ms (cache hit)
3264 http cache safe-array-concat@https://registry.npmjs.org/safe-array-concat/-/safe-array-concat-1.1.3.tgz 0ms (cache hit)
3265 http cache regexp.prototype.flags@https://registry.npmjs.org/regexp.prototype.flags/-/regexp.prototype.flags-1.5.4.tgz 0ms (cache hit)
3266 http cache own-keys@https://registry.npmjs.org/own-keys/-/own-keys-1.0.1.tgz 0ms (cache hit)
3267 http cache has-tostringtag@https://registry.npmjs.org/has-tostringtag/-/has-tostringtag-1.0.2.tgz 0ms (cache hit)
3268 http cache object-inspect@https://registry.npmjs.org/object-inspect/-/object-inspect-1.13.4.tgz 0ms (cache hit)
3269 http cache is-typed-array@https://registry.npmjs.org/is-typed-array/-/is-typed-array-1.1.15.tgz 0ms (cache hit)
3270 http cache is-set@https://registry.npmjs.org/is-set/-/is-set-2.0.3.tgz 0ms (cache hit)
3271 http cache is-weakref@https://registry.npmjs.org/is-weakref/-/is-weakref-1.1.1.tgz 0ms (cache hit)
3272 http cache is-shared-array-buffer@https://registry.npmjs.org/is-shared-array-buffer/-/is-shared-array-buffer-1.0.4.tgz 0ms (cache hit)
3273 http cache is-regex@https://registry.npmjs.org/is-regex/-/is-regex-1.2.1.tgz 0ms (cache hit)
3274 http cache is-negative-zero@https://registry.npmjs.org/is-negative-zero/-/is-negative-zero-2.0.3.tgz 0ms (cache hit)
3275 http cache @nodelib/fs.scandir@https://registry.npmjs.org/@nodelib/fs.scandir/-/fs.scandir-2.1.5.tgz 0ms (cache hit)
3276 http cache is-callable@https://registry.npmjs.org/is-callable/-/is-callable-1.2.7.tgz 0ms (cache hit)
3277 http cache is-array-buffer@https://registry.npmjs.org/is-array-buffer/-/is-array-buffer-3.0.5.tgz 0ms (cache hit)
3278 http cache internal-slot@https://registry.npmjs.org/internal-slot/-/internal-slot-1.1.0.tgz 0ms (cache hit)
3279 http cache has-proto@https://registry.npmjs.org/has-proto/-/has-proto-1.2.0.tgz 0ms (cache hit)
3280 http cache @nodelib/fs.stat@https://registry.npmjs.org/@nodelib/fs.stat/-/fs.stat-2.0.5.tgz 0ms (cache hit)
3281 http cache get-symbol-description@https://registry.npmjs.org/get-symbol-description/-/get-symbol-description-1.1.0.tgz 0ms (cache hit)
3282 http cache get-proto@https://registry.npmjs.org/get-proto/-/get-proto-1.0.1.tgz 0ms (cache hit)
3283 http cache has-symbols@https://registry.npmjs.org/has-symbols/-/has-symbols-1.1.0.tgz 0ms (cache hit)
3284 http cache es-to-primitive@https://registry.npmjs.org/es-to-primitive/-/es-to-primitive-1.3.0.tgz 0ms (cache hit)
3285 http cache es-set-tostringtag@https://registry.npmjs.org/es-set-tostringtag/-/es-set-tostringtag-2.1.0.tgz 0ms (cache hit)
3286 http cache data-view-byte-offset@https://registry.npmjs.org/data-view-byte-offset/-/data-view-byte-offset-1.0.1.tgz 0ms (cache hit)
3287 http cache function.prototype.name@https://registry.npmjs.org/function.prototype.name/-/function.prototype.name-1.1.8.tgz 0ms (cache hit)
3288 http cache data-view-byte-length@https://registry.npmjs.org/data-view-byte-length/-/data-view-byte-length-1.0.2.tgz 0ms (cache hit)
3289 http cache data-view-buffer@https://registry.npmjs.org/data-view-buffer/-/data-view-buffer-1.0.2.tgz 0ms (cache hit)
3290 http cache globalthis@https://registry.npmjs.org/globalthis/-/globalthis-1.0.4.tgz 0ms (cache hit)
3291 http cache available-typed-arrays@https://registry.npmjs.org/available-typed-arrays/-/available-typed-arrays-1.0.7.tgz 0ms (cache hit)
3292 http cache array-buffer-byte-length@https://registry.npmjs.org/array-buffer-byte-length/-/array-buffer-byte-length-1.0.2.tgz 0ms (cache hit)
3293 http cache arraybuffer.prototype.slice@https://registry.npmjs.org/arraybuffer.prototype.slice/-/arraybuffer.prototype.slice-1.0.4.tgz 0ms (cache hit)
3294 http cache gopd@https://registry.npmjs.org/gopd/-/gopd-1.2.0.tgz 0ms (cache hit)
3295 http cache object-keys@https://registry.npmjs.org/object-keys/-/object-keys-1.1.1.tgz 0ms (cache hit)
3296 http cache has-property-descriptors@https://registry.npmjs.org/has-property-descriptors/-/has-property-descriptors-1.0.2.tgz 0ms (cache hit)
3297 http cache set-function-length@https://registry.npmjs.org/set-function-length/-/set-function-length-1.2.2.tgz 0ms (cache hit)
3298 http cache function-bind@https://registry.npmjs.org/function-bind/-/function-bind-1.1.2.tgz 0ms (cache hit)
3299 http cache define-data-property@https://registry.npmjs.org/define-data-property/-/define-data-property-1.1.4.tgz 0ms (cache hit)
3300 http cache es-define-property@https://registry.npmjs.org/es-define-property/-/es-define-property-1.0.1.tgz 0ms (cache hit)
3301 http cache es-shim-unscopables@https://registry.npmjs.org/es-shim-unscopables/-/es-shim-unscopables-1.1.0.tgz 0ms (cache hit)
3302 http cache call-bind-apply-helpers@https://registry.npmjs.org/call-bind-apply-helpers/-/call-bind-apply-helpers-1.0.2.tgz 0ms (cache hit)
3303 http cache es-errors@https://registry.npmjs.org/es-errors/-/es-errors-1.3.0.tgz 0ms (cache hit)
3304 http cache math-intrinsics@https://registry.npmjs.org/math-intrinsics/-/math-intrinsics-1.1.0.tgz 0ms (cache hit)
3305 http cache is-string@https://registry.npmjs.org/is-string/-/is-string-1.1.1.tgz 0ms (cache hit)
3306 http cache get-intrinsic@https://registry.npmjs.org/get-intrinsic/-/get-intrinsic-1.3.0.tgz 0ms (cache hit)
3307 http cache es-object-atoms@https://registry.npmjs.org/es-object-atoms/-/es-object-atoms-1.1.1.tgz 0ms (cache hit)
3308 http cache es-abstract@https://registry.npmjs.org/es-abstract/-/es-abstract-1.24.1.tgz 0ms (cache hit)
3309 http cache define-properties@https://registry.npmjs.org/define-properties/-/define-properties-1.2.1.tgz 0ms (cache hit)
3310 http cache call-bound@https://registry.npmjs.org/call-bound/-/call-bound-1.0.4.tgz 0ms (cache hit)
3311 http cache call-bind@https://registry.npmjs.org/call-bind/-/call-bind-1.0.8.tgz 0ms (cache hit)
3312 http cache tsconfig-paths@https://registry.npmjs.org/tsconfig-paths/-/tsconfig-paths-3.15.0.tgz 0ms (cache hit)
3313 http cache string.prototype.trimend@https://registry.npmjs.org/string.prototype.trimend/-/string.prototype.trimend-1.0.9.tgz 0ms (cache hit)
3314 http cache semver@https://registry.npmjs.org/semver/-/semver-6.3.1.tgz 0ms (cache hit)
3315 http cache object.values@https://registry.npmjs.org/object.values/-/object.values-1.2.1.tgz 0ms (cache hit)
3316 http cache object.fromentries@https://registry.npmjs.org/object.fromentries/-/object.fromentries-2.0.8.tgz 0ms (cache hit)
3317 http cache object.groupby@https://registry.npmjs.org/object.groupby/-/object.groupby-1.0.3.tgz 0ms (cache hit)
3318 http cache doctrine@https://registry.npmjs.org/doctrine/-/doctrine-2.1.0.tgz 0ms (cache hit)
3319 http cache eslint-module-utils@https://registry.npmjs.org/eslint-module-utils/-/eslint-module-utils-2.12.1.tgz 0ms (cache hit)
3320 http cache array.prototype.flatmap@https://registry.npmjs.org/array.prototype.flatmap/-/array.prototype.flatmap-1.3.3.tgz 0ms (cache hit)
3321 http cache is-data-view@https://registry.npmjs.org/is-data-view/-/is-data-view-1.0.2.tgz 0ms (cache hit)
3322 http cache array.prototype.findlastindex@https://registry.npmjs.org/array.prototype.findlastindex/-/array.prototype.findlastindex-1.2.6.tgz 0ms (cache hit)
3323 http cache array.prototype.flat@https://registry.npmjs.org/array.prototype.flat/-/array.prototype.flat-1.3.3.tgz 0ms (cache hit)
3324 http cache @rtsao/scc@https://registry.npmjs.org/@rtsao/scc/-/scc-1.1.0.tgz 0ms (cache hit)
3325 http cache unrs-resolver@https://registry.npmjs.org/unrs-resolver/-/unrs-resolver-1.11.1.tgz 0ms (cache hit)
3326 http cache array-includes@https://registry.npmjs.org/array-includes/-/array-includes-3.1.9.tgz 0ms (cache hit)
3327 http cache set-function-name@https://registry.npmjs.org/set-function-name/-/set-function-name-2.0.2.tgz 0ms (cache hit)
3328 http cache stable-hash@https://registry.npmjs.org/stable-hash/-/stable-hash-0.0.5.tgz 0ms (cache hit)
3329 http cache tinyglobby@https://registry.npmjs.org/tinyglobby/-/tinyglobby-0.2.15.tgz 0ms (cache hit)
3330 http cache @nolyfill/is-core-module@https://registry.npmjs.org/@nolyfill/is-core-module/-/is-core-module-1.0.39.tgz 0ms (cache hit)
3331 http cache resolve@https://registry.npmjs.org/resolve/-/resolve-1.22.11.tgz 0ms (cache hit)
3332 http cache is-bun-module@https://registry.npmjs.org/is-bun-module/-/is-bun-module-2.0.0.tgz 0ms (cache hit)
3333 http cache is-core-module@https://registry.npmjs.org/is-core-module/-/is-core-module-2.16.1.tgz 0ms (cache hit)
3334 http cache fast-glob@https://registry.npmjs.org/fast-glob/-/fast-glob-3.3.1.tgz 0ms (cache hit)
3335 http cache typescript-eslint@https://registry.npmjs.org/typescript-eslint/-/typescript-eslint-8.54.0.tgz 0ms (cache hit)
3336 http cache eslint-plugin-react-hooks@https://registry.npmjs.org/eslint-plugin-react-hooks/-/eslint-plugin-react-hooks-7.0.1.tgz 0ms (cache hit)
3337 http cache eslint-plugin-react@https://registry.npmjs.org/eslint-plugin-react/-/eslint-plugin-react-7.37.5.tgz 0ms (cache hit)
3338 http cache eslint-plugin-jsx-a11y@https://registry.npmjs.org/eslint-plugin-jsx-a11y/-/eslint-plugin-jsx-a11y-6.10.2.tgz 0ms (cache hit)
3339 http cache is-date-object@https://registry.npmjs.org/is-date-object/-/is-date-object-1.1.0.tgz 0ms (cache hit)
3340 http cache eslint-import-resolver-typescript@https://registry.npmjs.org/eslint-import-resolver-typescript/-/eslint-import-resolver-typescript-3.10.1.tgz 0ms (cache hit)
3341 http cache eslint-plugin-import@https://registry.npmjs.org/eslint-plugin-import/-/eslint-plugin-import-2.32.0.tgz 0ms (cache hit)
3342 http cache ms@https://registry.npmjs.org/ms/-/ms-2.1.3.tgz 0ms (cache hit)
3343 http cache eslint-import-resolver-node@https://registry.npmjs.org/eslint-import-resolver-node/-/eslint-import-resolver-node-0.3.9.tgz 0ms (cache hit)
3344 http cache color-convert@https://registry.npmjs.org/color-convert/-/color-convert-2.0.1.tgz 0ms (cache hit)
3345 http cache @next/eslint-plugin-next@https://registry.npmjs.org/@next/eslint-plugin-next/-/eslint-plugin-next-16.1.6.tgz 0ms (cache hit)
3346 http cache color-name@https://registry.npmjs.org/color-name/-/color-name-1.1.4.tgz 0ms (cache hit)
3347 http cache uri-js@https://registry.npmjs.org/uri-js/-/uri-js-4.4.1.tgz 0ms (cache hit)
3348 http cache supports-color@https://registry.npmjs.org/supports-color/-/supports-color-7.2.0.tgz 0ms (cache hit)
3349 http cache json-schema-traverse@https://registry.npmjs.org/json-schema-traverse/-/json-schema-traverse-0.4.1.tgz 0ms (cache hit)
3350 http cache ansi-styles@https://registry.npmjs.org/ansi-styles/-/ansi-styles-4.3.0.tgz 0ms (cache hit)
3351 http cache levn@https://registry.npmjs.org/levn/-/levn-0.4.1.tgz 0ms (cache hit)
3352 http cache fast-json-stable-stringify@https://registry.npmjs.org/fast-json-stable-stringify/-/fast-json-stable-stringify-2.1.0.tgz 0ms (cache hit)
3353 http cache @humanfs/core@https://registry.npmjs.org/@humanfs/core/-/core-0.19.1.tgz 0ms (cache hit)
3354 http cache js-yaml@https://registry.npmjs.org/js-yaml/-/js-yaml-4.1.1.tgz 0ms (cache hit)
3355 http cache strip-json-comments@https://registry.npmjs.org/strip-json-comments/-/strip-json-comments-3.1.1.tgz 0ms (cache hit)
3356 http cache import-fresh@https://registry.npmjs.org/import-fresh/-/import-fresh-3.3.1.tgz 0ms (cache hit)
3357 http cache globals@https://registry.npmjs.org/globals/-/globals-14.0.0.tgz 0ms (cache hit)
3358 http cache @types/json-schema@https://registry.npmjs.org/@types/json-schema/-/json-schema-7.0.15.tgz 0ms (cache hit)
3359 http cache @eslint/object-schema@https://registry.npmjs.org/@eslint/object-schema/-/object-schema-2.1.7.tgz 0ms (cache hit)
3360 http cache natural-compare@https://registry.npmjs.org/natural-compare/-/natural-compare-1.4.0.tgz 0ms (cache hit)
3361 http cache optionator@https://registry.npmjs.org/optionator/-/optionator-0.9.4.tgz 0ms (cache hit)
3362 http cache minimatch@https://registry.npmjs.org/minimatch/-/minimatch-3.1.2.tgz 0ms (cache hit)
3363 http cache is-glob@https://registry.npmjs.org/is-glob/-/is-glob-4.0.3.tgz 0ms (cache hit)
3364 http cache lodash.merge@https://registry.npmjs.org/lodash.merge/-/lodash.merge-4.6.2.tgz 0ms (cache hit)
3365 http cache json-stable-stringify-without-jsonify@https://registry.npmjs.org/json-stable-stringify-without-jsonify/-/json-stable-stringify-without-jsonify-1.0.1.tgz 0ms (cache hit)
3366 http cache imurmurhash@https://registry.npmjs.org/imurmurhash/-/imurmurhash-0.1.4.tgz 0ms (cache hit)
3367 http cache ignore@https://registry.npmjs.org/ignore/-/ignore-5.3.2.tgz 0ms (cache hit)
3368 http cache glob-parent@https://registry.npmjs.org/glob-parent/-/glob-parent-6.0.2.tgz 0ms (cache hit)
3369 http cache file-entry-cache@https://registry.npmjs.org/file-entry-cache/-/file-entry-cache-8.0.0.tgz 0ms (cache hit)
3370 http cache find-up@https://registry.npmjs.org/find-up/-/find-up-5.0.0.tgz 0ms (cache hit)
3371 http cache esquery@https://registry.npmjs.org/esquery/-/esquery-1.7.0.tgz 0ms (cache hit)
3372 http cache fast-deep-equal@https://registry.npmjs.org/fast-deep-equal/-/fast-deep-equal-3.1.3.tgz 0ms (cache hit)
3373 http cache espree@https://registry.npmjs.org/espree/-/espree-10.4.0.tgz 0ms (cache hit)
3374 http cache esutils@https://registry.npmjs.org/esutils/-/esutils-2.0.3.tgz 0ms (cache hit)
3375 http cache escape-string-regexp@https://registry.npmjs.org/escape-string-regexp/-/escape-string-regexp-4.0.0.tgz 0ms (cache hit)
3376 http cache eslint-scope@https://registry.npmjs.org/eslint-scope/-/eslint-scope-8.4.0.tgz 0ms (cache hit)
3377 http cache eslint-visitor-keys@https://registry.npmjs.org/eslint-visitor-keys/-/eslint-visitor-keys-4.2.1.tgz 0ms (cache hit)
3378 http cache ajv@https://registry.npmjs.org/ajv/-/ajv-6.12.6.tgz 0ms (cache hit)
3379 http cache chalk@https://registry.npmjs.org/chalk/-/chalk-4.1.2.tgz 0ms (cache hit)
3380 http cache debug@https://registry.npmjs.org/debug/-/debug-4.4.3.tgz 0ms (cache hit)
3381 http cache @humanwhocodes/module-importer@https://registry.npmjs.org/@humanwhocodes/module-importer/-/module-importer-1.0.1.tgz 0ms (cache hit)
3382 http cache @types/estree@https://registry.npmjs.org/@types/estree/-/estree-1.0.8.tgz 0ms (cache hit)
3383 http cache @eslint/plugin-kit@https://registry.npmjs.org/@eslint/plugin-kit/-/plugin-kit-0.4.1.tgz 0ms (cache hit)
3384 http cache @humanwhocodes/retry@https://registry.npmjs.org/@humanwhocodes/retry/-/retry-0.4.3.tgz 0ms (cache hit)
3385 http cache @humanfs/node@https://registry.npmjs.org/@humanfs/node/-/node-0.16.7.tgz 0ms (cache hit)
3386 http cache @eslint/js@https://registry.npmjs.org/@eslint/js/-/js-9.39.2.tgz 0ms (cache hit)
3387 http cache @eslint/eslintrc@https://registry.npmjs.org/@eslint/eslintrc/-/eslintrc-3.3.3.tgz 0ms (cache hit)
3388 http cache @eslint/core@https://registry.npmjs.org/@eslint/core/-/core-0.17.0.tgz 0ms (cache hit)
3389 http cache @eslint/config-helpers@https://registry.npmjs.org/@eslint/config-helpers/-/config-helpers-0.4.2.tgz 0ms (cache hit)
3390 http cache @eslint-community/eslint-utils@https://registry.npmjs.org/@eslint-community/eslint-utils/-/eslint-utils-4.9.1.tgz 0ms (cache hit)
3391 http cache get-tsconfig@https://registry.npmjs.org/get-tsconfig/-/get-tsconfig-4.13.6.tgz 0ms (cache hit)
3392 http cache @eslint-community/regexpp@https://registry.npmjs.org/@eslint-community/regexpp/-/regexpp-4.12.2.tgz 0ms (cache hit)
3393 http cache @eslint/config-array@https://registry.npmjs.org/@eslint/config-array/-/config-array-0.21.1.tgz 0ms (cache hit)
3394 http cache graceful-fs@https://registry.npmjs.org/graceful-fs/-/graceful-fs-4.2.11.tgz 0ms (cache hit)
3395 http cache webgl-constants@https://registry.npmjs.org/webgl-constants/-/webgl-constants-1.1.1.tgz 0ms (cache hit)
3396 http cache tapable@https://registry.npmjs.org/tapable/-/tapable-2.3.0.tgz 0ms (cache hit)
3397 http cache which@https://registry.npmjs.org/which/-/which-2.0.2.tgz 0ms (cache hit)
3398 http cache path-key@https://registry.npmjs.org/path-key/-/path-key-3.1.1.tgz 0ms (cache hit)
3399 http cache shebang-command@https://registry.npmjs.org/shebang-command/-/shebang-command-2.0.0.tgz 0ms (cache hit)
3400 http cache cross-spawn@https://registry.npmjs.org/cross-spawn/-/cross-spawn-7.0.6.tgz 0ms (cache hit)
3401 http cache ieee754@https://registry.npmjs.org/ieee754/-/ieee754-1.2.1.tgz 0ms (cache hit)
3402 http cache @use-gesture/core@https://registry.npmjs.org/@use-gesture/core/-/core-10.3.1.tgz 0ms (cache hit)
3403 http cache meshoptimizer@https://registry.npmjs.org/meshoptimizer/-/meshoptimizer-0.22.0.tgz 0ms (cache hit)
3404 http cache fflate@https://registry.npmjs.org/fflate/-/fflate-0.8.2.tgz 0ms (cache hit)
3405 http cache @webgpu/types@https://registry.npmjs.org/@webgpu/types/-/types-0.1.69.tgz 0ms (cache hit)
3406 http cache @tweenjs/tween.js@https://registry.npmjs.org/@tweenjs/tween.js/-/tween.js-23.1.3.tgz 0ms (cache hit)
3407 http cache @dimforge/rapier3d-compat@https://registry.npmjs.org/@dimforge/rapier3d-compat/-/rapier3d-compat-0.12.0.tgz 0ms (cache hit)
3408 http cache @types/stats.js@https://registry.npmjs.org/@types/stats.js/-/stats.js-0.17.4.tgz 0ms (cache hit)
3409 http cache @tailwindcss/oxide-darwin-arm64@https://registry.npmjs.org/@tailwindcss/oxide-darwin-arm64/-/oxide-darwin-arm64-4.1.18.tgz 0ms (cache hit)
3410 http cache undici-types@https://registry.npmjs.org/undici-types/-/undici-types-6.21.0.tgz 0ms (cache hit)
3411 http cache @jridgewell/sourcemap-codec@https://registry.npmjs.org/@jridgewell/sourcemap-codec/-/sourcemap-codec-1.5.5.tgz 0ms (cache hit)
3412 http cache @jridgewell/trace-mapping@https://registry.npmjs.org/@jridgewell/trace-mapping/-/trace-mapping-0.3.31.tgz 0ms (cache hit)
3413 http cache @jridgewell/resolve-uri@https://registry.npmjs.org/@jridgewell/resolve-uri/-/resolve-uri-3.1.2.tgz 0ms (cache hit)
3414 http cache source-map-js@https://registry.npmjs.org/source-map-js/-/source-map-js-1.2.1.tgz 0ms (cache hit)
3415 http cache magic-string@https://registry.npmjs.org/magic-string/-/magic-string-0.30.21.tgz 0ms (cache hit)
3416 http cache lightningcss@https://registry.npmjs.org/lightningcss/-/lightningcss-1.30.2.tgz 0ms (cache hit)
3417 http cache csstype@https://registry.npmjs.org/csstype/-/csstype-3.2.3.tgz 0ms (cache hit)
3418 http cache jiti@https://registry.npmjs.org/jiti/-/jiti-2.6.1.tgz 0ms (cache hit)
3419 http cache object.assign@https://registry.npmjs.org/object.assign/-/object.assign-4.1.7.tgz 0ms (cache hit)
3420 http cache postcss@https://registry.npmjs.org/postcss/-/postcss-8.5.6.tgz 0ms (cache hit)
3421 http cache set-proto@https://registry.npmjs.org/set-proto/-/set-proto-1.0.0.tgz 1ms (cache hit)
3422 http cache @jridgewell/gen-mapping@https://registry.npmjs.org/@jridgewell/gen-mapping/-/gen-mapping-0.3.13.tgz 0ms (cache hit)
3423 http cache @tailwindcss/oxide@https://registry.npmjs.org/@tailwindcss/oxide/-/oxide-4.1.18.tgz 0ms (cache hit)
3424 http cache enhanced-resolve@https://registry.npmjs.org/enhanced-resolve/-/enhanced-resolve-5.19.0.tgz 0ms (cache hit)
3425 http cache @tailwindcss/node@https://registry.npmjs.org/@tailwindcss/node/-/node-4.1.18.tgz 0ms (cache hit)
3426 http cache @jridgewell/remapping@https://registry.npmjs.org/@jridgewell/remapping/-/remapping-2.3.5.tgz 0ms (cache hit)
3427 http cache scheduler@https://registry.npmjs.org/scheduler/-/scheduler-0.27.0.tgz 0ms (cache hit)
3428 http cache its-fine@https://registry.npmjs.org/its-fine/-/its-fine-2.0.0.tgz 0ms (cache hit)
3429 http cache react-use-measure@https://registry.npmjs.org/react-use-measure/-/react-use-measure-2.1.7.tgz 0ms (cache hit)
3430 http cache promise-worker-transferable@https://registry.npmjs.org/promise-worker-transferable/-/promise-worker-transferable-1.0.4.tgz 0ms (cache hit)
3431 http cache utility-types@https://registry.npmjs.org/utility-types/-/utility-types-3.11.0.tgz 0ms (cache hit)
3432 http cache troika-three-text@https://registry.npmjs.org/troika-three-text/-/troika-three-text-0.52.4.tgz 0ms (cache hit)
3433 http cache zustand@https://registry.npmjs.org/zustand/-/zustand-5.0.11.tgz 0ms (cache hit)
3434 http cache use-sync-external-store@https://registry.npmjs.org/use-sync-external-store/-/use-sync-external-store-1.6.0.tgz 0ms (cache hit)
3435 http cache @types/webxr@https://registry.npmjs.org/@types/webxr/-/webxr-0.5.24.tgz 0ms (cache hit)
3436 http cache tunnel-rat@https://registry.npmjs.org/tunnel-rat/-/tunnel-rat-0.1.2.tgz 0ms (cache hit)
3437 http cache three-stdlib@https://registry.npmjs.org/three-stdlib/-/three-stdlib-2.36.1.tgz 0ms (cache hit)
3438 http cache stats.js@https://registry.npmjs.org/stats.js/-/stats.js-0.17.0.tgz 0ms (cache hit)
3439 http cache suspend-react@https://registry.npmjs.org/suspend-react/-/suspend-react-0.1.3.tgz 0ms (cache hit)
3440 http cache three-mesh-bvh@https://registry.npmjs.org/three-mesh-bvh/-/three-mesh-bvh-0.8.3.tgz 0ms (cache hit)
3441 http cache stats-gl@https://registry.npmjs.org/stats-gl/-/stats-gl-2.4.2.tgz 0ms (cache hit)
3442 http cache maath@https://registry.npmjs.org/maath/-/maath-0.10.8.tgz 0ms (cache hit)
3443 http cache meshline@https://registry.npmjs.org/meshline/-/meshline-3.3.1.tgz 0ms (cache hit)
3444 http cache hls.js@https://registry.npmjs.org/hls.js/-/hls.js-1.6.15.tgz 0ms (cache hit)
3445 http cache cross-env@https://registry.npmjs.org/cross-env/-/cross-env-7.0.3.tgz 0ms (cache hit)
3446 http cache detect-gpu@https://registry.npmjs.org/detect-gpu/-/detect-gpu-5.0.70.tgz 0ms (cache hit)
3447 http cache @alloc/quick-lru@https://registry.npmjs.org/@alloc/quick-lru/-/quick-lru-5.2.0.tgz 0ms (cache hit)
3448 http cache glsl-noise@https://registry.npmjs.org/glsl-noise/-/glsl-noise-0.0.0.tgz 0ms (cache hit)
3449 http cache camera-controls@https://registry.npmjs.org/camera-controls/-/camera-controls-3.1.2.tgz 0ms (cache hit)
3450 http cache @monogrid/gainmap-js@https://registry.npmjs.org/@monogrid/gainmap-js/-/gainmap-js-3.4.0.tgz 0ms (cache hit)
3451 http cache @mediapipe/tasks-vision@https://registry.npmjs.org/@mediapipe/tasks-vision/-/tasks-vision-0.10.17.tgz 0ms (cache hit)
3452 http cache tailwindcss@https://registry.npmjs.org/tailwindcss/-/tailwindcss-4.1.18.tgz 0ms (cache hit)
3453 http cache @use-gesture/react@https://registry.npmjs.org/@use-gesture/react/-/react-10.3.1.tgz 0ms (cache hit)
3454 http cache @babel/runtime@https://registry.npmjs.org/@babel/runtime/-/runtime-7.28.6.tgz 0ms (cache hit)
3455 http cache base64-js@https://registry.npmjs.org/base64-js/-/base64-js-1.5.1.tgz 0ms (cache hit)
3456 http cache tailwind-merge@https://registry.npmjs.org/tailwind-merge/-/tailwind-merge-3.4.0.tgz 0ms (cache hit)
3457 http cache next@https://registry.npmjs.org/next/-/next-16.1.6.tgz 0ms (cache hit)
3458 http cache react-dom@https://registry.npmjs.org/react-dom/-/react-dom-19.2.3.tgz 0ms (cache hit)
3459 http cache prisma@https://registry.npmjs.org/prisma/-/prisma-6.19.2.tgz 0ms (cache hit)
3460 http cache mini-svg-data-uri@https://registry.npmjs.org/mini-svg-data-uri/-/mini-svg-data-uri-1.4.4.tgz 0ms (cache hit)
3461 http cache buffer@https://registry.npmjs.org/buffer/-/buffer-6.0.3.tgz 0ms (cache hit)
3462 http cache eslint-config-next@https://registry.npmjs.org/eslint-config-next/-/eslint-config-next-16.1.6.tgz 0ms (cache hit)
3463 http cache lucide-react@https://registry.npmjs.org/lucide-react/-/lucide-react-0.563.0.tgz 0ms (cache hit)
3464 http cache framer-motion@https://registry.npmjs.org/framer-motion/-/framer-motion-12.33.0.tgz 0ms (cache hit)
3465 http cache eslint@https://registry.npmjs.org/eslint/-/eslint-9.39.2.tgz 0ms (cache hit)
3466 http cache @types/react-dom@https://registry.npmjs.org/@types/react-dom/-/react-dom-19.2.3.tgz 0ms (cache hit)
3467 http cache clsx@https://registry.npmjs.org/clsx/-/clsx-2.1.1.tgz 0ms (cache hit)
3468 http cache @types/three@https://registry.npmjs.org/@types/three/-/three-0.182.0.tgz 0ms (cache hit)
3469 http cache @types/node@https://registry.npmjs.org/@types/node/-/node-20.19.32.tgz 0ms (cache hit)
3470 http cache @react-three/fiber@https://registry.npmjs.org/@react-three/fiber/-/fiber-9.5.0.tgz 0ms (cache hit)
3471 http cache @tailwindcss/postcss@https://registry.npmjs.org/@tailwindcss/postcss/-/postcss-4.1.18.tgz 0ms (cache hit)
3472 http cache three@https://registry.npmjs.org/three/-/three-0.182.0.tgz 0ms (cache hit)
3473 http cache react@https://registry.npmjs.org/react/-/react-19.2.3.tgz 0ms (cache hit)
3474 http cache @react-three/drei@https://registry.npmjs.org/@react-three/drei/-/drei-10.7.7.tgz 0ms (cache hit)
3475 http cache @prisma/client@https://registry.npmjs.org/@prisma/client/-/client-6.19.2.tgz 0ms (cache hit)
3476 http cache @types/react@https://registry.npmjs.org/@types/react/-/react-19.2.13.tgz 0ms (cache hit)
3477 http cache semver@https://registry.npmjs.org/semver/-/semver-7.7.4.tgz 0ms (cache hit)
3478 http cache ignore@https://registry.npmjs.org/ignore/-/ignore-7.0.5.tgz 0ms (cache hit)
3479 http cache citty@https://registry.npmjs.org/citty/-/citty-0.2.0.tgz 0ms (cache hit)
3480 http cache json5@https://registry.npmjs.org/json5/-/json5-1.0.2.tgz 0ms (cache hit)
3481 http cache debug@https://registry.npmjs.org/debug/-/debug-3.2.7.tgz 0ms (cache hit)
3482 http cache semver@https://registry.npmjs.org/semver/-/semver-7.7.4.tgz 0ms (cache hit)
3483 http cache glob-parent@https://registry.npmjs.org/glob-parent/-/glob-parent-5.1.2.tgz 0ms (cache hit)
3484 http cache picomatch@https://registry.npmjs.org/picomatch/-/picomatch-4.0.3.tgz 0ms (cache hit)
3485 http cache semver@https://registry.npmjs.org/semver/-/semver-7.7.4.tgz 0ms (cache hit)
3486 http cache fdir@https://registry.npmjs.org/fdir/-/fdir-6.5.0.tgz 0ms (cache hit)
3487 http cache debug@https://registry.npmjs.org/debug/-/debug-3.2.7.tgz 0ms (cache hit)
3488 http cache resolve@https://registry.npmjs.org/resolve/-/resolve-2.0.0-next.5.tgz 0ms (cache hit)
3489 http cache eslint-visitor-keys@https://registry.npmjs.org/eslint-visitor-keys/-/eslint-visitor-keys-3.4.3.tgz 0ms (cache hit)
3490 http cache debug@https://registry.npmjs.org/debug/-/debug-3.2.7.tgz 0ms (cache hit)
3491 http cache fflate@https://registry.npmjs.org/fflate/-/fflate-0.6.10.tgz 0ms (cache hit)
3492 http cache three@https://registry.npmjs.org/three/-/three-0.170.0.tgz 0ms (cache hit)
3493 http cache zustand@https://registry.npmjs.org/zustand/-/zustand-4.5.7.tgz 0ms (cache hit)
3494 http cache minimatch@https://registry.npmjs.org/minimatch/-/minimatch-9.0.5.tgz 0ms (cache hit)
3495 http cache postcss@https://registry.npmjs.org/postcss/-/postcss-8.4.31.tgz 0ms (cache hit)
3496 http cache typescript@https://registry.npmjs.org/typescript/-/typescript-5.9.3.tgz 0ms (cache hit)
3497 http cache hasown@https://registry.npmjs.org/hasown/-/hasown-2.0.2.tgz 0ms (cache hit)
3498 silly tarball no local data for is-weakset@https://registry.npmjs.org/is-weakset/-/is-weakset-2.0.4.tgz. Extracting by manifest.
3499 silly tarball no local data for is-map@https://registry.npmjs.org/is-map/-/is-map-2.0.3.tgz. Extracting by manifest.
3500 silly tarball no local data for is-weakmap@https://registry.npmjs.org/is-weakmap/-/is-weakmap-2.0.2.tgz. Extracting by manifest.
3501 silly tarball no local data for async-function@https://registry.npmjs.org/async-function/-/async-function-1.0.0.tgz. Extracting by manifest.
3502 http cache globals@https://registry.npmjs.org/globals/-/globals-16.4.0.tgz 0ms (cache hit)
3503 silly tarball no local data for which-collection@https://registry.npmjs.org/which-collection/-/which-collection-1.0.2.tgz. Extracting by manifest.
3504 silly tarball no local data for is-finalizationregistry@https://registry.npmjs.org/is-finalizationregistry/-/is-finalizationregistry-1.1.1.tgz. Extracting by manifest.
3505 silly tarball no local data for is-async-function@https://registry.npmjs.org/is-async-function/-/is-async-function-2.1.1.tgz. Extracting by manifest.
3506 silly tarball no local data for is-boolean-object@https://registry.npmjs.org/is-boolean-object/-/is-boolean-object-1.2.2.tgz. Extracting by manifest.
3507 silly tarball no local data for is-generator-function@https://registry.npmjs.org/is-generator-function/-/is-generator-function-1.1.2.tgz. Extracting by manifest.
3508 silly tarball no local data for is-bigint@https://registry.npmjs.org/is-bigint/-/is-bigint-1.1.0.tgz. Extracting by manifest.
3509 silly tarball no local data for is-number-object@https://registry.npmjs.org/is-number-object/-/is-number-object-1.1.1.tgz. Extracting by manifest.
3510 silly tarball no local data for punycode@https://registry.npmjs.org/punycode/-/punycode-2.3.1.tgz. Extracting by manifest.
3511 silly tarball no local data for isexe@https://registry.npmjs.org/isexe/-/isexe-2.0.0.tgz. Extracting by manifest.
3512 silly tarball no local data for escalade@https://registry.npmjs.org/escalade/-/escalade-3.2.0.tgz. Extracting by manifest.
3513 silly tarball no local data for @tybys/wasm-util@https://registry.npmjs.org/@tybys/wasm-util/-/wasm-util-0.10.1.tgz. Extracting by manifest.
3514 silly tarball no local data for @emnapi/wasi-threads@https://registry.npmjs.org/@emnapi/wasi-threads/-/wasi-threads-1.1.0.tgz. Extracting by manifest.
3515 silly tarball no local data for napi-postinstall@https://registry.npmjs.org/napi-postinstall/-/napi-postinstall-0.3.4.tgz. Extracting by manifest.
3516 silly tarball no local data for @emnapi/core@https://registry.npmjs.org/@emnapi/core/-/core-1.8.1.tgz. Extracting by manifest.
3517 silly tarball no local data for @napi-rs/wasm-runtime@https://registry.npmjs.org/@napi-rs/wasm-runtime/-/wasm-runtime-0.2.12.tgz. Extracting by manifest.
3518 silly tarball no local data for has-bigints@https://registry.npmjs.org/has-bigints/-/has-bigints-1.1.0.tgz. Extracting by manifest.
3519 silly tarball no local data for @unrs/resolver-binding-darwin-arm64@https://registry.npmjs.org/@unrs/resolver-binding-darwin-arm64/-/resolver-binding-darwin-arm64-1.11.1.tgz. Extracting by manifest.
3520 silly tarball no local data for which-boxed-primitive@https://registry.npmjs.org/which-boxed-primitive/-/which-boxed-primitive-1.1.1.tgz. Extracting by manifest.
3521 silly tarball no local data for @typescript-eslint/project-service@https://registry.npmjs.org/@typescript-eslint/project-service/-/project-service-8.54.0.tgz. Extracting by manifest.
3522 silly tarball no local data for @typescript-eslint/types@https://registry.npmjs.org/@typescript-eslint/types/-/types-8.54.0.tgz. Extracting by manifest.
3523 silly tarball no local data for generator-function@https://registry.npmjs.org/generator-function/-/generator-function-2.0.1.tgz. Extracting by manifest.
3524 silly tarball no local data for @typescript-eslint/tsconfig-utils@https://registry.npmjs.org/@typescript-eslint/tsconfig-utils/-/tsconfig-utils-8.54.0.tgz. Extracting by manifest.
3525 silly tarball no local data for @typescript-eslint/utils@https://registry.npmjs.org/@typescript-eslint/utils/-/utils-8.54.0.tgz. Extracting by manifest.
3526 silly tarball no local data for @typescript-eslint/type-utils@https://registry.npmjs.org/@typescript-eslint/type-utils/-/type-utils-8.54.0.tgz. Extracting by manifest.
3527 silly tarball no local data for @typescript-eslint/parser@https://registry.npmjs.org/@typescript-eslint/parser/-/parser-8.54.0.tgz. Extracting by manifest.
3528 silly tarball no local data for @typescript-eslint/eslint-plugin@https://registry.npmjs.org/@typescript-eslint/eslint-plugin/-/eslint-plugin-8.54.0.tgz. Extracting by manifest.
3529 silly tarball no local data for @typescript-eslint/visitor-keys@https://registry.npmjs.org/@typescript-eslint/visitor-keys/-/visitor-keys-8.54.0.tgz. Extracting by manifest.
3530 silly tarball no local data for which-builtin-type@https://registry.npmjs.org/which-builtin-type/-/which-builtin-type-1.2.1.tgz. Extracting by manifest.
3531 silly tarball no local data for reflect.getprototypeof@https://registry.npmjs.org/reflect.getprototypeof/-/reflect.getprototypeof-1.0.10.tgz. Extracting by manifest.
3532 silly tarball no local data for for-each@https://registry.npmjs.org/for-each/-/for-each-0.3.5.tgz. Extracting by manifest.
3533 silly tarball no local data for minimist@https://registry.npmjs.org/minimist/-/minimist-1.2.8.tgz. Extracting by manifest.
3534 silly tarball no local data for @typescript-eslint/typescript-estree@https://registry.npmjs.org/@typescript-eslint/typescript-estree/-/typescript-estree-8.54.0.tgz. Extracting by manifest.
3535 silly tarball no local data for strip-bom@https://registry.npmjs.org/strip-bom/-/strip-bom-3.0.0.tgz. Extracting by manifest.
3536 silly tarball no local data for require-from-string@https://registry.npmjs.org/require-from-string/-/require-from-string-2.0.2.tgz. Extracting by manifest.
3537 silly tarball no local data for @typescript-eslint/scope-manager@https://registry.npmjs.org/@typescript-eslint/scope-manager/-/scope-manager-8.54.0.tgz. Extracting by manifest.
3538 silly tarball no local data for webgl-sdf-generator@https://registry.npmjs.org/webgl-sdf-generator/-/webgl-sdf-generator-1.1.1.tgz. Extracting by manifest.
3539 silly tarball no local data for @types/json5@https://registry.npmjs.org/@types/json5/-/json5-0.0.29.tgz. Extracting by manifest.
3540 silly tarball no local data for troika-three-utils@https://registry.npmjs.org/troika-three-utils/-/troika-three-utils-0.52.4.tgz. Extracting by manifest.
3541 silly tarball no local data for troika-worker-utils@https://registry.npmjs.org/troika-worker-utils/-/troika-worker-utils-0.52.0.tgz. Extracting by manifest.
3542 silly tarball no local data for bidi-js@https://registry.npmjs.org/bidi-js/-/bidi-js-1.0.3.tgz. Extracting by manifest.
3543 silly tarball no local data for is-number@https://registry.npmjs.org/is-number/-/is-number-7.0.0.tgz. Extracting by manifest.
3544 silly tarball no local data for @types/draco3d@https://registry.npmjs.org/@types/draco3d/-/draco3d-1.4.10.tgz. Extracting by manifest.
3545 silly tarball no local data for potpack@https://registry.npmjs.org/potpack/-/potpack-1.0.2.tgz. Extracting by manifest.
3546 silly tarball no local data for @types/offscreencanvas@https://registry.npmjs.org/@types/offscreencanvas/-/offscreencanvas-2019.7.3.tgz. Extracting by manifest.
3547 silly tarball no local data for client-only@https://registry.npmjs.org/client-only/-/client-only-0.0.1.tgz. Extracting by manifest.
3548 http cache brace-expansion@https://registry.npmjs.org/brace-expansion/-/brace-expansion-2.0.2.tgz 0ms (cache hit)
3549 silly tarball no local data for draco3d@https://registry.npmjs.org/draco3d/-/draco3d-1.5.7.tgz. Extracting by manifest.
3550 silly tarball no local data for side-channel-weakmap@https://registry.npmjs.org/side-channel-weakmap/-/side-channel-weakmap-1.0.2.tgz. Extracting by manifest.
3551 silly tarball no local data for @emnapi/runtime@https://registry.npmjs.org/@emnapi/runtime/-/runtime-1.8.1.tgz. Extracting by manifest.
3552 silly tarball no local data for side-channel-list@https://registry.npmjs.org/side-channel-list/-/side-channel-list-1.0.0.tgz. Extracting by manifest.
3553 silly tarball no local data for has-flag@https://registry.npmjs.org/has-flag/-/has-flag-4.0.0.tgz. Extracting by manifest.
3554 silly tarball no local data for side-channel-map@https://registry.npmjs.org/side-channel-map/-/side-channel-map-1.0.1.tgz. Extracting by manifest.
3555 silly tarball no local data for ts-api-utils@https://registry.npmjs.org/ts-api-utils/-/ts-api-utils-2.4.0.tgz. Extracting by manifest.
3556 silly tarball no local data for @img/sharp-libvips-darwin-arm64@https://registry.npmjs.org/@img/sharp-libvips-darwin-arm64/-/sharp-libvips-darwin-arm64-1.2.4.tgz. Extracting by manifest.
3557 silly tarball no local data for queue-microtask@https://registry.npmjs.org/queue-microtask/-/queue-microtask-1.2.3.tgz. Extracting by manifest.
3558 silly tarball no local data for isarray@https://registry.npmjs.org/isarray/-/isarray-2.0.5.tgz. Extracting by manifest.
3559 silly tarball no local data for destr@https://registry.npmjs.org/destr/-/destr-2.0.5.tgz. Extracting by manifest.
3560 silly tarball no local data for object-assign@https://registry.npmjs.org/object-assign/-/object-assign-4.1.1.tgz. Extracting by manifest.
3561 silly tarball no local data for supports-preserve-symlinks-flag@https://registry.npmjs.org/supports-preserve-symlinks-flag/-/supports-preserve-symlinks-flag-1.0.0.tgz. Extracting by manifest.
3562 silly tarball no local data for loose-envify@https://registry.npmjs.org/loose-envify/-/loose-envify-1.4.0.tgz. Extracting by manifest.
3563 silly tarball no local data for immediate@https://registry.npmjs.org/immediate/-/immediate-3.0.6.tgz. Extracting by manifest.
3564 silly tarball no local data for lie@https://registry.npmjs.org/lie/-/lie-3.3.0.tgz. Extracting by manifest.
3565 silly tarball no local data for react-is@https://registry.npmjs.org/react-is/-/react-is-16.13.1.tgz. Extracting by manifest.
3566 silly tarball no local data for shebang-regex@https://registry.npmjs.org/shebang-regex/-/shebang-regex-3.0.0.tgz. Extracting by manifest.
3567 silly tarball no local data for path-parse@https://registry.npmjs.org/path-parse/-/path-parse-1.0.7.tgz. Extracting by manifest.
3568 silly tarball no local data for node-fetch-native@https://registry.npmjs.org/node-fetch-native/-/node-fetch-native-1.6.7.tgz. Extracting by manifest.
3569 silly tarball no local data for tinyexec@https://registry.npmjs.org/tinyexec/-/tinyexec-1.0.2.tgz. Extracting by manifest.
3570 silly tarball no local data for @img/sharp-darwin-arm64@https://registry.npmjs.org/@img/sharp-darwin-arm64/-/sharp-darwin-arm64-0.34.5.tgz. Extracting by manifest.
3571 silly tarball no local data for citty@https://registry.npmjs.org/citty/-/citty-0.1.6.tgz. Extracting by manifest.
3572 silly tarball no local data for consola@https://registry.npmjs.org/consola/-/consola-3.4.2.tgz. Extracting by manifest.
3573 silly tarball no local data for @standard-schema/spec@https://registry.npmjs.org/@standard-schema/spec/-/spec-1.1.0.tgz. Extracting by manifest.
3574 silly tarball no local data for fast-check@https://registry.npmjs.org/fast-check/-/fast-check-3.23.2.tgz. Extracting by manifest.
3575 silly tarball no local data for readdirp@https://registry.npmjs.org/readdirp/-/readdirp-4.1.2.tgz. Extracting by manifest.
3576 silly tarball no local data for rc9@https://registry.npmjs.org/rc9/-/rc9-2.1.2.tgz. Extracting by manifest.
3577 silly tarball no local data for pure-rand@https://registry.npmjs.org/pure-rand/-/pure-rand-6.1.0.tgz. Extracting by manifest.
3578 silly tarball no local data for @img/colour@https://registry.npmjs.org/@img/colour/-/colour-1.0.0.tgz. Extracting by manifest.
3579 silly tarball no local data for ohash@https://registry.npmjs.org/ohash/-/ohash-2.0.11.tgz. Extracting by manifest.
3580 silly tarball no local data for is-promise@https://registry.npmjs.org/is-promise/-/is-promise-2.2.2.tgz. Extracting by manifest.
3581 silly tarball no local data for exsolve@https://registry.npmjs.org/exsolve/-/exsolve-1.0.8.tgz. Extracting by manifest.
3582 silly tarball no local data for giget@https://registry.npmjs.org/giget/-/giget-2.0.0.tgz. Extracting by manifest.
3583 silly tarball no local data for pathe@https://registry.npmjs.org/pathe/-/pathe-2.0.3.tgz. Extracting by manifest.
3584 silly tarball no local data for dotenv@https://registry.npmjs.org/dotenv/-/dotenv-16.6.1.tgz. Extracting by manifest.
3585 silly tarball no local data for defu@https://registry.npmjs.org/defu/-/defu-6.1.4.tgz. Extracting by manifest.
3586 silly tarball no local data for confbox@https://registry.npmjs.org/confbox/-/confbox-0.2.4.tgz. Extracting by manifest.
3587 silly tarball no local data for chokidar@https://registry.npmjs.org/chokidar/-/chokidar-4.0.3.tgz. Extracting by manifest.
3588 silly tarball no local data for @prisma/get-platform@https://registry.npmjs.org/@prisma/get-platform/-/get-platform-6.19.2.tgz. Extracting by manifest.
3589 silly tarball no local data for pkg-types@https://registry.npmjs.org/pkg-types/-/pkg-types-2.3.0.tgz. Extracting by manifest.
3590 silly tarball no local data for @prisma/fetch-engine@https://registry.npmjs.org/@prisma/fetch-engine/-/fetch-engine-6.19.2.tgz. Extracting by manifest.
3591 silly tarball no local data for @prisma/engines-version@https://registry.npmjs.org/@prisma/engines-version/-/engines-version-7.1.1-3.c2990dca591cba766e3b7ef5d9e8a84796e47ab7.tgz. Extracting by manifest.
3592 silly tarball no local data for @prisma/debug@https://registry.npmjs.org/@prisma/debug/-/debug-6.19.2.tgz. Extracting by manifest.
3593 silly tarball no local data for empathic@https://registry.npmjs.org/empathic/-/empathic-2.0.0.tgz. Extracting by manifest.
3594 silly tarball no local data for deepmerge-ts@https://registry.npmjs.org/deepmerge-ts/-/deepmerge-ts-7.1.5.tgz. Extracting by manifest.
3595 silly tarball no local data for c12@https://registry.npmjs.org/c12/-/c12-3.1.0.tgz. Extracting by manifest.
3596 silly tarball no local data for nypm@https://registry.npmjs.org/nypm/-/nypm-0.6.5.tgz. Extracting by manifest.
3597 silly tarball no local data for @prisma/config@https://registry.npmjs.org/@prisma/config/-/config-6.19.2.tgz. Extracting by manifest.
3598 silly tarball no local data for callsites@https://registry.npmjs.org/callsites/-/callsites-3.1.0.tgz. Extracting by manifest.
3599 silly tarball no local data for yocto-queue@https://registry.npmjs.org/yocto-queue/-/yocto-queue-0.1.0.tgz. Extracting by manifest.
3600 silly tarball no local data for p-limit@https://registry.npmjs.org/p-limit/-/p-limit-3.1.0.tgz. Extracting by manifest.
3601 silly tarball no local data for @prisma/engines@https://registry.npmjs.org/@prisma/engines/-/engines-6.19.2.tgz. Extracting by manifest.
3602 silly tarball no local data for word-wrap@https://registry.npmjs.org/word-wrap/-/word-wrap-1.2.5.tgz. Extracting by manifest.
3603 silly tarball no local data for fast-levenshtein@https://registry.npmjs.org/fast-levenshtein/-/fast-levenshtein-2.0.6.tgz. Extracting by manifest.
3604 silly tarball no local data for sharp@https://registry.npmjs.org/sharp/-/sharp-0.34.5.tgz. Extracting by manifest.
3605 silly tarball no local data for @swc/helpers@https://registry.npmjs.org/@swc/helpers/-/helpers-0.5.15.tgz. Extracting by manifest.
3606 silly tarball no local data for deep-is@https://registry.npmjs.org/deep-is/-/deep-is-0.1.4.tgz. Extracting by manifest.
3607 silly tarball no local data for @next/env@https://registry.npmjs.org/@next/env/-/env-16.1.6.tgz. Extracting by manifest.
3608 silly tarball no local data for concat-map@https://registry.npmjs.org/concat-map/-/concat-map-0.0.1.tgz. Extracting by manifest.
3609 silly tarball no local data for effect@https://registry.npmjs.org/effect/-/effect-3.18.4.tgz. Extracting by manifest.
3610 silly tarball no local data for to-regex-range@https://registry.npmjs.org/to-regex-range/-/to-regex-range-5.0.1.tgz. Extracting by manifest.
3611 silly tarball no local data for brace-expansion@https://registry.npmjs.org/brace-expansion/-/brace-expansion-1.1.12.tgz. Extracting by manifest.
3612 silly tarball no local data for styled-jsx@https://registry.npmjs.org/styled-jsx/-/styled-jsx-5.1.6.tgz. Extracting by manifest.
3613 silly tarball no local data for fill-range@https://registry.npmjs.org/fill-range/-/fill-range-7.1.1.tgz. Extracting by manifest.
3614 silly tarball no local data for picomatch@https://registry.npmjs.org/picomatch/-/picomatch-2.3.1.tgz. Extracting by manifest.
3615 silly tarball no local data for nanoid@https://registry.npmjs.org/nanoid/-/nanoid-3.3.11.tgz. Extracting by manifest.
3616 silly tarball no local data for p-locate@https://registry.npmjs.org/p-locate/-/p-locate-5.0.0.tgz. Extracting by manifest.
3617 silly tarball no local data for braces@https://registry.npmjs.org/braces/-/braces-3.0.3.tgz. Extracting by manifest.
3618 silly tarball no local data for balanced-match@https://registry.npmjs.org/balanced-match/-/balanced-match-1.0.2.tgz. Extracting by manifest.
3619 silly tarball no local data for yallist@https://registry.npmjs.org/yallist/-/yallist-3.1.1.tgz. Extracting by manifest.
3620 silly tarball no local data for prelude-ls@https://registry.npmjs.org/prelude-ls/-/prelude-ls-1.2.1.tgz. Extracting by manifest.
3621 silly tarball no local data for lightningcss-darwin-arm64@https://registry.npmjs.org/lightningcss-darwin-arm64/-/lightningcss-darwin-arm64-1.30.2.tgz. Extracting by manifest.
3622 silly tarball no local data for type-check@https://registry.npmjs.org/type-check/-/type-check-0.4.0.tgz. Extracting by manifest.
3623 silly tarball no local data for @next/swc-darwin-arm64@https://registry.npmjs.org/@next/swc-darwin-arm64/-/swc-darwin-arm64-16.1.6.tgz. Extracting by manifest.
3624 silly tarball no local data for json-buffer@https://registry.npmjs.org/json-buffer/-/json-buffer-3.0.1.tgz. Extracting by manifest.
3625 silly tarball no local data for resolve-from@https://registry.npmjs.org/resolve-from/-/resolve-from-4.0.0.tgz. Extracting by manifest.
3626 silly tarball no local data for @types/react-reconciler@https://registry.npmjs.org/@types/react-reconciler/-/react-reconciler-0.28.9.tgz. Extracting by manifest.
3627 silly tarball no local data for side-channel@https://registry.npmjs.org/side-channel/-/side-channel-1.1.0.tgz. Extracting by manifest.
3628 silly tarball no local data for parent-module@https://registry.npmjs.org/parent-module/-/parent-module-1.0.1.tgz. Extracting by manifest.
3629 silly tarball no local data for argparse@https://registry.npmjs.org/argparse/-/argparse-2.0.1.tgz. Extracting by manifest.
3630 silly tarball no local data for hermes-estree@https://registry.npmjs.org/hermes-estree/-/hermes-estree-0.25.1.tgz. Extracting by manifest.
3631 silly tarball no local data for resolve-pkg-maps@https://registry.npmjs.org/resolve-pkg-maps/-/resolve-pkg-maps-1.0.0.tgz. Extracting by manifest.
3632 silly tarball no local data for dunder-proto@https://registry.npmjs.org/dunder-proto/-/dunder-proto-1.0.1.tgz. Extracting by manifest.
3633 silly tarball no local data for functions-have-names@https://registry.npmjs.org/functions-have-names/-/functions-have-names-1.2.3.tgz. Extracting by manifest.
3634 silly tarball no local data for language-subtag-registry@https://registry.npmjs.org/language-subtag-registry/-/language-subtag-registry-0.3.23.tgz. Extracting by manifest.
3635 silly tarball no local data for motion-utils@https://registry.npmjs.org/motion-utils/-/motion-utils-12.29.2.tgz. Extracting by manifest.
3636 silly tarball no local data for motion-dom@https://registry.npmjs.org/motion-dom/-/motion-dom-12.33.0.tgz. Extracting by manifest.
3637 silly tarball no local data for keyv@https://registry.npmjs.org/keyv/-/keyv-4.5.4.tgz. Extracting by manifest.
3638 silly tarball no local data for flatted@https://registry.npmjs.org/flatted/-/flatted-3.3.3.tgz. Extracting by manifest.
3639 silly tarball no local data for path-exists@https://registry.npmjs.org/path-exists/-/path-exists-4.0.0.tgz. Extracting by manifest.
3640 silly tarball no local data for flat-cache@https://registry.npmjs.org/flat-cache/-/flat-cache-4.0.1.tgz. Extracting by manifest.
3641 silly tarball no local data for is-extglob@https://registry.npmjs.org/is-extglob/-/is-extglob-2.1.1.tgz. Extracting by manifest.
3642 silly tarball no local data for locate-path@https://registry.npmjs.org/locate-path/-/locate-path-6.0.0.tgz. Extracting by manifest.
3643 silly tarball no local data for tslib@https://registry.npmjs.org/tslib/-/tslib-2.8.1.tgz. Extracting by manifest.
3644 silly tarball no local data for reusify@https://registry.npmjs.org/reusify/-/reusify-1.1.0.tgz. Extracting by manifest.
3645 silly tarball no local data for fastq@https://registry.npmjs.org/fastq/-/fastq-1.20.1.tgz. Extracting by manifest.
3646 silly tarball no local data for micromatch@https://registry.npmjs.org/micromatch/-/micromatch-4.0.8.tgz. Extracting by manifest.
3647 silly tarball no local data for merge2@https://registry.npmjs.org/merge2/-/merge2-1.4.1.tgz. Extracting by manifest.
3648 silly tarball no local data for @nodelib/fs.walk@https://registry.npmjs.org/@nodelib/fs.walk/-/fs.walk-1.2.8.tgz. Extracting by manifest.
3649 silly tarball no local data for acorn@https://registry.npmjs.org/acorn/-/acorn-8.15.0.tgz. Extracting by manifest.
3650 silly tarball no local data for acorn-jsx@https://registry.npmjs.org/acorn-jsx/-/acorn-jsx-5.3.2.tgz. Extracting by manifest.
3651 silly tarball no local data for detect-libc@https://registry.npmjs.org/detect-libc/-/detect-libc-2.1.2.tgz. Extracting by manifest.
3652 silly tarball no local data for esrecurse@https://registry.npmjs.org/esrecurse/-/esrecurse-4.3.0.tgz. Extracting by manifest.
3653 silly tarball no local data for update-browserslist-db@https://registry.npmjs.org/update-browserslist-db/-/update-browserslist-db-1.2.3.tgz. Extracting by manifest.
3654 silly tarball no local data for electron-to-chromium@https://registry.npmjs.org/electron-to-chromium/-/electron-to-chromium-1.5.286.tgz. Extracting by manifest.
3655 silly tarball no local data for node-releases@https://registry.npmjs.org/node-releases/-/node-releases-2.0.27.tgz. Extracting by manifest.
3656 silly tarball no local data for caniuse-lite@https://registry.npmjs.org/caniuse-lite/-/caniuse-lite-1.0.30001769.tgz. Extracting by manifest.
3657 silly tarball no local data for baseline-browser-mapping@https://registry.npmjs.org/baseline-browser-mapping/-/baseline-browser-mapping-2.9.19.tgz. Extracting by manifest.
3658 silly tarball no local data for @babel/helper-globals@https://registry.npmjs.org/@babel/helper-globals/-/helper-globals-7.28.0.tgz. Extracting by manifest.
3659 silly tarball no local data for @babel/helper-string-parser@https://registry.npmjs.org/@babel/helper-string-parser/-/helper-string-parser-7.27.1.tgz. Extracting by manifest.
3660 silly tarball no local data for lru-cache@https://registry.npmjs.org/lru-cache/-/lru-cache-5.1.1.tgz. Extracting by manifest.
3661 silly tarball no local data for @babel/helper-module-imports@https://registry.npmjs.org/@babel/helper-module-imports/-/helper-module-imports-7.28.6.tgz. Extracting by manifest.
3662 silly tarball no local data for browserslist@https://registry.npmjs.org/browserslist/-/browserslist-4.28.1.tgz. Extracting by manifest.
3663 silly tarball no local data for @babel/helper-validator-option@https://registry.npmjs.org/@babel/helper-validator-option/-/helper-validator-option-7.27.1.tgz. Extracting by manifest.
3664 silly tarball no local data for @babel/compat-data@https://registry.npmjs.org/@babel/compat-data/-/compat-data-7.29.0.tgz. Extracting by manifest.
3665 silly tarball no local data for jsesc@https://registry.npmjs.org/jsesc/-/jsesc-3.1.0.tgz. Extracting by manifest.
3666 silly tarball no local data for picocolors@https://registry.npmjs.org/picocolors/-/picocolors-1.1.1.tgz. Extracting by manifest.
3667 silly tarball no local data for js-tokens@https://registry.npmjs.org/js-tokens/-/js-tokens-4.0.0.tgz. Extracting by manifest.
3668 silly tarball no local data for json5@https://registry.npmjs.org/json5/-/json5-2.2.3.tgz. Extracting by manifest.
3669 silly tarball no local data for @babel/helper-validator-identifier@https://registry.npmjs.org/@babel/helper-validator-identifier/-/helper-validator-identifier-7.28.5.tgz. Extracting by manifest.
3670 silly tarball no local data for @babel/types@https://registry.npmjs.org/@babel/types/-/types-7.29.0.tgz. Extracting by manifest.
3671 silly tarball no local data for convert-source-map@https://registry.npmjs.org/convert-source-map/-/convert-source-map-2.0.0.tgz. Extracting by manifest.
3672 silly tarball no local data for @babel/traverse@https://registry.npmjs.org/@babel/traverse/-/traverse-7.29.0.tgz. Extracting by manifest.
3673 silly tarball no local data for @babel/helpers@https://registry.npmjs.org/@babel/helpers/-/helpers-7.28.6.tgz. Extracting by manifest.
3674 silly tarball no local data for gensync@https://registry.npmjs.org/gensync/-/gensync-1.0.0-beta.2.tgz. Extracting by manifest.
3675 silly tarball no local data for @babel/template@https://registry.npmjs.org/@babel/template/-/template-7.28.6.tgz. Extracting by manifest.
3676 silly tarball no local data for @babel/helper-compilation-targets@https://registry.npmjs.org/@babel/helper-compilation-targets/-/helper-compilation-targets-7.28.6.tgz. Extracting by manifest.
3677 silly tarball no local data for @babel/generator@https://registry.npmjs.org/@babel/generator/-/generator-7.29.1.tgz. Extracting by manifest.
3678 silly tarball no local data for @babel/helper-module-transforms@https://registry.npmjs.org/@babel/helper-module-transforms/-/helper-module-transforms-7.28.6.tgz. Extracting by manifest.
3679 silly tarball no local data for @babel/code-frame@https://registry.npmjs.org/@babel/code-frame/-/code-frame-7.29.0.tgz. Extracting by manifest.
3680 silly tarball no local data for zod-validation-error@https://registry.npmjs.org/zod-validation-error/-/zod-validation-error-4.0.2.tgz. Extracting by manifest.
3681 silly tarball no local data for zod@https://registry.npmjs.org/zod/-/zod-4.3.6.tgz. Extracting by manifest.
3682 silly tarball no local data for hermes-parser@https://registry.npmjs.org/hermes-parser/-/hermes-parser-0.25.1.tgz. Extracting by manifest.
3683 silly tarball no local data for @babel/core@https://registry.npmjs.org/@babel/core/-/core-7.29.0.tgz. Extracting by manifest.
3684 silly tarball no local data for iterator.prototype@https://registry.npmjs.org/iterator.prototype/-/iterator.prototype-1.1.5.tgz. Extracting by manifest.
3685 silly tarball no local data for @babel/parser@https://registry.npmjs.org/@babel/parser/-/parser-7.29.0.tgz. Extracting by manifest.
3686 silly tarball no local data for string.prototype.repeat@https://registry.npmjs.org/string.prototype.repeat/-/string.prototype.repeat-1.0.0.tgz. Extracting by manifest.
3687 silly tarball no local data for string.prototype.matchall@https://registry.npmjs.org/string.prototype.matchall/-/string.prototype.matchall-4.0.12.tgz. Extracting by manifest.
3688 silly tarball no local data for object.entries@https://registry.npmjs.org/object.entries/-/object.entries-1.1.9.tgz. Extracting by manifest.
3689 silly tarball no local data for prop-types@https://registry.npmjs.org/prop-types/-/prop-types-15.8.1.tgz. Extracting by manifest.
3690 silly tarball no local data for estraverse@https://registry.npmjs.org/estraverse/-/estraverse-5.3.0.tgz. Extracting by manifest.
3691 silly tarball no local data for es-iterator-helpers@https://registry.npmjs.org/es-iterator-helpers/-/es-iterator-helpers-1.2.2.tgz. Extracting by manifest.
3692 silly tarball no local data for array.prototype.findlast@https://registry.npmjs.org/array.prototype.findlast/-/array.prototype.findlast-1.2.5.tgz. Extracting by manifest.
3693 silly tarball no local data for array.prototype.tosorted@https://registry.npmjs.org/array.prototype.tosorted/-/array.prototype.tosorted-1.1.4.tgz. Extracting by manifest.
3694 silly tarball no local data for language-tags@https://registry.npmjs.org/language-tags/-/language-tags-1.0.9.tgz. Extracting by manifest.
3695 silly tarball no local data for string.prototype.includes@https://registry.npmjs.org/string.prototype.includes/-/string.prototype.includes-2.0.1.tgz. Extracting by manifest.
3696 silly tarball no local data for damerau-levenshtein@https://registry.npmjs.org/damerau-levenshtein/-/damerau-levenshtein-1.0.8.tgz. Extracting by manifest.
3697 silly tarball no local data for jsx-ast-utils@https://registry.npmjs.org/jsx-ast-utils/-/jsx-ast-utils-3.3.5.tgz. Extracting by manifest.
3698 silly tarball no local data for emoji-regex@https://registry.npmjs.org/emoji-regex/-/emoji-regex-9.2.2.tgz. Extracting by manifest.
3699 silly tarball no local data for axobject-query@https://registry.npmjs.org/axobject-query/-/axobject-query-4.1.0.tgz. Extracting by manifest.
3700 silly tarball no local data for run-parallel@https://registry.npmjs.org/run-parallel/-/run-parallel-1.2.0.tgz. Extracting by manifest.
3701 silly tarball no local data for is-symbol@https://registry.npmjs.org/is-symbol/-/is-symbol-1.1.1.tgz. Extracting by manifest.
3702 silly tarball no local data for axe-core@https://registry.npmjs.org/axe-core/-/axe-core-4.11.1.tgz. Extracting by manifest.
3703 silly tarball no local data for ast-types-flow@https://registry.npmjs.org/ast-types-flow/-/ast-types-flow-0.0.8.tgz. Extracting by manifest.
3704 silly tarball no local data for perfect-debounce@https://registry.npmjs.org/perfect-debounce/-/perfect-debounce-1.0.0.tgz. Extracting by manifest.
3705 silly tarball no local data for aria-query@https://registry.npmjs.org/aria-query/-/aria-query-5.3.2.tgz. Extracting by manifest.
3706 silly tarball no local data for possible-typed-array-names@https://registry.npmjs.org/possible-typed-array-names/-/possible-typed-array-names-1.1.0.tgz. Extracting by manifest.
3707 silly tarball no local data for typed-array-length@https://registry.npmjs.org/typed-array-length/-/typed-array-length-1.0.7.tgz. Extracting by manifest.
3708 silly tarball no local data for which-typed-array@https://registry.npmjs.org/which-typed-array/-/which-typed-array-1.1.20.tgz. Extracting by manifest.
3709 silly tarball no local data for unbox-primitive@https://registry.npmjs.org/unbox-primitive/-/unbox-primitive-1.1.0.tgz. Extracting by manifest.
3710 silly tarball no local data for typed-array-byte-length@https://registry.npmjs.org/typed-array-byte-length/-/typed-array-byte-length-1.0.3.tgz. Extracting by manifest.
3711 silly tarball no local data for typed-array-byte-offset@https://registry.npmjs.org/typed-array-byte-offset/-/typed-array-byte-offset-1.0.4.tgz. Extracting by manifest.
3712 silly tarball no local data for typed-array-buffer@https://registry.npmjs.org/typed-array-buffer/-/typed-array-buffer-1.0.3.tgz. Extracting by manifest.
3713 silly tarball no local data for string.prototype.trimstart@https://registry.npmjs.org/string.prototype.trimstart/-/string.prototype.trimstart-1.0.8.tgz. Extracting by manifest.
3714 silly tarball no local data for string.prototype.trim@https://registry.npmjs.org/string.prototype.trim/-/string.prototype.trim-1.2.10.tgz. Extracting by manifest.
3715 silly tarball no local data for stop-iteration-iterator@https://registry.npmjs.org/stop-iteration-iterator/-/stop-iteration-iterator-1.1.0.tgz. Extracting by manifest.
3716 silly tarball no local data for safe-regex-test@https://registry.npmjs.org/safe-regex-test/-/safe-regex-test-1.1.0.tgz. Extracting by manifest.
3717 silly tarball no local data for safe-push-apply@https://registry.npmjs.org/safe-push-apply/-/safe-push-apply-1.0.0.tgz. Extracting by manifest.
3718 silly tarball no local data for safe-array-concat@https://registry.npmjs.org/safe-array-concat/-/safe-array-concat-1.1.3.tgz. Extracting by manifest.
3719 silly tarball no local data for regexp.prototype.flags@https://registry.npmjs.org/regexp.prototype.flags/-/regexp.prototype.flags-1.5.4.tgz. Extracting by manifest.
3720 silly tarball no local data for own-keys@https://registry.npmjs.org/own-keys/-/own-keys-1.0.1.tgz. Extracting by manifest.
3721 silly tarball no local data for has-tostringtag@https://registry.npmjs.org/has-tostringtag/-/has-tostringtag-1.0.2.tgz. Extracting by manifest.
3722 silly tarball no local data for object-inspect@https://registry.npmjs.org/object-inspect/-/object-inspect-1.13.4.tgz. Extracting by manifest.
3723 silly tarball no local data for is-typed-array@https://registry.npmjs.org/is-typed-array/-/is-typed-array-1.1.15.tgz. Extracting by manifest.
3724 silly tarball no local data for is-set@https://registry.npmjs.org/is-set/-/is-set-2.0.3.tgz. Extracting by manifest.
3725 silly tarball no local data for is-weakref@https://registry.npmjs.org/is-weakref/-/is-weakref-1.1.1.tgz. Extracting by manifest.
3726 silly tarball no local data for is-shared-array-buffer@https://registry.npmjs.org/is-shared-array-buffer/-/is-shared-array-buffer-1.0.4.tgz. Extracting by manifest.
3727 silly tarball no local data for is-regex@https://registry.npmjs.org/is-regex/-/is-regex-1.2.1.tgz. Extracting by manifest.
3728 silly tarball no local data for is-negative-zero@https://registry.npmjs.org/is-negative-zero/-/is-negative-zero-2.0.3.tgz. Extracting by manifest.
3729 silly tarball no local data for @nodelib/fs.scandir@https://registry.npmjs.org/@nodelib/fs.scandir/-/fs.scandir-2.1.5.tgz. Extracting by manifest.
3730 silly tarball no local data for is-callable@https://registry.npmjs.org/is-callable/-/is-callable-1.2.7.tgz. Extracting by manifest.
3731 silly tarball no local data for is-array-buffer@https://registry.npmjs.org/is-array-buffer/-/is-array-buffer-3.0.5.tgz. Extracting by manifest.
3732 silly tarball no local data for internal-slot@https://registry.npmjs.org/internal-slot/-/internal-slot-1.1.0.tgz. Extracting by manifest.
3733 silly tarball no local data for has-proto@https://registry.npmjs.org/has-proto/-/has-proto-1.2.0.tgz. Extracting by manifest.
3734 silly tarball no local data for @nodelib/fs.stat@https://registry.npmjs.org/@nodelib/fs.stat/-/fs.stat-2.0.5.tgz. Extracting by manifest.
3735 silly tarball no local data for get-symbol-description@https://registry.npmjs.org/get-symbol-description/-/get-symbol-description-1.1.0.tgz. Extracting by manifest.
3736 silly tarball no local data for get-proto@https://registry.npmjs.org/get-proto/-/get-proto-1.0.1.tgz. Extracting by manifest.
3737 silly tarball no local data for has-symbols@https://registry.npmjs.org/has-symbols/-/has-symbols-1.1.0.tgz. Extracting by manifest.
3738 silly tarball no local data for es-to-primitive@https://registry.npmjs.org/es-to-primitive/-/es-to-primitive-1.3.0.tgz. Extracting by manifest.
3739 silly tarball no local data for es-set-tostringtag@https://registry.npmjs.org/es-set-tostringtag/-/es-set-tostringtag-2.1.0.tgz. Extracting by manifest.
3740 silly tarball no local data for function.prototype.name@https://registry.npmjs.org/function.prototype.name/-/function.prototype.name-1.1.8.tgz. Extracting by manifest.
3741 silly tarball no local data for data-view-byte-offset@https://registry.npmjs.org/data-view-byte-offset/-/data-view-byte-offset-1.0.1.tgz. Extracting by manifest.
3742 silly tarball no local data for data-view-byte-length@https://registry.npmjs.org/data-view-byte-length/-/data-view-byte-length-1.0.2.tgz. Extracting by manifest.
3743 silly tarball no local data for data-view-buffer@https://registry.npmjs.org/data-view-buffer/-/data-view-buffer-1.0.2.tgz. Extracting by manifest.
3744 silly tarball no local data for globalthis@https://registry.npmjs.org/globalthis/-/globalthis-1.0.4.tgz. Extracting by manifest.
3745 silly tarball no local data for available-typed-arrays@https://registry.npmjs.org/available-typed-arrays/-/available-typed-arrays-1.0.7.tgz. Extracting by manifest.
3746 silly tarball no local data for array-buffer-byte-length@https://registry.npmjs.org/array-buffer-byte-length/-/array-buffer-byte-length-1.0.2.tgz. Extracting by manifest.
3747 silly tarball no local data for arraybuffer.prototype.slice@https://registry.npmjs.org/arraybuffer.prototype.slice/-/arraybuffer.prototype.slice-1.0.4.tgz. Extracting by manifest.
3748 silly tarball no local data for gopd@https://registry.npmjs.org/gopd/-/gopd-1.2.0.tgz. Extracting by manifest.
3749 silly tarball no local data for object-keys@https://registry.npmjs.org/object-keys/-/object-keys-1.1.1.tgz. Extracting by manifest.
3750 silly tarball no local data for has-property-descriptors@https://registry.npmjs.org/has-property-descriptors/-/has-property-descriptors-1.0.2.tgz. Extracting by manifest.
3751 silly tarball no local data for set-function-length@https://registry.npmjs.org/set-function-length/-/set-function-length-1.2.2.tgz. Extracting by manifest.
3752 silly tarball no local data for function-bind@https://registry.npmjs.org/function-bind/-/function-bind-1.1.2.tgz. Extracting by manifest.
3753 silly tarball no local data for define-data-property@https://registry.npmjs.org/define-data-property/-/define-data-property-1.1.4.tgz. Extracting by manifest.
3754 silly tarball no local data for es-define-property@https://registry.npmjs.org/es-define-property/-/es-define-property-1.0.1.tgz. Extracting by manifest.
3755 silly tarball no local data for es-shim-unscopables@https://registry.npmjs.org/es-shim-unscopables/-/es-shim-unscopables-1.1.0.tgz. Extracting by manifest.
3756 silly tarball no local data for call-bind-apply-helpers@https://registry.npmjs.org/call-bind-apply-helpers/-/call-bind-apply-helpers-1.0.2.tgz. Extracting by manifest.
3757 silly tarball no local data for es-errors@https://registry.npmjs.org/es-errors/-/es-errors-1.3.0.tgz. Extracting by manifest.
3758 silly tarball no local data for math-intrinsics@https://registry.npmjs.org/math-intrinsics/-/math-intrinsics-1.1.0.tgz. Extracting by manifest.
3759 silly tarball no local data for is-string@https://registry.npmjs.org/is-string/-/is-string-1.1.1.tgz. Extracting by manifest.
3760 silly tarball no local data for get-intrinsic@https://registry.npmjs.org/get-intrinsic/-/get-intrinsic-1.3.0.tgz. Extracting by manifest.
3761 silly tarball no local data for es-object-atoms@https://registry.npmjs.org/es-object-atoms/-/es-object-atoms-1.1.1.tgz. Extracting by manifest.
3762 silly tarball no local data for es-abstract@https://registry.npmjs.org/es-abstract/-/es-abstract-1.24.1.tgz. Extracting by manifest.
3763 silly tarball no local data for define-properties@https://registry.npmjs.org/define-properties/-/define-properties-1.2.1.tgz. Extracting by manifest.
3764 silly tarball no local data for call-bound@https://registry.npmjs.org/call-bound/-/call-bound-1.0.4.tgz. Extracting by manifest.
3765 silly tarball no local data for call-bind@https://registry.npmjs.org/call-bind/-/call-bind-1.0.8.tgz. Extracting by manifest.
3766 silly tarball no local data for tsconfig-paths@https://registry.npmjs.org/tsconfig-paths/-/tsconfig-paths-3.15.0.tgz. Extracting by manifest.
3767 silly tarball no local data for string.prototype.trimend@https://registry.npmjs.org/string.prototype.trimend/-/string.prototype.trimend-1.0.9.tgz. Extracting by manifest.
3768 silly tarball no local data for semver@https://registry.npmjs.org/semver/-/semver-6.3.1.tgz. Extracting by manifest.
3769 silly tarball no local data for object.values@https://registry.npmjs.org/object.values/-/object.values-1.2.1.tgz. Extracting by manifest.
3770 silly tarball no local data for object.fromentries@https://registry.npmjs.org/object.fromentries/-/object.fromentries-2.0.8.tgz. Extracting by manifest.
3771 silly tarball no local data for object.groupby@https://registry.npmjs.org/object.groupby/-/object.groupby-1.0.3.tgz. Extracting by manifest.
3772 silly tarball no local data for doctrine@https://registry.npmjs.org/doctrine/-/doctrine-2.1.0.tgz. Extracting by manifest.
3773 silly tarball no local data for eslint-module-utils@https://registry.npmjs.org/eslint-module-utils/-/eslint-module-utils-2.12.1.tgz. Extracting by manifest.
3774 silly tarball no local data for array.prototype.flatmap@https://registry.npmjs.org/array.prototype.flatmap/-/array.prototype.flatmap-1.3.3.tgz. Extracting by manifest.
3775 silly tarball no local data for is-data-view@https://registry.npmjs.org/is-data-view/-/is-data-view-1.0.2.tgz. Extracting by manifest.
3776 silly tarball no local data for array.prototype.findlastindex@https://registry.npmjs.org/array.prototype.findlastindex/-/array.prototype.findlastindex-1.2.6.tgz. Extracting by manifest.
3777 silly tarball no local data for array.prototype.flat@https://registry.npmjs.org/array.prototype.flat/-/array.prototype.flat-1.3.3.tgz. Extracting by manifest.
3778 silly tarball no local data for @rtsao/scc@https://registry.npmjs.org/@rtsao/scc/-/scc-1.1.0.tgz. Extracting by manifest.
3779 silly tarball no local data for unrs-resolver@https://registry.npmjs.org/unrs-resolver/-/unrs-resolver-1.11.1.tgz. Extracting by manifest.
3780 silly tarball no local data for array-includes@https://registry.npmjs.org/array-includes/-/array-includes-3.1.9.tgz. Extracting by manifest.
3781 silly tarball no local data for set-function-name@https://registry.npmjs.org/set-function-name/-/set-function-name-2.0.2.tgz. Extracting by manifest.
3782 silly tarball no local data for stable-hash@https://registry.npmjs.org/stable-hash/-/stable-hash-0.0.5.tgz. Extracting by manifest.
3783 silly tarball no local data for tinyglobby@https://registry.npmjs.org/tinyglobby/-/tinyglobby-0.2.15.tgz. Extracting by manifest.
3784 silly tarball no local data for @nolyfill/is-core-module@https://registry.npmjs.org/@nolyfill/is-core-module/-/is-core-module-1.0.39.tgz. Extracting by manifest.
3785 silly tarball no local data for resolve@https://registry.npmjs.org/resolve/-/resolve-1.22.11.tgz. Extracting by manifest.
3786 silly tarball no local data for is-bun-module@https://registry.npmjs.org/is-bun-module/-/is-bun-module-2.0.0.tgz. Extracting by manifest.
3787 silly tarball no local data for is-core-module@https://registry.npmjs.org/is-core-module/-/is-core-module-2.16.1.tgz. Extracting by manifest.
3788 silly tarball no local data for fast-glob@https://registry.npmjs.org/fast-glob/-/fast-glob-3.3.1.tgz. Extracting by manifest.
3789 silly tarball no local data for typescript-eslint@https://registry.npmjs.org/typescript-eslint/-/typescript-eslint-8.54.0.tgz. Extracting by manifest.
3790 silly tarball no local data for eslint-plugin-react-hooks@https://registry.npmjs.org/eslint-plugin-react-hooks/-/eslint-plugin-react-hooks-7.0.1.tgz. Extracting by manifest.
3791 silly tarball no local data for eslint-plugin-react@https://registry.npmjs.org/eslint-plugin-react/-/eslint-plugin-react-7.37.5.tgz. Extracting by manifest.
3792 silly tarball no local data for eslint-plugin-jsx-a11y@https://registry.npmjs.org/eslint-plugin-jsx-a11y/-/eslint-plugin-jsx-a11y-6.10.2.tgz. Extracting by manifest.
3793 silly tarball no local data for is-date-object@https://registry.npmjs.org/is-date-object/-/is-date-object-1.1.0.tgz. Extracting by manifest.
3794 silly tarball no local data for eslint-import-resolver-typescript@https://registry.npmjs.org/eslint-import-resolver-typescript/-/eslint-import-resolver-typescript-3.10.1.tgz. Extracting by manifest.
3795 silly tarball no local data for eslint-plugin-import@https://registry.npmjs.org/eslint-plugin-import/-/eslint-plugin-import-2.32.0.tgz. Extracting by manifest.
3796 silly tarball no local data for ms@https://registry.npmjs.org/ms/-/ms-2.1.3.tgz. Extracting by manifest.
3797 silly tarball no local data for eslint-import-resolver-node@https://registry.npmjs.org/eslint-import-resolver-node/-/eslint-import-resolver-node-0.3.9.tgz. Extracting by manifest.
3798 silly tarball no local data for color-convert@https://registry.npmjs.org/color-convert/-/color-convert-2.0.1.tgz. Extracting by manifest.
3799 silly tarball no local data for @next/eslint-plugin-next@https://registry.npmjs.org/@next/eslint-plugin-next/-/eslint-plugin-next-16.1.6.tgz. Extracting by manifest.
3800 silly tarball no local data for color-name@https://registry.npmjs.org/color-name/-/color-name-1.1.4.tgz. Extracting by manifest.
3801 silly tarball no local data for uri-js@https://registry.npmjs.org/uri-js/-/uri-js-4.4.1.tgz. Extracting by manifest.
3802 silly tarball no local data for supports-color@https://registry.npmjs.org/supports-color/-/supports-color-7.2.0.tgz. Extracting by manifest.
3803 silly tarball no local data for json-schema-traverse@https://registry.npmjs.org/json-schema-traverse/-/json-schema-traverse-0.4.1.tgz. Extracting by manifest.
3804 silly tarball no local data for ansi-styles@https://registry.npmjs.org/ansi-styles/-/ansi-styles-4.3.0.tgz. Extracting by manifest.
3805 silly tarball no local data for levn@https://registry.npmjs.org/levn/-/levn-0.4.1.tgz. Extracting by manifest.
3806 silly tarball no local data for fast-json-stable-stringify@https://registry.npmjs.org/fast-json-stable-stringify/-/fast-json-stable-stringify-2.1.0.tgz. Extracting by manifest.
3807 silly tarball no local data for @humanfs/core@https://registry.npmjs.org/@humanfs/core/-/core-0.19.1.tgz. Extracting by manifest.
3808 silly tarball no local data for js-yaml@https://registry.npmjs.org/js-yaml/-/js-yaml-4.1.1.tgz. Extracting by manifest.
3809 silly tarball no local data for strip-json-comments@https://registry.npmjs.org/strip-json-comments/-/strip-json-comments-3.1.1.tgz. Extracting by manifest.
3810 silly tarball no local data for import-fresh@https://registry.npmjs.org/import-fresh/-/import-fresh-3.3.1.tgz. Extracting by manifest.
3811 silly tarball no local data for globals@https://registry.npmjs.org/globals/-/globals-14.0.0.tgz. Extracting by manifest.
3812 silly tarball no local data for @types/json-schema@https://registry.npmjs.org/@types/json-schema/-/json-schema-7.0.15.tgz. Extracting by manifest.
3813 silly tarball no local data for @eslint/object-schema@https://registry.npmjs.org/@eslint/object-schema/-/object-schema-2.1.7.tgz. Extracting by manifest.
3814 silly tarball no local data for natural-compare@https://registry.npmjs.org/natural-compare/-/natural-compare-1.4.0.tgz. Extracting by manifest.
3815 silly tarball no local data for optionator@https://registry.npmjs.org/optionator/-/optionator-0.9.4.tgz. Extracting by manifest.
3816 silly tarball no local data for minimatch@https://registry.npmjs.org/minimatch/-/minimatch-3.1.2.tgz. Extracting by manifest.
3817 silly tarball no local data for is-glob@https://registry.npmjs.org/is-glob/-/is-glob-4.0.3.tgz. Extracting by manifest.
3818 silly tarball no local data for lodash.merge@https://registry.npmjs.org/lodash.merge/-/lodash.merge-4.6.2.tgz. Extracting by manifest.
3819 silly tarball no local data for json-stable-stringify-without-jsonify@https://registry.npmjs.org/json-stable-stringify-without-jsonify/-/json-stable-stringify-without-jsonify-1.0.1.tgz. Extracting by manifest.
3820 silly tarball no local data for imurmurhash@https://registry.npmjs.org/imurmurhash/-/imurmurhash-0.1.4.tgz. Extracting by manifest.
3821 silly tarball no local data for ignore@https://registry.npmjs.org/ignore/-/ignore-5.3.2.tgz. Extracting by manifest.
3822 silly tarball no local data for glob-parent@https://registry.npmjs.org/glob-parent/-/glob-parent-6.0.2.tgz. Extracting by manifest.
3823 silly tarball no local data for file-entry-cache@https://registry.npmjs.org/file-entry-cache/-/file-entry-cache-8.0.0.tgz. Extracting by manifest.
3824 silly tarball no local data for find-up@https://registry.npmjs.org/find-up/-/find-up-5.0.0.tgz. Extracting by manifest.
3825 silly tarball no local data for esquery@https://registry.npmjs.org/esquery/-/esquery-1.7.0.tgz. Extracting by manifest.
3826 silly tarball no local data for fast-deep-equal@https://registry.npmjs.org/fast-deep-equal/-/fast-deep-equal-3.1.3.tgz. Extracting by manifest.
3827 silly tarball no local data for espree@https://registry.npmjs.org/espree/-/espree-10.4.0.tgz. Extracting by manifest.
3828 silly tarball no local data for esutils@https://registry.npmjs.org/esutils/-/esutils-2.0.3.tgz. Extracting by manifest.
3829 silly tarball no local data for escape-string-regexp@https://registry.npmjs.org/escape-string-regexp/-/escape-string-regexp-4.0.0.tgz. Extracting by manifest.
3830 silly tarball no local data for eslint-scope@https://registry.npmjs.org/eslint-scope/-/eslint-scope-8.4.0.tgz. Extracting by manifest.
3831 silly tarball no local data for eslint-visitor-keys@https://registry.npmjs.org/eslint-visitor-keys/-/eslint-visitor-keys-4.2.1.tgz. Extracting by manifest.
3832 silly tarball no local data for ajv@https://registry.npmjs.org/ajv/-/ajv-6.12.6.tgz. Extracting by manifest.
3833 silly tarball no local data for chalk@https://registry.npmjs.org/chalk/-/chalk-4.1.2.tgz. Extracting by manifest.
3834 silly tarball no local data for debug@https://registry.npmjs.org/debug/-/debug-4.4.3.tgz. Extracting by manifest.
3835 silly tarball no local data for @humanwhocodes/module-importer@https://registry.npmjs.org/@humanwhocodes/module-importer/-/module-importer-1.0.1.tgz. Extracting by manifest.
3836 silly tarball no local data for @types/estree@https://registry.npmjs.org/@types/estree/-/estree-1.0.8.tgz. Extracting by manifest.
3837 silly tarball no local data for @eslint/plugin-kit@https://registry.npmjs.org/@eslint/plugin-kit/-/plugin-kit-0.4.1.tgz. Extracting by manifest.
3838 silly tarball no local data for @humanwhocodes/retry@https://registry.npmjs.org/@humanwhocodes/retry/-/retry-0.4.3.tgz. Extracting by manifest.
3839 silly tarball no local data for @humanfs/node@https://registry.npmjs.org/@humanfs/node/-/node-0.16.7.tgz. Extracting by manifest.
3840 silly tarball no local data for @eslint/js@https://registry.npmjs.org/@eslint/js/-/js-9.39.2.tgz. Extracting by manifest.
3841 silly tarball no local data for @eslint/eslintrc@https://registry.npmjs.org/@eslint/eslintrc/-/eslintrc-3.3.3.tgz. Extracting by manifest.
3842 silly tarball no local data for @eslint/core@https://registry.npmjs.org/@eslint/core/-/core-0.17.0.tgz. Extracting by manifest.
3843 silly tarball no local data for @eslint/config-helpers@https://registry.npmjs.org/@eslint/config-helpers/-/config-helpers-0.4.2.tgz. Extracting by manifest.
3844 silly tarball no local data for @eslint-community/eslint-utils@https://registry.npmjs.org/@eslint-community/eslint-utils/-/eslint-utils-4.9.1.tgz. Extracting by manifest.
3845 silly tarball no local data for get-tsconfig@https://registry.npmjs.org/get-tsconfig/-/get-tsconfig-4.13.6.tgz. Extracting by manifest.
3846 silly tarball no local data for @eslint-community/regexpp@https://registry.npmjs.org/@eslint-community/regexpp/-/regexpp-4.12.2.tgz. Extracting by manifest.
3847 silly tarball no local data for @eslint/config-array@https://registry.npmjs.org/@eslint/config-array/-/config-array-0.21.1.tgz. Extracting by manifest.
3848 silly tarball no local data for graceful-fs@https://registry.npmjs.org/graceful-fs/-/graceful-fs-4.2.11.tgz. Extracting by manifest.
3849 silly tarball no local data for webgl-constants@https://registry.npmjs.org/webgl-constants/-/webgl-constants-1.1.1.tgz. Extracting by manifest.
3850 silly tarball no local data for tapable@https://registry.npmjs.org/tapable/-/tapable-2.3.0.tgz. Extracting by manifest.
3851 silly tarball no local data for which@https://registry.npmjs.org/which/-/which-2.0.2.tgz. Extracting by manifest.
3852 silly tarball no local data for path-key@https://registry.npmjs.org/path-key/-/path-key-3.1.1.tgz. Extracting by manifest.
3853 silly tarball no local data for shebang-command@https://registry.npmjs.org/shebang-command/-/shebang-command-2.0.0.tgz. Extracting by manifest.
3854 silly tarball no local data for cross-spawn@https://registry.npmjs.org/cross-spawn/-/cross-spawn-7.0.6.tgz. Extracting by manifest.
3855 silly tarball no local data for ieee754@https://registry.npmjs.org/ieee754/-/ieee754-1.2.1.tgz. Extracting by manifest.
3856 silly tarball no local data for @use-gesture/core@https://registry.npmjs.org/@use-gesture/core/-/core-10.3.1.tgz. Extracting by manifest.
3857 silly tarball no local data for meshoptimizer@https://registry.npmjs.org/meshoptimizer/-/meshoptimizer-0.22.0.tgz. Extracting by manifest.
3858 silly tarball no local data for fflate@https://registry.npmjs.org/fflate/-/fflate-0.8.2.tgz. Extracting by manifest.
3859 silly tarball no local data for @webgpu/types@https://registry.npmjs.org/@webgpu/types/-/types-0.1.69.tgz. Extracting by manifest.
3860 silly tarball no local data for @tweenjs/tween.js@https://registry.npmjs.org/@tweenjs/tween.js/-/tween.js-23.1.3.tgz. Extracting by manifest.
3861 silly tarball no local data for @dimforge/rapier3d-compat@https://registry.npmjs.org/@dimforge/rapier3d-compat/-/rapier3d-compat-0.12.0.tgz. Extracting by manifest.
3862 silly tarball no local data for @types/stats.js@https://registry.npmjs.org/@types/stats.js/-/stats.js-0.17.4.tgz. Extracting by manifest.
3863 silly tarball no local data for @tailwindcss/oxide-darwin-arm64@https://registry.npmjs.org/@tailwindcss/oxide-darwin-arm64/-/oxide-darwin-arm64-4.1.18.tgz. Extracting by manifest.
3864 silly tarball no local data for undici-types@https://registry.npmjs.org/undici-types/-/undici-types-6.21.0.tgz. Extracting by manifest.
3865 silly tarball no local data for @jridgewell/sourcemap-codec@https://registry.npmjs.org/@jridgewell/sourcemap-codec/-/sourcemap-codec-1.5.5.tgz. Extracting by manifest.
3866 silly tarball no local data for @jridgewell/trace-mapping@https://registry.npmjs.org/@jridgewell/trace-mapping/-/trace-mapping-0.3.31.tgz. Extracting by manifest.
3867 silly tarball no local data for @jridgewell/resolve-uri@https://registry.npmjs.org/@jridgewell/resolve-uri/-/resolve-uri-3.1.2.tgz. Extracting by manifest.
3868 silly tarball no local data for source-map-js@https://registry.npmjs.org/source-map-js/-/source-map-js-1.2.1.tgz. Extracting by manifest.
3869 silly tarball no local data for magic-string@https://registry.npmjs.org/magic-string/-/magic-string-0.30.21.tgz. Extracting by manifest.
3870 silly tarball no local data for lightningcss@https://registry.npmjs.org/lightningcss/-/lightningcss-1.30.2.tgz. Extracting by manifest.
3871 silly tarball no local data for csstype@https://registry.npmjs.org/csstype/-/csstype-3.2.3.tgz. Extracting by manifest.
3872 silly tarball no local data for jiti@https://registry.npmjs.org/jiti/-/jiti-2.6.1.tgz. Extracting by manifest.
3873 silly tarball no local data for object.assign@https://registry.npmjs.org/object.assign/-/object.assign-4.1.7.tgz. Extracting by manifest.
3874 silly tarball no local data for postcss@https://registry.npmjs.org/postcss/-/postcss-8.5.6.tgz. Extracting by manifest.
3875 silly tarball no local data for set-proto@https://registry.npmjs.org/set-proto/-/set-proto-1.0.0.tgz. Extracting by manifest.
3876 silly tarball no local data for @jridgewell/gen-mapping@https://registry.npmjs.org/@jridgewell/gen-mapping/-/gen-mapping-0.3.13.tgz. Extracting by manifest.
3877 silly tarball no local data for @tailwindcss/oxide@https://registry.npmjs.org/@tailwindcss/oxide/-/oxide-4.1.18.tgz. Extracting by manifest.
3878 silly tarball no local data for enhanced-resolve@https://registry.npmjs.org/enhanced-resolve/-/enhanced-resolve-5.19.0.tgz. Extracting by manifest.
3879 silly tarball no local data for @tailwindcss/node@https://registry.npmjs.org/@tailwindcss/node/-/node-4.1.18.tgz. Extracting by manifest.
3880 silly tarball no local data for @jridgewell/remapping@https://registry.npmjs.org/@jridgewell/remapping/-/remapping-2.3.5.tgz. Extracting by manifest.
3881 silly tarball no local data for scheduler@https://registry.npmjs.org/scheduler/-/scheduler-0.27.0.tgz. Extracting by manifest.
3882 silly tarball no local data for its-fine@https://registry.npmjs.org/its-fine/-/its-fine-2.0.0.tgz. Extracting by manifest.
3883 silly tarball no local data for react-use-measure@https://registry.npmjs.org/react-use-measure/-/react-use-measure-2.1.7.tgz. Extracting by manifest.
3884 silly tarball no local data for promise-worker-transferable@https://registry.npmjs.org/promise-worker-transferable/-/promise-worker-transferable-1.0.4.tgz. Extracting by manifest.
3885 silly tarball no local data for utility-types@https://registry.npmjs.org/utility-types/-/utility-types-3.11.0.tgz. Extracting by manifest.
3886 silly tarball no local data for troika-three-text@https://registry.npmjs.org/troika-three-text/-/troika-three-text-0.52.4.tgz. Extracting by manifest.
3887 silly tarball no local data for zustand@https://registry.npmjs.org/zustand/-/zustand-5.0.11.tgz. Extracting by manifest.
3888 silly tarball no local data for use-sync-external-store@https://registry.npmjs.org/use-sync-external-store/-/use-sync-external-store-1.6.0.tgz. Extracting by manifest.
3889 silly tarball no local data for @types/webxr@https://registry.npmjs.org/@types/webxr/-/webxr-0.5.24.tgz. Extracting by manifest.
3890 silly tarball no local data for tunnel-rat@https://registry.npmjs.org/tunnel-rat/-/tunnel-rat-0.1.2.tgz. Extracting by manifest.
3891 silly tarball no local data for three-stdlib@https://registry.npmjs.org/three-stdlib/-/three-stdlib-2.36.1.tgz. Extracting by manifest.
3892 silly tarball no local data for stats.js@https://registry.npmjs.org/stats.js/-/stats.js-0.17.0.tgz. Extracting by manifest.
3893 silly tarball no local data for suspend-react@https://registry.npmjs.org/suspend-react/-/suspend-react-0.1.3.tgz. Extracting by manifest.
3894 silly tarball no local data for three-mesh-bvh@https://registry.npmjs.org/three-mesh-bvh/-/three-mesh-bvh-0.8.3.tgz. Extracting by manifest.
3895 silly tarball no local data for stats-gl@https://registry.npmjs.org/stats-gl/-/stats-gl-2.4.2.tgz. Extracting by manifest.
3896 silly tarball no local data for maath@https://registry.npmjs.org/maath/-/maath-0.10.8.tgz. Extracting by manifest.
3897 silly tarball no local data for meshline@https://registry.npmjs.org/meshline/-/meshline-3.3.1.tgz. Extracting by manifest.
3898 silly tarball no local data for hls.js@https://registry.npmjs.org/hls.js/-/hls.js-1.6.15.tgz. Extracting by manifest.
3899 silly tarball no local data for cross-env@https://registry.npmjs.org/cross-env/-/cross-env-7.0.3.tgz. Extracting by manifest.
3900 silly tarball no local data for detect-gpu@https://registry.npmjs.org/detect-gpu/-/detect-gpu-5.0.70.tgz. Extracting by manifest.
3901 silly tarball no local data for @alloc/quick-lru@https://registry.npmjs.org/@alloc/quick-lru/-/quick-lru-5.2.0.tgz. Extracting by manifest.
3902 silly tarball no local data for glsl-noise@https://registry.npmjs.org/glsl-noise/-/glsl-noise-0.0.0.tgz. Extracting by manifest.
3903 silly tarball no local data for camera-controls@https://registry.npmjs.org/camera-controls/-/camera-controls-3.1.2.tgz. Extracting by manifest.
3904 silly tarball no local data for @monogrid/gainmap-js@https://registry.npmjs.org/@monogrid/gainmap-js/-/gainmap-js-3.4.0.tgz. Extracting by manifest.
3905 silly tarball no local data for @mediapipe/tasks-vision@https://registry.npmjs.org/@mediapipe/tasks-vision/-/tasks-vision-0.10.17.tgz. Extracting by manifest.
3906 silly tarball no local data for tailwindcss@https://registry.npmjs.org/tailwindcss/-/tailwindcss-4.1.18.tgz. Extracting by manifest.
3907 silly tarball no local data for @use-gesture/react@https://registry.npmjs.org/@use-gesture/react/-/react-10.3.1.tgz. Extracting by manifest.
3908 silly tarball no local data for @babel/runtime@https://registry.npmjs.org/@babel/runtime/-/runtime-7.28.6.tgz. Extracting by manifest.
3909 silly tarball no local data for base64-js@https://registry.npmjs.org/base64-js/-/base64-js-1.5.1.tgz. Extracting by manifest.
3910 silly tarball no local data for tailwind-merge@https://registry.npmjs.org/tailwind-merge/-/tailwind-merge-3.4.0.tgz. Extracting by manifest.
3911 silly tarball no local data for next@https://registry.npmjs.org/next/-/next-16.1.6.tgz. Extracting by manifest.
3912 silly tarball no local data for react-dom@https://registry.npmjs.org/react-dom/-/react-dom-19.2.3.tgz. Extracting by manifest.
3913 silly tarball no local data for prisma@https://registry.npmjs.org/prisma/-/prisma-6.19.2.tgz. Extracting by manifest.
3914 silly tarball no local data for mini-svg-data-uri@https://registry.npmjs.org/mini-svg-data-uri/-/mini-svg-data-uri-1.4.4.tgz. Extracting by manifest.
3915 silly tarball no local data for buffer@https://registry.npmjs.org/buffer/-/buffer-6.0.3.tgz. Extracting by manifest.
3916 silly tarball no local data for eslint-config-next@https://registry.npmjs.org/eslint-config-next/-/eslint-config-next-16.1.6.tgz. Extracting by manifest.
3917 silly tarball no local data for lucide-react@https://registry.npmjs.org/lucide-react/-/lucide-react-0.563.0.tgz. Extracting by manifest.
3918 silly tarball no local data for framer-motion@https://registry.npmjs.org/framer-motion/-/framer-motion-12.33.0.tgz. Extracting by manifest.
3919 silly tarball no local data for eslint@https://registry.npmjs.org/eslint/-/eslint-9.39.2.tgz. Extracting by manifest.
3920 silly tarball no local data for @types/react-dom@https://registry.npmjs.org/@types/react-dom/-/react-dom-19.2.3.tgz. Extracting by manifest.
3921 silly tarball no local data for clsx@https://registry.npmjs.org/clsx/-/clsx-2.1.1.tgz. Extracting by manifest.
3922 silly tarball no local data for @types/three@https://registry.npmjs.org/@types/three/-/three-0.182.0.tgz. Extracting by manifest.
3923 silly tarball no local data for @types/node@https://registry.npmjs.org/@types/node/-/node-20.19.32.tgz. Extracting by manifest.
3924 silly tarball no local data for @react-three/fiber@https://registry.npmjs.org/@react-three/fiber/-/fiber-9.5.0.tgz. Extracting by manifest.
3925 silly tarball no local data for @tailwindcss/postcss@https://registry.npmjs.org/@tailwindcss/postcss/-/postcss-4.1.18.tgz. Extracting by manifest.
3926 silly tarball no local data for three@https://registry.npmjs.org/three/-/three-0.182.0.tgz. Extracting by manifest.
3927 silly tarball no local data for react@https://registry.npmjs.org/react/-/react-19.2.3.tgz. Extracting by manifest.
3928 silly tarball no local data for @react-three/drei@https://registry.npmjs.org/@react-three/drei/-/drei-10.7.7.tgz. Extracting by manifest.
3929 silly tarball no local data for @prisma/client@https://registry.npmjs.org/@prisma/client/-/client-6.19.2.tgz. Extracting by manifest.
3930 silly tarball no local data for @types/react@https://registry.npmjs.org/@types/react/-/react-19.2.13.tgz. Extracting by manifest.
3931 silly tarball no local data for semver@https://registry.npmjs.org/semver/-/semver-7.7.4.tgz. Extracting by manifest.
3932 silly tarball no local data for ignore@https://registry.npmjs.org/ignore/-/ignore-7.0.5.tgz. Extracting by manifest.
3933 silly tarball no local data for citty@https://registry.npmjs.org/citty/-/citty-0.2.0.tgz. Extracting by manifest.
3934 silly tarball no local data for json5@https://registry.npmjs.org/json5/-/json5-1.0.2.tgz. Extracting by manifest.
3935 silly tarball no local data for debug@https://registry.npmjs.org/debug/-/debug-3.2.7.tgz. Extracting by manifest.
3936 silly tarball no local data for semver@https://registry.npmjs.org/semver/-/semver-7.7.4.tgz. Extracting by manifest.
3937 silly tarball no local data for glob-parent@https://registry.npmjs.org/glob-parent/-/glob-parent-5.1.2.tgz. Extracting by manifest.
3938 silly tarball no local data for picomatch@https://registry.npmjs.org/picomatch/-/picomatch-4.0.3.tgz. Extracting by manifest.
3939 silly tarball no local data for semver@https://registry.npmjs.org/semver/-/semver-7.7.4.tgz. Extracting by manifest.
3940 silly tarball no local data for fdir@https://registry.npmjs.org/fdir/-/fdir-6.5.0.tgz. Extracting by manifest.
3941 silly tarball no local data for debug@https://registry.npmjs.org/debug/-/debug-3.2.7.tgz. Extracting by manifest.
3942 silly tarball no local data for resolve@https://registry.npmjs.org/resolve/-/resolve-2.0.0-next.5.tgz. Extracting by manifest.
3943 silly tarball no local data for eslint-visitor-keys@https://registry.npmjs.org/eslint-visitor-keys/-/eslint-visitor-keys-3.4.3.tgz. Extracting by manifest.
3944 silly tarball no local data for debug@https://registry.npmjs.org/debug/-/debug-3.2.7.tgz. Extracting by manifest.
3945 silly tarball no local data for fflate@https://registry.npmjs.org/fflate/-/fflate-0.6.10.tgz. Extracting by manifest.
3946 silly tarball no local data for three@https://registry.npmjs.org/three/-/three-0.170.0.tgz. Extracting by manifest.
3947 silly tarball no local data for zustand@https://registry.npmjs.org/zustand/-/zustand-4.5.7.tgz. Extracting by manifest.
3948 silly tarball no local data for minimatch@https://registry.npmjs.org/minimatch/-/minimatch-9.0.5.tgz. Extracting by manifest.
3949 silly tarball no local data for postcss@https://registry.npmjs.org/postcss/-/postcss-8.4.31.tgz. Extracting by manifest.
3950 silly tarball no local data for typescript@https://registry.npmjs.org/typescript/-/typescript-5.9.3.tgz. Extracting by manifest.
3951 silly tarball no local data for hasown@https://registry.npmjs.org/hasown/-/hasown-2.0.2.tgz. Extracting by manifest.
3952 silly tarball no local data for globals@https://registry.npmjs.org/globals/-/globals-16.4.0.tgz. Extracting by manifest.
3953 silly tarball no local data for brace-expansion@https://registry.npmjs.org/brace-expansion/-/brace-expansion-2.0.2.tgz. Extracting by manifest.
3954 http fetch POST 200 https://registry.npmjs.org/-/npm/v1/security/advisories/bulk 231ms
3955 silly audit report {}
3956 http fetch GET 200 https://registry.npmjs.org/async-function/-/async-function-1.0.0.tgz 175ms (cache miss)
3957 http fetch GET 200 https://registry.npmjs.org/is-weakmap/-/is-weakmap-2.0.2.tgz 175ms (cache miss)
3958 http fetch GET 200 https://registry.npmjs.org/is-weakset/-/is-weakset-2.0.4.tgz 177ms (cache miss)
3959 http fetch GET 200 https://registry.npmjs.org/is-finalizationregistry/-/is-finalizationregistry-1.1.1.tgz 176ms (cache miss)
3960 http fetch GET 200 https://registry.npmjs.org/which-collection/-/which-collection-1.0.2.tgz 176ms (cache miss)
3961 http fetch GET 200 https://registry.npmjs.org/is-map/-/is-map-2.0.3.tgz 176ms (cache miss)
3962 http fetch GET 200 https://registry.npmjs.org/napi-postinstall/-/napi-postinstall-0.3.4.tgz 213ms (cache miss)
3963 http fetch GET 200 https://registry.npmjs.org/@emnapi/wasi-threads/-/wasi-threads-1.1.0.tgz 214ms (cache miss)
3964 http fetch GET 200 https://registry.npmjs.org/has-bigints/-/has-bigints-1.1.0.tgz 235ms (cache miss)
3965 http fetch GET 200 https://registry.npmjs.org/@tybys/wasm-util/-/wasm-util-0.10.1.tgz 236ms (cache miss)
3966 http fetch GET 200 https://registry.npmjs.org/@emnapi/core/-/core-1.8.1.tgz 241ms (cache miss)
3967 http fetch GET 200 https://registry.npmjs.org/which-boxed-primitive/-/which-boxed-primitive-1.1.1.tgz 252ms (cache miss)
3968 http fetch GET 200 https://registry.npmjs.org/generator-function/-/generator-function-2.0.1.tgz 261ms (cache miss)
3969 http fetch GET 200 https://registry.npmjs.org/@typescript-eslint/types/-/types-8.54.0.tgz 262ms (cache miss)
3970 http fetch GET 200 https://registry.npmjs.org/@typescript-eslint/project-service/-/project-service-8.54.0.tgz 264ms (cache miss)
3971 http fetch GET 200 https://registry.npmjs.org/@typescript-eslint/tsconfig-utils/-/tsconfig-utils-8.54.0.tgz 265ms (cache miss)
3972 http fetch GET 200 https://registry.npmjs.org/is-bigint/-/is-bigint-1.1.0.tgz 281ms (cache miss)
3973 http fetch GET 200 https://registry.npmjs.org/escalade/-/escalade-3.2.0.tgz 282ms (cache miss)
3974 http fetch GET 200 https://registry.npmjs.org/isexe/-/isexe-2.0.0.tgz 283ms (cache miss)
3975 http fetch GET 200 https://registry.npmjs.org/is-async-function/-/is-async-function-2.1.1.tgz 285ms (cache miss)
3976 http fetch GET 200 https://registry.npmjs.org/punycode/-/punycode-2.3.1.tgz 284ms (cache miss)
3977 http fetch GET 200 https://registry.npmjs.org/is-number-object/-/is-number-object-1.1.1.tgz 285ms (cache miss)
3978 http fetch GET 200 https://registry.npmjs.org/is-generator-function/-/is-generator-function-1.1.2.tgz 293ms (cache miss)
3979 http fetch GET 200 https://registry.npmjs.org/is-boolean-object/-/is-boolean-object-1.2.2.tgz 293ms (cache miss)
3980 http fetch GET 200 https://registry.npmjs.org/@typescript-eslint/utils/-/utils-8.54.0.tgz 302ms (cache miss)
3981 http fetch GET 200 https://registry.npmjs.org/@typescript-eslint/parser/-/parser-8.54.0.tgz 307ms (cache miss)
3982 http fetch GET 200 https://registry.npmjs.org/@typescript-eslint/visitor-keys/-/visitor-keys-8.54.0.tgz 313ms (cache miss)
3983 http fetch GET 200 https://registry.npmjs.org/@typescript-eslint/type-utils/-/type-utils-8.54.0.tgz 315ms (cache miss)
3984 http fetch GET 200 https://registry.npmjs.org/strip-bom/-/strip-bom-3.0.0.tgz 318ms (cache miss)
3985 http fetch GET 200 https://registry.npmjs.org/for-each/-/for-each-0.3.5.tgz 321ms (cache miss)
3986 http fetch GET 200 https://registry.npmjs.org/which-builtin-type/-/which-builtin-type-1.2.1.tgz 322ms (cache miss)
3987 http fetch GET 200 https://registry.npmjs.org/reflect.getprototypeof/-/reflect.getprototypeof-1.0.10.tgz 333ms (cache miss)
3988 http fetch GET 200 https://registry.npmjs.org/require-from-string/-/require-from-string-2.0.2.tgz 359ms (cache miss)
3989 http fetch GET 200 https://registry.npmjs.org/@types/json5/-/json5-0.0.29.tgz 362ms (cache miss)
3990 http fetch GET 200 https://registry.npmjs.org/webgl-sdf-generator/-/webgl-sdf-generator-1.1.1.tgz 363ms (cache miss)
3991 http fetch GET 200 https://registry.npmjs.org/troika-worker-utils/-/troika-worker-utils-0.52.0.tgz 389ms (cache miss)
3992 http fetch GET 200 https://registry.npmjs.org/minimist/-/minimist-1.2.8.tgz 392ms (cache miss)
3993 http fetch GET 200 https://registry.npmjs.org/client-only/-/client-only-0.0.1.tgz 389ms (cache miss)
3994 http fetch GET 200 https://registry.npmjs.org/side-channel-weakmap/-/side-channel-weakmap-1.0.2.tgz 389ms (cache miss)
3995 http fetch GET 200 https://registry.npmjs.org/potpack/-/potpack-1.0.2.tgz 390ms (cache miss)
3996 http fetch GET 200 https://registry.npmjs.org/is-number/-/is-number-7.0.0.tgz 394ms (cache miss)
3997 http fetch GET 200 https://registry.npmjs.org/side-channel-list/-/side-channel-list-1.0.0.tgz 397ms (cache miss)
3998 http fetch GET 200 https://registry.npmjs.org/troika-three-utils/-/troika-three-utils-0.52.4.tgz 402ms (cache miss)
3999 http fetch GET 200 https://registry.npmjs.org/has-flag/-/has-flag-4.0.0.tgz 405ms (cache miss)
4000 http fetch GET 200 https://registry.npmjs.org/side-channel-map/-/side-channel-map-1.0.1.tgz 407ms (cache miss)
4001 http fetch GET 200 https://registry.npmjs.org/bidi-js/-/bidi-js-1.0.3.tgz 412ms (cache miss)
4002 http fetch GET 200 https://registry.npmjs.org/loose-envify/-/loose-envify-1.4.0.tgz 409ms (cache miss)
4003 http fetch GET 200 https://registry.npmjs.org/isarray/-/isarray-2.0.5.tgz 411ms (cache miss)
4004 http fetch GET 200 https://registry.npmjs.org/queue-microtask/-/queue-microtask-1.2.3.tgz 411ms (cache miss)
4005 http fetch GET 200 https://registry.npmjs.org/destr/-/destr-2.0.5.tgz 412ms (cache miss)
4006 http fetch GET 200 https://registry.npmjs.org/object-assign/-/object-assign-4.1.1.tgz 413ms (cache miss)
4007 http fetch GET 200 https://registry.npmjs.org/supports-preserve-symlinks-flag/-/supports-preserve-symlinks-flag-1.0.0.tgz 412ms (cache miss)
4008 http fetch GET 200 https://registry.npmjs.org/ts-api-utils/-/ts-api-utils-2.4.0.tgz 418ms (cache miss)
4009 http fetch GET 200 https://registry.npmjs.org/@emnapi/runtime/-/runtime-1.8.1.tgz 421ms (cache miss)
4010 http fetch GET 200 https://registry.npmjs.org/immediate/-/immediate-3.0.6.tgz 420ms (cache miss)
4011 http fetch GET 200 https://registry.npmjs.org/lie/-/lie-3.3.0.tgz 422ms (cache miss)
4012 http fetch GET 200 https://registry.npmjs.org/@unrs/resolver-binding-darwin-arm64/-/resolver-binding-darwin-arm64-1.11.1.tgz 433ms (cache miss)
4013 http fetch GET 200 https://registry.npmjs.org/draco3d/-/draco3d-1.5.7.tgz 429ms (cache miss)
4014 http fetch GET 200 https://registry.npmjs.org/react-is/-/react-is-16.13.1.tgz 434ms (cache miss)
4015 http fetch GET 200 https://registry.npmjs.org/path-parse/-/path-parse-1.0.7.tgz 433ms (cache miss)
4016 http fetch GET 200 https://registry.npmjs.org/shebang-regex/-/shebang-regex-3.0.0.tgz 441ms (cache miss)
4017 http fetch GET 200 https://registry.npmjs.org/citty/-/citty-0.1.6.tgz 446ms (cache miss)
4018 http fetch GET 200 https://registry.npmjs.org/@typescript-eslint/typescript-estree/-/typescript-estree-8.54.0.tgz 454ms (cache miss)
4019 http fetch GET 200 https://registry.npmjs.org/node-fetch-native/-/node-fetch-native-1.6.7.tgz 454ms (cache miss)
4020 http fetch GET 200 https://registry.npmjs.org/tinyexec/-/tinyexec-1.0.2.tgz 457ms (cache miss)
4021 http fetch GET 200 https://registry.npmjs.org/@napi-rs/wasm-runtime/-/wasm-runtime-0.2.12.tgz 473ms (cache miss)
4022 http fetch GET 200 https://registry.npmjs.org/readdirp/-/readdirp-4.1.2.tgz 469ms (cache miss)
4023 http fetch GET 200 https://registry.npmjs.org/rc9/-/rc9-2.1.2.tgz 470ms (cache miss)
4024 http fetch GET 200 https://registry.npmjs.org/consola/-/consola-3.4.2.tgz 472ms (cache miss)
4025 http fetch GET 200 https://registry.npmjs.org/ohash/-/ohash-2.0.11.tgz 488ms (cache miss)
4026 http fetch GET 200 https://registry.npmjs.org/@img/colour/-/colour-1.0.0.tgz 489ms (cache miss)
4027 http fetch GET 200 https://registry.npmjs.org/@standard-schema/spec/-/spec-1.1.0.tgz 490ms (cache miss)
4028 http fetch GET 200 https://registry.npmjs.org/exsolve/-/exsolve-1.0.8.tgz 490ms (cache miss)
4029 http fetch GET 200 https://registry.npmjs.org/is-promise/-/is-promise-2.2.2.tgz 490ms (cache miss)
4030 http fetch GET 200 https://registry.npmjs.org/@types/draco3d/-/draco3d-1.4.10.tgz 497ms (cache miss)
4031 http fetch GET 200 https://registry.npmjs.org/@types/offscreencanvas/-/offscreencanvas-2019.7.3.tgz 497ms (cache miss)
4032 http fetch GET 200 https://registry.npmjs.org/pathe/-/pathe-2.0.3.tgz 498ms (cache miss)
4033 http fetch GET 200 https://registry.npmjs.org/giget/-/giget-2.0.0.tgz 499ms (cache miss)
4034 http fetch GET 200 https://registry.npmjs.org/defu/-/defu-6.1.4.tgz 507ms (cache miss)
4035 http fetch GET 200 https://registry.npmjs.org/chokidar/-/chokidar-4.0.3.tgz 511ms (cache miss)
4036 http fetch GET 200 https://registry.npmjs.org/confbox/-/confbox-0.2.4.tgz 515ms (cache miss)
4037 http fetch GET 200 https://registry.npmjs.org/pure-rand/-/pure-rand-6.1.0.tgz 518ms (cache miss)
4038 http fetch GET 200 https://registry.npmjs.org/pkg-types/-/pkg-types-2.3.0.tgz 519ms (cache miss)
4039 http fetch GET 200 https://registry.npmjs.org/empathic/-/empathic-2.0.0.tgz 524ms (cache miss)
4040 http fetch GET 200 https://registry.npmjs.org/nypm/-/nypm-0.6.5.tgz 534ms (cache miss)
4041 http fetch GET 200 https://registry.npmjs.org/c12/-/c12-3.1.0.tgz 535ms (cache miss)
4042 http fetch GET 200 https://registry.npmjs.org/deepmerge-ts/-/deepmerge-ts-7.1.5.tgz 539ms (cache miss)
4043 http fetch GET 200 https://registry.npmjs.org/callsites/-/callsites-3.1.0.tgz 545ms (cache miss)
4044 http fetch GET 200 https://registry.npmjs.org/yocto-queue/-/yocto-queue-0.1.0.tgz 549ms (cache miss)
4045 http fetch GET 200 https://registry.npmjs.org/dotenv/-/dotenv-16.6.1.tgz 554ms (cache miss)
4046 http fetch GET 200 https://registry.npmjs.org/p-limit/-/p-limit-3.1.0.tgz 564ms (cache miss)
4047 http fetch GET 200 https://registry.npmjs.org/word-wrap/-/word-wrap-1.2.5.tgz 576ms (cache miss)
4048 http fetch GET 200 https://registry.npmjs.org/fast-levenshtein/-/fast-levenshtein-2.0.6.tgz 577ms (cache miss)
4049 http fetch GET 200 https://registry.npmjs.org/@typescript-eslint/scope-manager/-/scope-manager-8.54.0.tgz 610ms (cache miss)
4050 http fetch GET 200 https://registry.npmjs.org/deep-is/-/deep-is-0.1.4.tgz 598ms (cache miss)
4051 http fetch GET 200 https://registry.npmjs.org/@next/env/-/env-16.1.6.tgz 602ms (cache miss)
4052 http fetch GET 200 https://registry.npmjs.org/sharp/-/sharp-0.34.5.tgz 604ms (cache miss)
4053 http fetch GET 200 https://registry.npmjs.org/concat-map/-/concat-map-0.0.1.tgz 629ms (cache miss)
4054 http fetch GET 200 https://registry.npmjs.org/to-regex-range/-/to-regex-range-5.0.1.tgz 658ms (cache miss)
4055 http fetch GET 200 https://registry.npmjs.org/brace-expansion/-/brace-expansion-1.1.12.tgz 657ms (cache miss)
4056 http fetch GET 200 https://registry.npmjs.org/@prisma/engines-version/-/engines-version-7.1.1-3.c2990dca591cba766e3b7ef5d9e8a84796e47ab7.tgz 672ms (cache miss)
4057 http fetch GET 200 https://registry.npmjs.org/fill-range/-/fill-range-7.1.1.tgz 674ms (cache miss)
4058 http fetch GET 200 https://registry.npmjs.org/picomatch/-/picomatch-2.3.1.tgz 677ms (cache miss)
4059 http fetch GET 200 https://registry.npmjs.org/@prisma/debug/-/debug-6.19.2.tgz 684ms (cache miss)
4060 http fetch GET 200 https://registry.npmjs.org/p-locate/-/p-locate-5.0.0.tgz 686ms (cache miss)
4061 http fetch GET 200 https://registry.npmjs.org/styled-jsx/-/styled-jsx-5.1.6.tgz 688ms (cache miss)
4062 http fetch GET 200 https://registry.npmjs.org/@img/sharp-libvips-darwin-arm64/-/sharp-libvips-darwin-arm64-1.2.4.tgz 702ms (cache miss)
4063 http fetch GET 200 https://registry.npmjs.org/@prisma/config/-/config-6.19.2.tgz 697ms (cache miss)
4064 http fetch GET 200 https://registry.npmjs.org/@prisma/get-platform/-/get-platform-6.19.2.tgz 699ms (cache miss)
4065 http fetch GET 200 https://registry.npmjs.org/nanoid/-/nanoid-3.3.11.tgz 696ms (cache miss)
4066 http fetch GET 200 https://registry.npmjs.org/@typescript-eslint/eslint-plugin/-/eslint-plugin-8.54.0.tgz 714ms (cache miss)
4067 http fetch GET 200 https://registry.npmjs.org/@prisma/engines/-/engines-6.19.2.tgz 700ms (cache miss)
4068 http fetch GET 200 https://registry.npmjs.org/@prisma/fetch-engine/-/fetch-engine-6.19.2.tgz 704ms (cache miss)
4069 http fetch GET 200 https://registry.npmjs.org/yallist/-/yallist-3.1.1.tgz 704ms (cache miss)
4070 http fetch GET 200 https://registry.npmjs.org/balanced-match/-/balanced-match-1.0.2.tgz 704ms (cache miss)
4071 http fetch GET 200 https://registry.npmjs.org/braces/-/braces-3.0.3.tgz 705ms (cache miss)
4072 http fetch GET 200 https://registry.npmjs.org/type-check/-/type-check-0.4.0.tgz 712ms (cache miss)
4073 http fetch GET 200 https://registry.npmjs.org/prelude-ls/-/prelude-ls-1.2.1.tgz 718ms (cache miss)
4074 http fetch GET 200 https://registry.npmjs.org/json-buffer/-/json-buffer-3.0.1.tgz 725ms (cache miss)
4075 http fetch GET 200 https://registry.npmjs.org/resolve-from/-/resolve-from-4.0.0.tgz 729ms (cache miss)
4076 http fetch GET 200 https://registry.npmjs.org/side-channel/-/side-channel-1.1.0.tgz 734ms (cache miss)
4077 http fetch GET 200 https://registry.npmjs.org/parent-module/-/parent-module-1.0.1.tgz 738ms (cache miss)
4078 http fetch GET 200 https://registry.npmjs.org/argparse/-/argparse-2.0.1.tgz 744ms (cache miss)
4079 http fetch GET 200 https://registry.npmjs.org/dunder-proto/-/dunder-proto-1.0.1.tgz 752ms (cache miss)
4080 http fetch GET 200 https://registry.npmjs.org/hermes-estree/-/hermes-estree-0.25.1.tgz 757ms (cache miss)
4081 http fetch GET 200 https://registry.npmjs.org/resolve-pkg-maps/-/resolve-pkg-maps-1.0.0.tgz 759ms (cache miss)
4082 http fetch GET 200 https://registry.npmjs.org/functions-have-names/-/functions-have-names-1.2.3.tgz 769ms (cache miss)
4083 http fetch GET 200 https://registry.npmjs.org/keyv/-/keyv-4.5.4.tgz 802ms (cache miss)
4084 http fetch GET 200 https://registry.npmjs.org/language-subtag-registry/-/language-subtag-registry-0.3.23.tgz 810ms (cache miss)
4085 http fetch GET 200 https://registry.npmjs.org/flat-cache/-/flat-cache-4.0.1.tgz 815ms (cache miss)
4086 http fetch GET 200 https://registry.npmjs.org/path-exists/-/path-exists-4.0.0.tgz 819ms (cache miss)
4087 http fetch GET 200 https://registry.npmjs.org/is-extglob/-/is-extglob-2.1.1.tgz 819ms (cache miss)
4088 http fetch GET 200 https://registry.npmjs.org/locate-path/-/locate-path-6.0.0.tgz 821ms (cache miss)
4089 http fetch GET 200 https://registry.npmjs.org/lightningcss-darwin-arm64/-/lightningcss-darwin-arm64-1.30.2.tgz 825ms (cache miss)
4090 http fetch GET 200 https://registry.npmjs.org/flatted/-/flatted-3.3.3.tgz 826ms (cache miss)
4091 http fetch GET 200 https://registry.npmjs.org/tslib/-/tslib-2.8.1.tgz 834ms (cache miss)
4092 http fetch GET 200 https://registry.npmjs.org/motion-utils/-/motion-utils-12.29.2.tgz 842ms (cache miss)
4093 http fetch GET 200 https://registry.npmjs.org/@img/sharp-darwin-arm64/-/sharp-darwin-arm64-0.34.5.tgz 860ms (cache miss)
4094 http fetch GET 200 https://registry.npmjs.org/micromatch/-/micromatch-4.0.8.tgz 849ms (cache miss)
4095 http fetch GET 200 https://registry.npmjs.org/reusify/-/reusify-1.1.0.tgz 852ms (cache miss)
4096 http fetch GET 200 https://registry.npmjs.org/detect-libc/-/detect-libc-2.1.2.tgz 850ms (cache miss)
4097 http fetch GET 200 https://registry.npmjs.org/merge2/-/merge2-1.4.1.tgz 860ms (cache miss)
4098 http fetch GET 200 https://registry.npmjs.org/fastq/-/fastq-1.20.1.tgz 861ms (cache miss)
4099 http fetch GET 200 https://registry.npmjs.org/update-browserslist-db/-/update-browserslist-db-1.2.3.tgz 856ms (cache miss)
4100 http fetch GET 200 https://registry.npmjs.org/acorn-jsx/-/acorn-jsx-5.3.2.tgz 857ms (cache miss)
4101 http fetch GET 200 https://registry.npmjs.org/esrecurse/-/esrecurse-4.3.0.tgz 856ms (cache miss)
4102 http fetch GET 200 https://registry.npmjs.org/electron-to-chromium/-/electron-to-chromium-1.5.286.tgz 857ms (cache miss)
4103 http fetch GET 200 https://registry.npmjs.org/acorn/-/acorn-8.15.0.tgz 865ms (cache miss)
4104 http fetch GET 200 https://registry.npmjs.org/@nodelib/fs.walk/-/fs.walk-1.2.8.tgz 870ms (cache miss)
4105 http fetch GET 200 https://registry.npmjs.org/node-releases/-/node-releases-2.0.27.tgz 863ms (cache miss)
4106 http fetch GET 200 https://registry.npmjs.org/@types/react-reconciler/-/react-reconciler-0.28.9.tgz 879ms (cache miss)
4107 http fetch GET 200 https://registry.npmjs.org/baseline-browser-mapping/-/baseline-browser-mapping-2.9.19.tgz 895ms (cache miss)
4108 http fetch GET 200 https://registry.npmjs.org/picocolors/-/picocolors-1.1.1.tgz 896ms (cache miss)
4109 http fetch GET 200 https://registry.npmjs.org/jsesc/-/jsesc-3.1.0.tgz 897ms (cache miss)
4110 http fetch GET 200 https://registry.npmjs.org/lru-cache/-/lru-cache-5.1.1.tgz 900ms (cache miss)
4111 http fetch GET 200 https://registry.npmjs.org/@babel/helper-string-parser/-/helper-string-parser-7.27.1.tgz 902ms (cache miss)
4112 http fetch GET 200 https://registry.npmjs.org/browserslist/-/browserslist-4.28.1.tgz 903ms (cache miss)
4113 http fetch GET 200 https://registry.npmjs.org/@babel/helper-globals/-/helper-globals-7.28.0.tgz 906ms (cache miss)
4114 http fetch GET 200 https://registry.npmjs.org/js-tokens/-/js-tokens-4.0.0.tgz 913ms (cache miss)
4115 http fetch GET 200 https://registry.npmjs.org/@babel/compat-data/-/compat-data-7.29.0.tgz 914ms (cache miss)
4116 http fetch GET 200 https://registry.npmjs.org/@babel/helper-validator-option/-/helper-validator-option-7.27.1.tgz 918ms (cache miss)
4117 http fetch GET 200 https://registry.npmjs.org/@babel/helper-module-imports/-/helper-module-imports-7.28.6.tgz 919ms (cache miss)
4118 http fetch GET 200 https://registry.npmjs.org/json5/-/json5-2.2.3.tgz 924ms (cache miss)
4119 http fetch GET 200 https://registry.npmjs.org/@babel/helper-validator-identifier/-/helper-validator-identifier-7.28.5.tgz 926ms (cache miss)
4120 http fetch GET 200 https://registry.npmjs.org/gensync/-/gensync-1.0.0-beta.2.tgz 958ms (cache miss)
4121 http fetch GET 200 https://registry.npmjs.org/convert-source-map/-/convert-source-map-2.0.0.tgz 968ms (cache miss)
4122 http fetch GET 200 https://registry.npmjs.org/@babel/helper-compilation-targets/-/helper-compilation-targets-7.28.6.tgz 977ms (cache miss)
4123 http fetch GET 200 https://registry.npmjs.org/@swc/helpers/-/helpers-0.5.15.tgz 1001ms (cache miss)
4124 http fetch GET 200 https://registry.npmjs.org/@babel/code-frame/-/code-frame-7.29.0.tgz 997ms (cache miss)
4125 http fetch GET 200 https://registry.npmjs.org/@babel/template/-/template-7.28.6.tgz 1011ms (cache miss)
4126 http fetch GET 200 https://registry.npmjs.org/@babel/helper-module-transforms/-/helper-module-transforms-7.28.6.tgz 1018ms (cache miss)
4127 http fetch GET 200 https://registry.npmjs.org/@babel/traverse/-/traverse-7.29.0.tgz 1041ms (cache miss)
4128 http fetch GET 200 https://registry.npmjs.org/hermes-parser/-/hermes-parser-0.25.1.tgz 1043ms (cache miss)
4129 http fetch GET 200 https://registry.npmjs.org/iterator.prototype/-/iterator.prototype-1.1.5.tgz 1056ms (cache miss)
4130 http fetch GET 200 https://registry.npmjs.org/estraverse/-/estraverse-5.3.0.tgz 1082ms (cache miss)
4131 http fetch GET 200 https://registry.npmjs.org/string.prototype.matchall/-/string.prototype.matchall-4.0.12.tgz 1082ms (cache miss)
4132 http fetch GET 200 https://registry.npmjs.org/object.entries/-/object.entries-1.1.9.tgz 1082ms (cache miss)
4133 http fetch GET 200 https://registry.npmjs.org/string.prototype.repeat/-/string.prototype.repeat-1.0.0.tgz 1083ms (cache miss)
4134 http fetch GET 200 https://registry.npmjs.org/language-tags/-/language-tags-1.0.9.tgz 1086ms (cache miss)
4135 http fetch GET 200 https://registry.npmjs.org/prop-types/-/prop-types-15.8.1.tgz 1094ms (cache miss)
4136 http fetch GET 200 https://registry.npmjs.org/array.prototype.tosorted/-/array.prototype.tosorted-1.1.4.tgz 1095ms (cache miss)
4137 http fetch GET 200 https://registry.npmjs.org/array.prototype.findlast/-/array.prototype.findlast-1.2.5.tgz 1096ms (cache miss)
4138 http fetch GET 200 https://registry.npmjs.org/string.prototype.includes/-/string.prototype.includes-2.0.1.tgz 1097ms (cache miss)
4139 http fetch GET 200 https://registry.npmjs.org/zod-validation-error/-/zod-validation-error-4.0.2.tgz 1100ms (cache miss)
4140 http fetch GET 200 https://registry.npmjs.org/@babel/generator/-/generator-7.29.1.tgz 1127ms (cache miss)
4141 http fetch GET 200 https://registry.npmjs.org/@babel/parser/-/parser-7.29.0.tgz 1127ms (cache miss)
4142 http fetch GET 200 https://registry.npmjs.org/emoji-regex/-/emoji-regex-9.2.2.tgz 1128ms (cache miss)
4143 http fetch GET 200 https://registry.npmjs.org/ast-types-flow/-/ast-types-flow-0.0.8.tgz 1128ms (cache miss)
4144 http fetch GET 200 https://registry.npmjs.org/typed-array-length/-/typed-array-length-1.0.7.tgz 1127ms (cache miss)
4145 http fetch GET 200 https://registry.npmjs.org/run-parallel/-/run-parallel-1.2.0.tgz 1128ms (cache miss)
4146 http fetch GET 200 https://registry.npmjs.org/damerau-levenshtein/-/damerau-levenshtein-1.0.8.tgz 1129ms (cache miss)
4147 http fetch GET 200 https://registry.npmjs.org/is-symbol/-/is-symbol-1.1.1.tgz 1129ms (cache miss)
4148 http fetch GET 200 https://registry.npmjs.org/perfect-debounce/-/perfect-debounce-1.0.0.tgz 1129ms (cache miss)
4149 http fetch GET 200 https://registry.npmjs.org/possible-typed-array-names/-/possible-typed-array-names-1.1.0.tgz 1129ms (cache miss)
4150 http fetch GET 200 https://registry.npmjs.org/which-typed-array/-/which-typed-array-1.1.20.tgz 1136ms (cache miss)
4151 http fetch GET 200 https://registry.npmjs.org/unbox-primitive/-/unbox-primitive-1.1.0.tgz 1143ms (cache miss)
4152 http fetch GET 200 https://registry.npmjs.org/typed-array-byte-length/-/typed-array-byte-length-1.0.3.tgz 1149ms (cache miss)
4153 http fetch GET 200 https://registry.npmjs.org/typed-array-buffer/-/typed-array-buffer-1.0.3.tgz 1170ms (cache miss)
4154 http fetch GET 200 https://registry.npmjs.org/safe-regex-test/-/safe-regex-test-1.1.0.tgz 1177ms (cache miss)
4155 http fetch GET 200 https://registry.npmjs.org/safe-array-concat/-/safe-array-concat-1.1.3.tgz 1181ms (cache miss)
4156 http fetch GET 200 https://registry.npmjs.org/string.prototype.trimstart/-/string.prototype.trimstart-1.0.8.tgz 1182ms (cache miss)
4157 http fetch GET 200 https://registry.npmjs.org/safe-push-apply/-/safe-push-apply-1.0.0.tgz 1182ms (cache miss)
4158 http fetch GET 200 https://registry.npmjs.org/stop-iteration-iterator/-/stop-iteration-iterator-1.1.0.tgz 1182ms (cache miss)
4159 http fetch GET 200 https://registry.npmjs.org/regexp.prototype.flags/-/regexp.prototype.flags-1.5.4.tgz 1188ms (cache miss)
4160 http fetch GET 200 https://registry.npmjs.org/own-keys/-/own-keys-1.0.1.tgz 1189ms (cache miss)
4161 http fetch GET 200 https://registry.npmjs.org/@babel/core/-/core-7.29.0.tgz 1196ms (cache miss)
4162 http fetch GET 200 https://registry.npmjs.org/axe-core/-/axe-core-4.11.1.tgz 1198ms (cache miss)
4163 http fetch GET 200 https://registry.npmjs.org/es-iterator-helpers/-/es-iterator-helpers-1.2.2.tgz 1209ms (cache miss)
4164 http fetch GET 200 https://registry.npmjs.org/is-set/-/is-set-2.0.3.tgz 1213ms (cache miss)
4165 http fetch GET 200 https://registry.npmjs.org/is-typed-array/-/is-typed-array-1.1.15.tgz 1213ms (cache miss)
4166 http fetch GET 200 https://registry.npmjs.org/has-tostringtag/-/has-tostringtag-1.0.2.tgz 1214ms (cache miss)
4167 http fetch GET 200 https://registry.npmjs.org/object-inspect/-/object-inspect-1.13.4.tgz 1219ms (cache miss)
4168 http fetch GET 200 https://registry.npmjs.org/@babel/types/-/types-7.29.0.tgz 1246ms (cache miss)
4169 http fetch GET 200 https://registry.npmjs.org/string.prototype.trim/-/string.prototype.trim-1.2.10.tgz 1241ms (cache miss)
4170 http fetch GET 200 https://registry.npmjs.org/is-shared-array-buffer/-/is-shared-array-buffer-1.0.4.tgz 1240ms (cache miss)
4171 http fetch GET 200 https://registry.npmjs.org/is-regex/-/is-regex-1.2.1.tgz 1240ms (cache miss)
4172 http fetch GET 200 https://registry.npmjs.org/is-negative-zero/-/is-negative-zero-2.0.3.tgz 1239ms (cache miss)
4173 http fetch GET 200 https://registry.npmjs.org/is-weakref/-/is-weakref-1.1.1.tgz 1240ms (cache miss)
4174 http fetch GET 200 https://registry.npmjs.org/typed-array-byte-offset/-/typed-array-byte-offset-1.0.4.tgz 1243ms (cache miss)
4175 http fetch GET 200 https://registry.npmjs.org/is-callable/-/is-callable-1.2.7.tgz 1240ms (cache miss)
4176 http fetch GET 200 https://registry.npmjs.org/@nodelib/fs.scandir/-/fs.scandir-2.1.5.tgz 1240ms (cache miss)
4177 http fetch GET 200 https://registry.npmjs.org/is-array-buffer/-/is-array-buffer-3.0.5.tgz 1240ms (cache miss)
4178 http fetch GET 200 https://registry.npmjs.org/internal-slot/-/internal-slot-1.1.0.tgz 1243ms (cache miss)
4179 http fetch GET 200 https://registry.npmjs.org/jsx-ast-utils/-/jsx-ast-utils-3.3.5.tgz 1266ms (cache miss)
4180 http fetch GET 200 https://registry.npmjs.org/get-proto/-/get-proto-1.0.1.tgz 1275ms (cache miss)
4181 http fetch GET 200 https://registry.npmjs.org/@babel/helpers/-/helpers-7.28.6.tgz 1286ms (cache miss)
4182 http fetch GET 200 https://registry.npmjs.org/data-view-byte-length/-/data-view-byte-length-1.0.2.tgz 1295ms (cache miss)
4183 http fetch GET 200 https://registry.npmjs.org/has-symbols/-/has-symbols-1.1.0.tgz 1296ms (cache miss)
4184 http fetch GET 200 https://registry.npmjs.org/globalthis/-/globalthis-1.0.4.tgz 1296ms (cache miss)
4185 http fetch GET 200 https://registry.npmjs.org/es-set-tostringtag/-/es-set-tostringtag-2.1.0.tgz 1298ms (cache miss)
4186 http fetch GET 200 https://registry.npmjs.org/has-proto/-/has-proto-1.2.0.tgz 1299ms (cache miss)
4187 http fetch GET 200 https://registry.npmjs.org/data-view-byte-offset/-/data-view-byte-offset-1.0.1.tgz 1297ms (cache miss)
4188 http fetch GET 200 https://registry.npmjs.org/data-view-buffer/-/data-view-buffer-1.0.2.tgz 1297ms (cache miss)
4189 http fetch GET 200 https://registry.npmjs.org/array-buffer-byte-length/-/array-buffer-byte-length-1.0.2.tgz 1297ms (cache miss)
4190 http fetch GET 200 https://registry.npmjs.org/@nodelib/fs.stat/-/fs.stat-2.0.5.tgz 1299ms (cache miss)
4191 http fetch GET 200 https://registry.npmjs.org/available-typed-arrays/-/available-typed-arrays-1.0.7.tgz 1297ms (cache miss)
4192 http fetch GET 200 https://registry.npmjs.org/es-to-primitive/-/es-to-primitive-1.3.0.tgz 1302ms (cache miss)
4193 http fetch GET 200 https://registry.npmjs.org/function.prototype.name/-/function.prototype.name-1.1.8.tgz 1303ms (cache miss)
4194 http fetch GET 200 https://registry.npmjs.org/axobject-query/-/axobject-query-4.1.0.tgz 1329ms (cache miss)
4195 http fetch GET 200 https://registry.npmjs.org/arraybuffer.prototype.slice/-/arraybuffer.prototype.slice-1.0.4.tgz 1328ms (cache miss)
4196 http fetch GET 200 https://registry.npmjs.org/get-symbol-description/-/get-symbol-description-1.1.0.tgz 1345ms (cache miss)
4197 http fetch GET 200 https://registry.npmjs.org/set-function-length/-/set-function-length-1.2.2.tgz 1352ms (cache miss)
4198 http fetch GET 200 https://registry.npmjs.org/object-keys/-/object-keys-1.1.1.tgz 1361ms (cache miss)
4199 http fetch GET 200 https://registry.npmjs.org/has-property-descriptors/-/has-property-descriptors-1.0.2.tgz 1373ms (cache miss)
4200 http fetch GET 200 https://registry.npmjs.org/function-bind/-/function-bind-1.1.2.tgz 1374ms (cache miss)
4201 http fetch GET 200 https://registry.npmjs.org/call-bind-apply-helpers/-/call-bind-apply-helpers-1.0.2.tgz 1373ms (cache miss)
4202 http fetch GET 200 https://registry.npmjs.org/gopd/-/gopd-1.2.0.tgz 1375ms (cache miss)
4203 http fetch GET 200 https://registry.npmjs.org/is-string/-/is-string-1.1.1.tgz 1374ms (cache miss)
4204 http fetch GET 200 https://registry.npmjs.org/define-data-property/-/define-data-property-1.1.4.tgz 1376ms (cache miss)
4205 http fetch GET 200 https://registry.npmjs.org/math-intrinsics/-/math-intrinsics-1.1.0.tgz 1376ms (cache miss)
4206 http fetch GET 200 https://registry.npmjs.org/get-intrinsic/-/get-intrinsic-1.3.0.tgz 1377ms (cache miss)
4207 http fetch GET 200 https://registry.npmjs.org/es-define-property/-/es-define-property-1.0.1.tgz 1378ms (cache miss)
4208 http fetch GET 200 https://registry.npmjs.org/es-shim-unscopables/-/es-shim-unscopables-1.1.0.tgz 1377ms (cache miss)
4209 http fetch GET 200 https://registry.npmjs.org/es-errors/-/es-errors-1.3.0.tgz 1378ms (cache miss)
4210 http fetch GET 200 https://registry.npmjs.org/es-object-atoms/-/es-object-atoms-1.1.1.tgz 1403ms (cache miss)
4211 http fetch GET 200 https://registry.npmjs.org/aria-query/-/aria-query-5.3.2.tgz 1411ms (cache miss)
4212 http fetch GET 200 https://registry.npmjs.org/call-bound/-/call-bound-1.0.4.tgz 1415ms (cache miss)
4213 http fetch GET 200 https://registry.npmjs.org/call-bind/-/call-bind-1.0.8.tgz 1433ms (cache miss)
4214 http fetch GET 200 https://registry.npmjs.org/object.values/-/object.values-1.2.1.tgz 1435ms (cache miss)
4215 http fetch GET 200 https://registry.npmjs.org/array.prototype.flatmap/-/array.prototype.flatmap-1.3.3.tgz 1434ms (cache miss)
4216 http fetch GET 200 https://registry.npmjs.org/semver/-/semver-6.3.1.tgz 1435ms (cache miss)
4217 http fetch GET 200 https://registry.npmjs.org/define-properties/-/define-properties-1.2.1.tgz 1437ms (cache miss)
4218 http fetch GET 200 https://registry.npmjs.org/string.prototype.trimend/-/string.prototype.trimend-1.0.9.tgz 1437ms (cache miss)
4219 http fetch GET 200 https://registry.npmjs.org/doctrine/-/doctrine-2.1.0.tgz 1438ms (cache miss)
4220 http fetch GET 200 https://registry.npmjs.org/object.groupby/-/object.groupby-1.0.3.tgz 1441ms (cache miss)
4221 http fetch GET 200 https://registry.npmjs.org/object.fromentries/-/object.fromentries-2.0.8.tgz 1442ms (cache miss)
4222 http fetch GET 200 https://registry.npmjs.org/eslint-module-utils/-/eslint-module-utils-2.12.1.tgz 1445ms (cache miss)
4223 http fetch GET 200 https://registry.npmjs.org/is-data-view/-/is-data-view-1.0.2.tgz 1457ms (cache miss)
4224 http fetch GET 200 https://registry.npmjs.org/set-function-name/-/set-function-name-2.0.2.tgz 1481ms (cache miss)
4225 http fetch GET 200 https://registry.npmjs.org/array-includes/-/array-includes-3.1.9.tgz 1481ms (cache miss)
4226 http fetch GET 200 https://registry.npmjs.org/stable-hash/-/stable-hash-0.0.5.tgz 1482ms (cache miss)
4227 http fetch GET 200 https://registry.npmjs.org/tinyglobby/-/tinyglobby-0.2.15.tgz 1483ms (cache miss)
4228 http fetch GET 200 https://registry.npmjs.org/array.prototype.flat/-/array.prototype.flat-1.3.3.tgz 1484ms (cache miss)
4229 http fetch GET 200 https://registry.npmjs.org/array.prototype.findlastindex/-/array.prototype.findlastindex-1.2.6.tgz 1485ms (cache miss)
4230 http fetch GET 200 https://registry.npmjs.org/unrs-resolver/-/unrs-resolver-1.11.1.tgz 1487ms (cache miss)
4231 http fetch GET 200 https://registry.npmjs.org/is-core-module/-/is-core-module-2.16.1.tgz 1499ms (cache miss)
4232 http fetch GET 200 https://registry.npmjs.org/@rtsao/scc/-/scc-1.1.0.tgz 1501ms (cache miss)
4233 http fetch GET 200 https://registry.npmjs.org/is-bun-module/-/is-bun-module-2.0.0.tgz 1500ms (cache miss)
4234 http fetch GET 200 https://registry.npmjs.org/@nolyfill/is-core-module/-/is-core-module-1.0.39.tgz 1501ms (cache miss)
4235 http fetch GET 200 https://registry.npmjs.org/typescript-eslint/-/typescript-eslint-8.54.0.tgz 1500ms (cache miss)
4236 http fetch GET 200 https://registry.npmjs.org/tsconfig-paths/-/tsconfig-paths-3.15.0.tgz 1505ms (cache miss)
4237 http fetch GET 200 https://registry.npmjs.org/is-date-object/-/is-date-object-1.1.0.tgz 1543ms (cache miss)
4238 http fetch GET 200 https://registry.npmjs.org/ms/-/ms-2.1.3.tgz 1546ms (cache miss)
4239 http fetch GET 200 https://registry.npmjs.org/eslint-import-resolver-typescript/-/eslint-import-resolver-typescript-3.10.1.tgz 1558ms (cache miss)
4240 http fetch GET 200 https://registry.npmjs.org/color-name/-/color-name-1.1.4.tgz 1557ms (cache miss)
4241 http fetch GET 200 https://registry.npmjs.org/ansi-styles/-/ansi-styles-4.3.0.tgz 1556ms (cache miss)
4242 http fetch GET 200 https://registry.npmjs.org/color-convert/-/color-convert-2.0.1.tgz 1558ms (cache miss)
4243 http fetch GET 200 https://registry.npmjs.org/eslint-import-resolver-node/-/eslint-import-resolver-node-0.3.9.tgz 1558ms (cache miss)
4244 http fetch GET 200 https://registry.npmjs.org/json-schema-traverse/-/json-schema-traverse-0.4.1.tgz 1557ms (cache miss)
4245 http fetch GET 200 https://registry.npmjs.org/supports-color/-/supports-color-7.2.0.tgz 1557ms (cache miss)
4246 http fetch GET 200 https://registry.npmjs.org/levn/-/levn-0.4.1.tgz 1558ms (cache miss)
4247 http fetch GET 200 https://registry.npmjs.org/import-fresh/-/import-fresh-3.3.1.tgz 1567ms (cache miss)
4248 http fetch GET 200 https://registry.npmjs.org/strip-json-comments/-/strip-json-comments-3.1.1.tgz 1573ms (cache miss)
4249 http fetch GET 200 https://registry.npmjs.org/globals/-/globals-14.0.0.tgz 1572ms (cache miss)
4250 http fetch GET 200 https://registry.npmjs.org/natural-compare/-/natural-compare-1.4.0.tgz 1574ms (cache miss)
4251 http fetch GET 200 https://registry.npmjs.org/minimatch/-/minimatch-3.1.2.tgz 1574ms (cache miss)
4252 http fetch GET 200 https://registry.npmjs.org/fast-json-stable-stringify/-/fast-json-stable-stringify-2.1.0.tgz 1579ms (cache miss)
4253 http fetch GET 200 https://registry.npmjs.org/@types/json-schema/-/json-schema-7.0.15.tgz 1578ms (cache miss)
4254 http fetch GET 200 https://registry.npmjs.org/is-glob/-/is-glob-4.0.3.tgz 1578ms (cache miss)
4255 http fetch GET 200 https://registry.npmjs.org/optionator/-/optionator-0.9.4.tgz 1580ms (cache miss)
4256 http fetch GET 200 https://registry.npmjs.org/fast-glob/-/fast-glob-3.3.1.tgz 1596ms (cache miss)
4257 http fetch GET 200 https://registry.npmjs.org/lodash.merge/-/lodash.merge-4.6.2.tgz 1593ms (cache miss)
4258 http fetch GET 200 https://registry.npmjs.org/motion-dom/-/motion-dom-12.33.0.tgz 1630ms (cache miss)
4259 http fetch GET 200 https://registry.npmjs.org/ignore/-/ignore-5.3.2.tgz 1609ms (cache miss)
4260 http fetch GET 200 https://registry.npmjs.org/imurmurhash/-/imurmurhash-0.1.4.tgz 1610ms (cache miss)
4261 http fetch GET 200 https://registry.npmjs.org/find-up/-/find-up-5.0.0.tgz 1609ms (cache miss)
4262 http fetch GET 200 https://registry.npmjs.org/json-stable-stringify-without-jsonify/-/json-stable-stringify-without-jsonify-1.0.1.tgz 1614ms (cache miss)
4263 http fetch GET 200 https://registry.npmjs.org/glob-parent/-/glob-parent-6.0.2.tgz 1613ms (cache miss)
4264 http fetch GET 200 https://registry.npmjs.org/file-entry-cache/-/file-entry-cache-8.0.0.tgz 1613ms (cache miss)
4265 http fetch GET 200 https://registry.npmjs.org/fast-check/-/fast-check-3.23.2.tgz 1666ms (cache miss)
4266 http fetch GET 200 https://registry.npmjs.org/js-yaml/-/js-yaml-4.1.1.tgz 1623ms (cache miss)
4267 http fetch GET 200 https://registry.npmjs.org/esutils/-/esutils-2.0.3.tgz 1617ms (cache miss)
4268 http fetch GET 200 https://registry.npmjs.org/escape-string-regexp/-/escape-string-regexp-4.0.0.tgz 1618ms (cache miss)
4269 http fetch GET 200 https://registry.npmjs.org/fast-deep-equal/-/fast-deep-equal-3.1.3.tgz 1620ms (cache miss)
4270 http fetch GET 200 https://registry.npmjs.org/espree/-/espree-10.4.0.tgz 1623ms (cache miss)
4271 http fetch GET 200 https://registry.npmjs.org/eslint-plugin-react-hooks/-/eslint-plugin-react-hooks-7.0.1.tgz 1634ms (cache miss)
4272 http fetch GET 200 https://registry.npmjs.org/uri-js/-/uri-js-4.4.1.tgz 1638ms (cache miss)
4273 http fetch GET 200 https://registry.npmjs.org/esquery/-/esquery-1.7.0.tgz 1638ms (cache miss)
4274 http fetch GET 200 https://registry.npmjs.org/chalk/-/chalk-4.1.2.tgz 1638ms (cache miss)
4275 http fetch GET 200 https://registry.npmjs.org/eslint-visitor-keys/-/eslint-visitor-keys-4.2.1.tgz 1638ms (cache miss)
4276 http fetch GET 200 https://registry.npmjs.org/debug/-/debug-4.4.3.tgz 1654ms (cache miss)
4277 http fetch GET 200 https://registry.npmjs.org/@types/estree/-/estree-1.0.8.tgz 1656ms (cache miss)
4278 http fetch GET 200 https://registry.npmjs.org/@humanwhocodes/retry/-/retry-0.4.3.tgz 1658ms (cache miss)
4279 http fetch GET 200 https://registry.npmjs.org/eslint-scope/-/eslint-scope-8.4.0.tgz 1663ms (cache miss)
4280 http fetch GET 200 https://registry.npmjs.org/resolve/-/resolve-1.22.11.tgz 1681ms (cache miss)
4281 http fetch GET 200 https://registry.npmjs.org/@eslint/js/-/js-9.39.2.tgz 1670ms (cache miss)
4282 http fetch GET 200 https://registry.npmjs.org/@eslint/config-helpers/-/config-helpers-0.4.2.tgz 1687ms (cache miss)
4283 http fetch GET 200 https://registry.npmjs.org/@eslint/core/-/core-0.17.0.tgz 1688ms (cache miss)
4284 http fetch GET 200 https://registry.npmjs.org/@eslint/object-schema/-/object-schema-2.1.7.tgz 1696ms (cache miss)
4285 http fetch GET 200 https://registry.npmjs.org/graceful-fs/-/graceful-fs-4.2.11.tgz 1689ms (cache miss)
4286 http fetch GET 200 https://registry.npmjs.org/get-tsconfig/-/get-tsconfig-4.13.6.tgz 1691ms (cache miss)
4287 http fetch GET 200 https://registry.npmjs.org/@eslint-community/eslint-utils/-/eslint-utils-4.9.1.tgz 1695ms (cache miss)
4288 http fetch GET 200 https://registry.npmjs.org/which/-/which-2.0.2.tgz 1703ms (cache miss)
4289 http fetch GET 200 https://registry.npmjs.org/@eslint-community/regexpp/-/regexpp-4.12.2.tgz 1704ms (cache miss)
4290 http fetch GET 200 https://registry.npmjs.org/@eslint/eslintrc/-/eslintrc-3.3.3.tgz 1711ms (cache miss)
4291 http fetch GET 200 https://registry.npmjs.org/@humanfs/core/-/core-0.19.1.tgz 1720ms (cache miss)
4292 http fetch GET 200 https://registry.npmjs.org/webgl-constants/-/webgl-constants-1.1.1.tgz 1725ms (cache miss)
4293 http fetch GET 200 https://registry.npmjs.org/tapable/-/tapable-2.3.0.tgz 1725ms (cache miss)
4294 http fetch GET 200 https://registry.npmjs.org/path-key/-/path-key-3.1.1.tgz 1727ms (cache miss)
4295 http fetch GET 200 https://registry.npmjs.org/shebang-command/-/shebang-command-2.0.0.tgz 1727ms (cache miss)
4296 http fetch GET 200 https://registry.npmjs.org/cross-spawn/-/cross-spawn-7.0.6.tgz 1727ms (cache miss)
4297 http fetch GET 200 https://registry.npmjs.org/ieee754/-/ieee754-1.2.1.tgz 1739ms (cache miss)
4298 http fetch GET 200 https://registry.npmjs.org/meshoptimizer/-/meshoptimizer-0.22.0.tgz 1742ms (cache miss)
4299 http fetch GET 200 https://registry.npmjs.org/@next/eslint-plugin-next/-/eslint-plugin-next-16.1.6.tgz 1758ms (cache miss)
4300 http fetch GET 200 https://registry.npmjs.org/@humanwhocodes/module-importer/-/module-importer-1.0.1.tgz 1751ms (cache miss)
4301 http fetch GET 200 https://registry.npmjs.org/fflate/-/fflate-0.8.2.tgz 1754ms (cache miss)
4302 http fetch GET 200 https://registry.npmjs.org/eslint-plugin-import/-/eslint-plugin-import-2.32.0.tgz 1776ms (cache miss)
4303 http fetch GET 200 https://registry.npmjs.org/undici-types/-/undici-types-6.21.0.tgz 1765ms (cache miss)
4304 http fetch GET 200 https://registry.npmjs.org/ajv/-/ajv-6.12.6.tgz 1778ms (cache miss)
4305 http fetch GET 200 https://registry.npmjs.org/source-map-js/-/source-map-js-1.2.1.tgz 1781ms (cache miss)
4306 http fetch GET 200 https://registry.npmjs.org/@jridgewell/sourcemap-codec/-/sourcemap-codec-1.5.5.tgz 1786ms (cache miss)
4307 http fetch GET 200 https://registry.npmjs.org/magic-string/-/magic-string-0.30.21.tgz 1792ms (cache miss)
4308 http fetch GET 200 https://registry.npmjs.org/@jridgewell/resolve-uri/-/resolve-uri-3.1.2.tgz 1795ms (cache miss)
4309 http fetch GET 200 https://registry.npmjs.org/@eslint/plugin-kit/-/plugin-kit-0.4.1.tgz 1799ms (cache miss)
4310 http fetch GET 200 https://registry.npmjs.org/@jridgewell/trace-mapping/-/trace-mapping-0.3.31.tgz 1797ms (cache miss)
4311 http fetch GET 200 https://registry.npmjs.org/lightningcss/-/lightningcss-1.30.2.tgz 1802ms (cache miss)
4312 http fetch GET 200 https://registry.npmjs.org/object.assign/-/object.assign-4.1.7.tgz 1814ms (cache miss)
4313 http fetch GET 200 https://registry.npmjs.org/set-proto/-/set-proto-1.0.0.tgz 1827ms (cache miss)
4314 http fetch GET 200 https://registry.npmjs.org/csstype/-/csstype-3.2.3.tgz 1830ms (cache miss)
4315 http fetch GET 200 https://registry.npmjs.org/jiti/-/jiti-2.6.1.tgz 1842ms (cache miss)
4316 http fetch GET 200 https://registry.npmjs.org/postcss/-/postcss-8.5.6.tgz 1846ms (cache miss)
4317 http fetch GET 200 https://registry.npmjs.org/@jridgewell/gen-mapping/-/gen-mapping-0.3.13.tgz 1849ms (cache miss)
4318 http fetch GET 200 https://registry.npmjs.org/caniuse-lite/-/caniuse-lite-1.0.30001769.tgz 1889ms (cache miss)
4319 http fetch GET 200 https://registry.npmjs.org/eslint-plugin-jsx-a11y/-/eslint-plugin-jsx-a11y-6.10.2.tgz 1885ms (cache miss)
4320 http fetch GET 200 https://registry.npmjs.org/scheduler/-/scheduler-0.27.0.tgz 1869ms (cache miss)
4321 http fetch GET 200 https://registry.npmjs.org/@jridgewell/remapping/-/remapping-2.3.5.tgz 1879ms (cache miss)
4322 http fetch GET 200 https://registry.npmjs.org/enhanced-resolve/-/enhanced-resolve-5.19.0.tgz 1880ms (cache miss)
4323 http fetch GET 200 https://registry.npmjs.org/its-fine/-/its-fine-2.0.0.tgz 1884ms (cache miss)
4324 http fetch GET 200 https://registry.npmjs.org/react-use-measure/-/react-use-measure-2.1.7.tgz 1884ms (cache miss)
4325 http fetch GET 200 https://registry.npmjs.org/@humanfs/node/-/node-0.16.7.tgz 1895ms (cache miss)
4326 http fetch GET 200 https://registry.npmjs.org/@webgpu/types/-/types-0.1.69.tgz 1894ms (cache miss)
4327 http fetch GET 200 https://registry.npmjs.org/promise-worker-transferable/-/promise-worker-transferable-1.0.4.tgz 1908ms (cache miss)
4328 http fetch GET 200 https://registry.npmjs.org/@tweenjs/tween.js/-/tween.js-23.1.3.tgz 1916ms (cache miss)
4329 http fetch GET 200 https://registry.npmjs.org/@eslint/config-array/-/config-array-0.21.1.tgz 1920ms (cache miss)
4330 http fetch GET 200 https://registry.npmjs.org/use-sync-external-store/-/use-sync-external-store-1.6.0.tgz 1941ms (cache miss)
4331 http fetch GET 200 https://registry.npmjs.org/utility-types/-/utility-types-3.11.0.tgz 1948ms (cache miss)
4332 http fetch GET 200 https://registry.npmjs.org/tunnel-rat/-/tunnel-rat-0.1.2.tgz 1949ms (cache miss)
4333 http fetch GET 200 https://registry.npmjs.org/troika-three-text/-/troika-three-text-0.52.4.tgz 1953ms (cache miss)
4334 http fetch GET 200 https://registry.npmjs.org/stats.js/-/stats.js-0.17.0.tgz 1958ms (cache miss)
4335 http fetch GET 200 https://registry.npmjs.org/@tailwindcss/oxide-darwin-arm64/-/oxide-darwin-arm64-4.1.18.tgz 1966ms (cache miss)
4336 http fetch GET 200 https://registry.npmjs.org/suspend-react/-/suspend-react-0.1.3.tgz 1967ms (cache miss)
4337 http fetch GET 200 https://registry.npmjs.org/zustand/-/zustand-5.0.11.tgz 1969ms (cache miss)
4338 http fetch GET 200 https://registry.npmjs.org/@use-gesture/core/-/core-10.3.1.tgz 1985ms (cache miss)
4339 http fetch GET 200 https://registry.npmjs.org/meshline/-/meshline-3.3.1.tgz 1978ms (cache miss)
4340 http fetch GET 200 https://registry.npmjs.org/cross-env/-/cross-env-7.0.3.tgz 1979ms (cache miss)
4341 http fetch GET 200 https://registry.npmjs.org/stats-gl/-/stats-gl-2.4.2.tgz 1996ms (cache miss)
4342 http fetch GET 200 https://registry.npmjs.org/glsl-noise/-/glsl-noise-0.0.0.tgz 2019ms (cache miss)
4343 http fetch GET 200 https://registry.npmjs.org/@tailwindcss/node/-/node-4.1.18.tgz 2028ms (cache miss)
4344 http fetch GET 200 https://registry.npmjs.org/zod/-/zod-4.3.6.tgz 2070ms (cache miss)
4345 http fetch GET 200 https://registry.npmjs.org/eslint-plugin-react/-/eslint-plugin-react-7.37.5.tgz 2055ms (cache miss)
4346 http fetch GET 200 https://registry.npmjs.org/detect-gpu/-/detect-gpu-5.0.70.tgz 2043ms (cache miss)
4347 http fetch GET 200 https://registry.npmjs.org/@dimforge/rapier3d-compat/-/rapier3d-compat-0.12.0.tgz 2053ms (cache miss)
4348 http fetch GET 200 https://registry.npmjs.org/camera-controls/-/camera-controls-3.1.2.tgz 2054ms (cache miss)
4349 http fetch GET 200 https://registry.npmjs.org/@alloc/quick-lru/-/quick-lru-5.2.0.tgz 2061ms (cache miss)
4350 http fetch GET 200 https://registry.npmjs.org/base64-js/-/base64-js-1.5.1.tgz 2077ms (cache miss)
4351 http fetch GET 200 https://registry.npmjs.org/three-mesh-bvh/-/three-mesh-bvh-0.8.3.tgz 2083ms (cache miss)
4352 http fetch GET 200 https://registry.npmjs.org/maath/-/maath-0.10.8.tgz 2083ms (cache miss)
4353 http fetch GET 200 https://registry.npmjs.org/tailwindcss/-/tailwindcss-4.1.18.tgz 2084ms (cache miss)
4354 http fetch GET 200 https://registry.npmjs.org/@types/webxr/-/webxr-0.5.24.tgz 2105ms (cache miss)
4355 http fetch GET 200 https://registry.npmjs.org/tailwind-merge/-/tailwind-merge-3.4.0.tgz 2111ms (cache miss)
4356 http fetch GET 200 https://registry.npmjs.org/buffer/-/buffer-6.0.3.tgz 2176ms (cache miss)
4357 http fetch GET 200 https://registry.npmjs.org/mini-svg-data-uri/-/mini-svg-data-uri-1.4.4.tgz 2177ms (cache miss)
4358 http fetch GET 200 https://registry.npmjs.org/@types/stats.js/-/stats.js-0.17.4.tgz 2213ms (cache miss)
4359 http fetch GET 200 https://registry.npmjs.org/@babel/runtime/-/runtime-7.28.6.tgz 2260ms (cache miss)
4360 http fetch GET 200 https://registry.npmjs.org/@tailwindcss/oxide/-/oxide-4.1.18.tgz 2312ms (cache miss)
4361 http fetch GET 200 https://registry.npmjs.org/@types/react-dom/-/react-dom-19.2.3.tgz 2316ms (cache miss)
4362 http fetch GET 200 https://registry.npmjs.org/clsx/-/clsx-2.1.1.tgz 2316ms (cache miss)
4363 http fetch GET 200 https://registry.npmjs.org/@use-gesture/react/-/react-10.3.1.tgz 2327ms (cache miss)
4364 http fetch GET 200 https://registry.npmjs.org/@next/swc-darwin-arm64/-/swc-darwin-arm64-16.1.6.tgz 2437ms (cache miss)
4365 http fetch GET 200 https://registry.npmjs.org/@types/node/-/node-20.19.32.tgz 2395ms (cache miss)
4366 http fetch GET 200 https://registry.npmjs.org/react/-/react-19.2.3.tgz 2417ms (cache miss)
4367 http fetch GET 200 https://registry.npmjs.org/react-dom/-/react-dom-19.2.3.tgz 2431ms (cache miss)
4368 http fetch GET 200 https://registry.npmjs.org/@types/react/-/react-19.2.13.tgz 2504ms (cache miss)
4369 http fetch GET 200 https://registry.npmjs.org/hls.js/-/hls.js-1.6.15.tgz 2521ms (cache miss)
4370 http fetch GET 200 https://registry.npmjs.org/citty/-/citty-0.2.0.tgz 2523ms (cache miss)
4371 http fetch GET 200 https://registry.npmjs.org/semver/-/semver-7.7.4.tgz 2524ms (cache miss)
4372 http fetch GET 200 https://registry.npmjs.org/ignore/-/ignore-7.0.5.tgz 2524ms (cache miss)
4373 http fetch GET 200 https://registry.npmjs.org/json5/-/json5-1.0.2.tgz 2529ms (cache miss)
4374 http fetch GET 200 https://registry.npmjs.org/eslint-config-next/-/eslint-config-next-16.1.6.tgz 2583ms (cache miss)
4375 http fetch GET 200 https://registry.npmjs.org/debug/-/debug-3.2.7.tgz 2582ms (cache miss)
4376 http fetch GET 200 https://registry.npmjs.org/glob-parent/-/glob-parent-5.1.2.tgz 2615ms (cache miss)
4377 http fetch GET 200 https://registry.npmjs.org/picomatch/-/picomatch-4.0.3.tgz 2616ms (cache miss)
4378 http fetch GET 200 https://registry.npmjs.org/semver/-/semver-7.7.4.tgz 2619ms (cache miss)
4379 http fetch GET 200 https://registry.npmjs.org/@mediapipe/tasks-vision/-/tasks-vision-0.10.17.tgz 2654ms (cache miss)
4380 http fetch GET 200 https://registry.npmjs.org/fdir/-/fdir-6.5.0.tgz 2648ms (cache miss)
4381 http fetch GET 200 https://registry.npmjs.org/debug/-/debug-3.2.7.tgz 2650ms (cache miss)
4382 http fetch GET 200 https://registry.npmjs.org/@react-three/fiber/-/fiber-9.5.0.tgz 2655ms (cache miss)
4383 http fetch GET 200 https://registry.npmjs.org/@tailwindcss/postcss/-/postcss-4.1.18.tgz 2671ms (cache miss)
4384 http fetch GET 200 https://registry.npmjs.org/semver/-/semver-7.7.4.tgz 2672ms (cache miss)
4385 http fetch GET 200 https://registry.npmjs.org/eslint-visitor-keys/-/eslint-visitor-keys-3.4.3.tgz 2726ms (cache miss)
4386 http fetch GET 200 https://registry.npmjs.org/debug/-/debug-3.2.7.tgz 2728ms (cache miss)
4387 http fetch GET 200 https://registry.npmjs.org/fflate/-/fflate-0.6.10.tgz 2754ms (cache miss)
4388 http fetch GET 200 https://registry.npmjs.org/resolve/-/resolve-2.0.0-next.5.tgz 2822ms (cache miss)
4389 http fetch GET 200 https://registry.npmjs.org/eslint/-/eslint-9.39.2.tgz 2880ms (cache miss)
4390 http fetch GET 200 https://registry.npmjs.org/@react-three/drei/-/drei-10.7.7.tgz 2882ms (cache miss)
4391 http fetch GET 200 https://registry.npmjs.org/framer-motion/-/framer-motion-12.33.0.tgz 2946ms (cache miss)
4392 http fetch GET 200 https://registry.npmjs.org/postcss/-/postcss-8.4.31.tgz 3053ms (cache miss)
4393 http fetch GET 200 https://registry.npmjs.org/@monogrid/gainmap-js/-/gainmap-js-3.4.0.tgz 3089ms (cache miss)
4394 http fetch GET 200 https://registry.npmjs.org/minimatch/-/minimatch-9.0.5.tgz 3091ms (cache miss)
4395 http fetch GET 200 https://registry.npmjs.org/es-abstract/-/es-abstract-1.24.1.tgz 3169ms (cache miss)
4396 http fetch GET 200 https://registry.npmjs.org/brace-expansion/-/brace-expansion-2.0.2.tgz 3165ms (cache miss)
4397 http fetch GET 200 https://registry.npmjs.org/hasown/-/hasown-2.0.2.tgz 3188ms (cache miss)
4398 http fetch GET 200 https://registry.npmjs.org/three-stdlib/-/three-stdlib-2.36.1.tgz 3288ms (cache miss)
4399 http fetch GET 200 https://registry.npmjs.org/globals/-/globals-16.4.0.tgz 3354ms (cache miss)
4400 http fetch GET 200 https://registry.npmjs.org/typescript/-/typescript-5.9.3.tgz 3439ms (cache miss)
4401 http fetch GET 200 https://registry.npmjs.org/zustand/-/zustand-4.5.7.tgz 3440ms (cache miss)
4402 http fetch GET 200 https://registry.npmjs.org/prisma/-/prisma-6.19.2.tgz 3504ms (cache miss)
4403 http fetch GET 200 https://registry.npmjs.org/@types/three/-/three-0.182.0.tgz 3528ms (cache miss)
4404 http fetch GET 200 https://registry.npmjs.org/effect/-/effect-3.18.4.tgz 3837ms (cache miss)
4405 http fetch GET 200 https://registry.npmjs.org/three/-/three-0.182.0.tgz 3937ms (cache miss)
4406 http fetch GET 200 https://registry.npmjs.org/three/-/three-0.170.0.tgz 4063ms (cache miss)
4407 http fetch GET 200 https://registry.npmjs.org/@prisma/client/-/client-6.19.2.tgz 4183ms (cache miss)
4408 http fetch GET 200 https://registry.npmjs.org/lucide-react/-/lucide-react-0.563.0.tgz 4746ms (cache miss)
4409 http fetch GET 200 https://registry.npmjs.org/next/-/next-16.1.6.tgz 5953ms (cache miss)
4410 info run prisma@6.19.2 preinstall node_modules/prisma node scripts/preinstall-entry.js
4411 info run prisma@6.19.2 preinstall { code: 0, signal: null }
4412 info run sharp@0.34.5 install node_modules/sharp node install/check.js || npm run build
4413 info run sharp@0.34.5 install { code: 0, signal: null }
4414 info run @prisma/client@6.19.2 postinstall node_modules/@prisma/client node scripts/postinstall.js
4415 info run @prisma/engines@6.19.2 postinstall node_modules/@prisma/engines node scripts/postinstall.js
4416 info run unrs-resolver@1.11.1 postinstall node_modules/unrs-resolver napi-postinstall unrs-resolver 1.11.1 check
4417 info run @prisma/engines@6.19.2 postinstall { code: 0, signal: null }
4418 info run unrs-resolver@1.11.1 postinstall { code: 0, signal: null }
4419 info run @prisma/client@6.19.2 postinstall { code: 0, signal: null }
4420 silly ADD node_modules/is-weakset
4421 silly ADD node_modules/is-weakmap
4422 silly ADD node_modules/is-map
4423 silly ADD node_modules/generator-function
4424 silly ADD node_modules/async-function
4425 silly ADD node_modules/which-collection
4426 silly ADD node_modules/is-generator-function
4427 silly ADD node_modules/is-finalizationregistry
4428 silly ADD node_modules/is-async-function
4429 silly ADD node_modules/is-number-object
4430 silly ADD node_modules/is-boolean-object
4431 silly ADD node_modules/is-bigint
4432 silly ADD node_modules/isexe
4433 silly ADD node_modules/punycode
4434 silly ADD node_modules/escalade
4435 silly ADD node_modules/@emnapi/wasi-threads
4436 silly ADD node_modules/@tybys/wasm-util
4437 silly ADD node_modules/@emnapi/core
4438 silly ADD node_modules/@napi-rs/wasm-runtime
4439 silly ADD node_modules/napi-postinstall
4440 silly ADD node_modules/@unrs/resolver-binding-darwin-arm64
4441 silly ADD node_modules/which-boxed-primitive
4442 silly ADD node_modules/has-bigints
4443 silly ADD node_modules/@typescript-eslint/tsconfig-utils
4444 silly ADD node_modules/@typescript-eslint/project-service
4445 silly ADD node_modules/@typescript-eslint/types
4446 silly ADD node_modules/ts-api-utils
4447 silly ADD node_modules/@typescript-eslint/visitor-keys
4448 silly ADD node_modules/@typescript-eslint/type-utils
4449 silly ADD node_modules/@typescript-eslint/scope-manager
4450 silly ADD node_modules/@typescript-eslint/utils
4451 silly ADD node_modules/@typescript-eslint/typescript-estree
4452 silly ADD node_modules/@typescript-eslint/typescript-estree/node_modules/brace-expansion
4453 silly ADD node_modules/@typescript-eslint/typescript-estree/node_modules/semver
4454 silly ADD node_modules/@typescript-eslint/typescript-estree/node_modules/minimatch
4455 silly ADD node_modules/@typescript-eslint/parser
4456 silly ADD node_modules/@typescript-eslint/eslint-plugin
4457 silly ADD node_modules/@typescript-eslint/eslint-plugin/node_modules/ignore
4458 silly ADD node_modules/which-builtin-type
4459 silly ADD node_modules/reflect.getprototypeof
4460 silly ADD node_modules/for-each
4461 silly ADD node_modules/strip-bom
4462 silly ADD node_modules/minimist
4463 silly ADD node_modules/@types/json5
4464 silly ADD node_modules/require-from-string
4465 silly ADD node_modules/webgl-sdf-generator
4466 silly ADD node_modules/troika-worker-utils
4467 silly ADD node_modules/troika-three-utils
4468 silly ADD node_modules/bidi-js
4469 silly ADD node_modules/is-number
4470 silly ADD node_modules/potpack
4471 silly ADD node_modules/draco3d
4472 silly ADD node_modules/@types/offscreencanvas
4473 silly ADD node_modules/@types/draco3d
4474 silly ADD node_modules/has-flag
4475 silly ADD node_modules/client-only
4476 silly ADD node_modules/side-channel-weakmap
4477 silly ADD node_modules/side-channel-map
4478 silly ADD node_modules/side-channel-list
4479 silly ADD node_modules/shebang-regex
4480 silly ADD node_modules/@emnapi/runtime
4481 silly ADD node_modules/@img/sharp-libvips-darwin-arm64
4482 silly ADD node_modules/@img/sharp-darwin-arm64
4483 silly ADD node_modules/@img/colour
4484 silly ADD node_modules/isarray
4485 silly ADD node_modules/queue-microtask
4486 silly ADD node_modules/supports-preserve-symlinks-flag
4487 silly ADD node_modules/path-parse
4488 silly ADD node_modules/destr
4489 silly ADD node_modules/react-is
4490 silly ADD node_modules/object-assign
4491 silly ADD node_modules/loose-envify
4492 silly ADD node_modules/immediate
4493 silly ADD node_modules/lie
4494 silly ADD node_modules/is-promise
4495 silly ADD node_modules/tinyexec
4496 silly ADD node_modules/nypm
4497 silly ADD node_modules/nypm/node_modules/citty
4498 silly ADD node_modules/node-fetch-native
4499 silly ADD node_modules/consola
4500 silly ADD node_modules/citty
4501 silly ADD node_modules/pure-rand
4502 silly ADD node_modules/fast-check
4503 silly ADD node_modules/@standard-schema/spec
4504 silly ADD node_modules/readdirp
4505 silly ADD node_modules/rc9
4506 silly ADD node_modules/pkg-types
4507 silly ADD node_modules/perfect-debounce
4508 silly ADD node_modules/pathe
4509 silly ADD node_modules/ohash
4510 silly ADD node_modules/giget
4511 silly ADD node_modules/exsolve
4512 silly ADD node_modules/dotenv
4513 silly ADD node_modules/defu
4514 silly ADD node_modules/confbox
4515 silly ADD node_modules/chokidar
4516 silly ADD node_modules/@prisma/get-platform
4517 silly ADD node_modules/@prisma/fetch-engine
4518 silly ADD node_modules/@prisma/engines-version
4519 silly ADD node_modules/@prisma/debug
4520 silly ADD node_modules/empathic
4521 silly ADD node_modules/effect
4522 silly ADD node_modules/deepmerge-ts
4523 silly ADD node_modules/c12
4524 silly ADD node_modules/@prisma/engines
4525 silly ADD node_modules/@prisma/config
4526 silly ADD node_modules/nanoid
4527 silly ADD node_modules/callsites
4528 silly ADD node_modules/yocto-queue
4529 silly ADD node_modules/p-limit
4530 silly ADD node_modules/word-wrap
4531 silly ADD node_modules/fast-levenshtein
4532 silly ADD node_modules/deep-is
4533 silly ADD node_modules/styled-jsx
4534 silly ADD node_modules/sharp
4535 silly ADD node_modules/sharp/node_modules/semver
4536 silly ADD node_modules/@swc/helpers
4537 silly ADD node_modules/@next/swc-darwin-arm64
4538 silly ADD node_modules/@next/env
4539 silly ADD node_modules/concat-map
4540 silly ADD node_modules/balanced-match
4541 silly ADD node_modules/brace-expansion
4542 silly ADD node_modules/to-regex-range
4543 silly ADD node_modules/fill-range
4544 silly ADD node_modules/picomatch
4545 silly ADD node_modules/braces
4546 silly ADD node_modules/yallist
4547 silly ADD node_modules/p-locate
4548 silly ADD node_modules/lightningcss-darwin-arm64
4549 silly ADD node_modules/detect-libc
4550 silly ADD node_modules/type-check
4551 silly ADD node_modules/prelude-ls
4552 silly ADD node_modules/language-subtag-registry
4553 silly ADD node_modules/json-buffer
4554 silly ADD node_modules/argparse
4555 silly ADD node_modules/@types/react-reconciler
4556 silly ADD node_modules/set-function-name
4557 silly ADD node_modules/is-extglob
4558 silly ADD node_modules/side-channel
4559 silly ADD node_modules/resolve-from
4560 silly ADD node_modules/parent-module
4561 silly ADD node_modules/hermes-estree
4562 silly ADD node_modules/resolve-pkg-maps
4563 silly ADD node_modules/dunder-proto
4564 silly ADD node_modules/functions-have-names
4565 silly ADD node_modules/tslib
4566 silly ADD node_modules/motion-utils
4567 silly ADD node_modules/motion-dom
4568 silly ADD node_modules/keyv
4569 silly ADD node_modules/flatted
4570 silly ADD node_modules/path-exists
4571 silly ADD node_modules/locate-path
4572 silly ADD node_modules/flat-cache
4573 silly ADD node_modules/reusify
4574 silly ADD node_modules/run-parallel
4575 silly ADD node_modules/fastq
4576 silly ADD node_modules/@nodelib/fs.scandir
4577 silly ADD node_modules/micromatch
4578 silly ADD node_modules/merge2
4579 silly ADD node_modules/@nodelib/fs.walk
4580 silly ADD node_modules/@nodelib/fs.stat
4581 silly ADD node_modules/acorn-jsx
4582 silly ADD node_modules/acorn
4583 silly ADD node_modules/esrecurse
4584 silly ADD node_modules/update-browserslist-db
4585 silly ADD node_modules/node-releases
4586 silly ADD node_modules/electron-to-chromium
4587 silly ADD node_modules/caniuse-lite
4588 silly ADD node_modules/baseline-browser-mapping
4589 silly ADD node_modules/@babel/helper-string-parser
4590 silly ADD node_modules/@babel/helper-globals
4591 silly ADD node_modules/@babel/helper-module-imports
4592 silly ADD node_modules/lru-cache
4593 silly ADD node_modules/browserslist
4594 silly ADD node_modules/@babel/helper-validator-option
4595 silly ADD node_modules/@babel/compat-data
4596 silly ADD node_modules/jsesc
4597 silly ADD node_modules/picocolors
4598 silly ADD node_modules/js-tokens
4599 silly ADD node_modules/@babel/helper-validator-identifier
4600 silly ADD node_modules/json5
4601 silly ADD node_modules/gensync
4602 silly ADD node_modules/convert-source-map
4603 silly ADD node_modules/@babel/types
4604 silly ADD node_modules/@babel/traverse
4605 silly ADD node_modules/@babel/template
4606 silly ADD node_modules/@babel/helpers
4607 silly ADD node_modules/@babel/helper-module-transforms
4608 silly ADD node_modules/@babel/helper-compilation-targets
4609 silly ADD node_modules/@babel/generator
4610 silly ADD node_modules/@babel/code-frame
4611 silly ADD node_modules/zod-validation-error
4612 silly ADD node_modules/zod
4613 silly ADD node_modules/hermes-parser
4614 silly ADD node_modules/@babel/parser
4615 silly ADD node_modules/@babel/core
4616 silly ADD node_modules/iterator.prototype
4617 silly ADD node_modules/string.prototype.repeat
4618 silly ADD node_modules/string.prototype.matchall
4619 silly ADD node_modules/prop-types
4620 silly ADD node_modules/object.entries
4621 silly ADD node_modules/estraverse
4622 silly ADD node_modules/es-iterator-helpers
4623 silly ADD node_modules/array.prototype.tosorted
4624 silly ADD node_modules/array.prototype.findlast
4625 silly ADD node_modules/string.prototype.includes
4626 silly ADD node_modules/language-tags
4627 silly ADD node_modules/jsx-ast-utils
4628 silly ADD node_modules/emoji-regex
4629 silly ADD node_modules/damerau-levenshtein
4630 silly ADD node_modules/axobject-query
4631 silly ADD node_modules/axe-core
4632 silly ADD node_modules/ast-types-flow
4633 silly ADD node_modules/aria-query
4634 silly ADD node_modules/is-symbol
4635 silly ADD node_modules/is-date-object
4636 silly ADD node_modules/has-tostringtag
4637 silly ADD node_modules/possible-typed-array-names
4638 silly ADD node_modules/which-typed-array
4639 silly ADD node_modules/unbox-primitive
4640 silly ADD node_modules/typed-array-length
4641 silly ADD node_modules/typed-array-byte-offset
4642 silly ADD node_modules/typed-array-byte-length
4643 silly ADD node_modules/typed-array-buffer
4644 silly ADD node_modules/string.prototype.trimstart
4645 silly ADD node_modules/string.prototype.trim
4646 silly ADD node_modules/stop-iteration-iterator
4647 silly ADD node_modules/set-proto
4648 silly ADD node_modules/safe-regex-test
4649 silly ADD node_modules/safe-push-apply
4650 silly ADD node_modules/safe-array-concat
4651 silly ADD node_modules/regexp.prototype.flags
4652 silly ADD node_modules/own-keys
4653 silly ADD node_modules/object.assign
4654 silly ADD node_modules/object-inspect
4655 silly ADD node_modules/is-weakref
4656 silly ADD node_modules/is-typed-array
4657 silly ADD node_modules/is-shared-array-buffer
4658 silly ADD node_modules/is-set
4659 silly ADD node_modules/is-regex
4660 silly ADD node_modules/is-negative-zero
4661 silly ADD node_modules/is-data-view
4662 silly ADD node_modules/is-callable
4663 silly ADD node_modules/is-array-buffer
4664 silly ADD node_modules/internal-slot
4665 silly ADD node_modules/has-symbols
4666 silly ADD node_modules/has-proto
4667 silly ADD node_modules/globalthis
4668 silly ADD node_modules/get-symbol-description
4669 silly ADD node_modules/get-proto
4670 silly ADD node_modules/function.prototype.name
4671 silly ADD node_modules/es-to-primitive
4672 silly ADD node_modules/es-set-tostringtag
4673 silly ADD node_modules/data-view-byte-offset
4674 silly ADD node_modules/data-view-byte-length
4675 silly ADD node_modules/data-view-buffer
4676 silly ADD node_modules/available-typed-arrays
4677 silly ADD node_modules/arraybuffer.prototype.slice
4678 silly ADD node_modules/array-buffer-byte-length
4679 silly ADD node_modules/gopd
4680 silly ADD node_modules/object-keys
4681 silly ADD node_modules/has-property-descriptors
4682 silly ADD node_modules/define-data-property
4683 silly ADD node_modules/function-bind
4684 silly ADD node_modules/set-function-length
4685 silly ADD node_modules/es-define-property
4686 silly ADD node_modules/call-bind-apply-helpers
4687 silly ADD node_modules/es-shim-unscopables
4688 silly ADD node_modules/es-errors
4689 silly ADD node_modules/math-intrinsics
4690 silly ADD node_modules/is-string
4691 silly ADD node_modules/get-intrinsic
4692 silly ADD node_modules/es-object-atoms
4693 silly ADD node_modules/es-abstract
4694 silly ADD node_modules/define-properties
4695 silly ADD node_modules/call-bound
4696 silly ADD node_modules/call-bind
4697 silly ADD node_modules/tsconfig-paths
4698 silly ADD node_modules/tsconfig-paths/node_modules/json5
4699 silly ADD node_modules/string.prototype.trimend
4700 silly ADD node_modules/semver
4701 silly ADD node_modules/object.values
4702 silly ADD node_modules/object.groupby
4703 silly ADD node_modules/object.fromentries
4704 silly ADD node_modules/hasown
4705 silly ADD node_modules/eslint-module-utils
4706 silly ADD node_modules/eslint-module-utils/node_modules/debug
4707 silly ADD node_modules/doctrine
4708 silly ADD node_modules/array.prototype.flatmap
4709 silly ADD node_modules/array.prototype.flat
4710 silly ADD node_modules/array.prototype.findlastindex
4711 silly ADD node_modules/array-includes
4712 silly ADD node_modules/@rtsao/scc
4713 silly ADD node_modules/unrs-resolver
4714 silly ADD node_modules/tinyglobby
4715 silly ADD node_modules/tinyglobby/node_modules/picomatch
4716 silly ADD node_modules/tinyglobby/node_modules/fdir
4717 silly ADD node_modules/stable-hash
4718 silly ADD node_modules/is-bun-module
4719 silly ADD node_modules/is-bun-module/node_modules/semver
4720 silly ADD node_modules/get-tsconfig
4721 silly ADD node_modules/@nolyfill/is-core-module
4722 silly ADD node_modules/resolve
4723 silly ADD node_modules/is-core-module
4724 silly ADD node_modules/fast-glob
4725 silly ADD node_modules/fast-glob/node_modules/glob-parent
4726 silly ADD node_modules/typescript-eslint
4727 silly ADD node_modules/eslint-plugin-react-hooks
4728 silly ADD node_modules/eslint-plugin-react
4729 silly ADD node_modules/eslint-plugin-react/node_modules/resolve
4730 silly ADD node_modules/eslint-plugin-jsx-a11y
4731 silly ADD node_modules/eslint-plugin-import
4732 silly ADD node_modules/eslint-plugin-import/node_modules/debug
4733 silly ADD node_modules/eslint-import-resolver-typescript
4734 silly ADD node_modules/eslint-import-resolver-node
4735 silly ADD node_modules/eslint-import-resolver-node/node_modules/debug
4736 silly ADD node_modules/@next/eslint-plugin-next
4737 silly ADD node_modules/ms
4738 silly ADD node_modules/color-name
4739 silly ADD node_modules/color-convert
4740 silly ADD node_modules/supports-color
4741 silly ADD node_modules/ansi-styles
4742 silly ADD node_modules/uri-js
4743 silly ADD node_modules/json-schema-traverse
4744 silly ADD node_modules/fast-json-stable-stringify
4745 silly ADD node_modules/@humanfs/core
4746 silly ADD node_modules/levn
4747 silly ADD node_modules/strip-json-comments
4748 silly ADD node_modules/js-yaml
4749 silly ADD node_modules/import-fresh
4750 silly ADD node_modules/globals
4751 silly ADD node_modules/@types/json-schema
4752 silly ADD node_modules/@eslint/object-schema
4753 silly ADD node_modules/optionator
4754 silly ADD node_modules/natural-compare
4755 silly ADD node_modules/minimatch
4756 silly ADD node_modules/lodash.merge
4757 silly ADD node_modules/json-stable-stringify-without-jsonify
4758 silly ADD node_modules/is-glob
4759 silly ADD node_modules/imurmurhash
4760 silly ADD node_modules/ignore
4761 silly ADD node_modules/glob-parent
4762 silly ADD node_modules/find-up
4763 silly ADD node_modules/file-entry-cache
4764 silly ADD node_modules/fast-deep-equal
4765 silly ADD node_modules/esutils
4766 silly ADD node_modules/esquery
4767 silly ADD node_modules/espree
4768 silly ADD node_modules/eslint-visitor-keys
4769 silly ADD node_modules/eslint-scope
4770 silly ADD node_modules/escape-string-regexp
4771 silly ADD node_modules/debug
4772 silly ADD node_modules/chalk
4773 silly ADD node_modules/ajv
4774 silly ADD node_modules/@types/estree
4775 silly ADD node_modules/@humanwhocodes/retry
4776 silly ADD node_modules/@humanwhocodes/module-importer
4777 silly ADD node_modules/@humanfs/node
4778 silly ADD node_modules/@eslint/plugin-kit
4779 silly ADD node_modules/@eslint/js
4780 silly ADD node_modules/@eslint/eslintrc
4781 silly ADD node_modules/@eslint/core
4782 silly ADD node_modules/@eslint/config-helpers
4783 silly ADD node_modules/@eslint/config-array
4784 silly ADD node_modules/@eslint-community/regexpp
4785 silly ADD node_modules/@eslint-community/eslint-utils
4786 silly ADD node_modules/@eslint-community/eslint-utils/node_modules/eslint-visitor-keys
4787 silly ADD node_modules/tapable
4788 silly ADD node_modules/graceful-fs
4789 silly ADD node_modules/webgl-constants
4790 silly ADD node_modules/which
4791 silly ADD node_modules/shebang-command
4792 silly ADD node_modules/path-key
4793 silly ADD node_modules/cross-spawn
4794 silly ADD node_modules/ieee754
4795 silly ADD node_modules/@use-gesture/core
4796 silly ADD node_modules/meshoptimizer
4797 silly ADD node_modules/fflate
4798 silly ADD node_modules/@webgpu/types
4799 silly ADD node_modules/@types/stats.js
4800 silly ADD node_modules/@tweenjs/tween.js
4801 silly ADD node_modules/@dimforge/rapier3d-compat
4802 silly ADD node_modules/csstype
4803 silly ADD node_modules/undici-types
4804 silly ADD node_modules/@tailwindcss/oxide-darwin-arm64
4805 silly ADD node_modules/@jridgewell/resolve-uri
4806 silly ADD node_modules/@jridgewell/sourcemap-codec
4807 silly ADD node_modules/@jridgewell/trace-mapping
4808 silly ADD node_modules/@jridgewell/gen-mapping
4809 silly ADD node_modules/source-map-js
4810 silly ADD node_modules/magic-string
4811 silly ADD node_modules/lightningcss
4812 silly ADD node_modules/jiti
4813 silly ADD node_modules/enhanced-resolve
4814 silly ADD node_modules/@jridgewell/remapping
4815 silly ADD node_modules/postcss
4816 silly ADD node_modules/@tailwindcss/oxide
4817 silly ADD node_modules/@tailwindcss/node
4818 silly ADD node_modules/@alloc/quick-lru
4819 silly ADD node_modules/scheduler
4820 silly ADD node_modules/react-use-measure
4821 silly ADD node_modules/its-fine
4822 silly ADD node_modules/buffer
4823 silly ADD node_modules/base64-js
4824 silly ADD node_modules/@types/webxr
4825 silly ADD node_modules/promise-worker-transferable
4826 silly ADD node_modules/zustand
4827 silly ADD node_modules/utility-types
4828 silly ADD node_modules/use-sync-external-store
4829 silly ADD node_modules/tunnel-rat
4830 silly ADD node_modules/tunnel-rat/node_modules/zustand
4831 silly ADD node_modules/troika-three-text
4832 silly ADD node_modules/three-stdlib
4833 silly ADD node_modules/three-stdlib/node_modules/fflate
4834 silly ADD node_modules/three-mesh-bvh
4835 silly ADD node_modules/suspend-react
4836 silly ADD node_modules/stats.js
4837 silly ADD node_modules/stats-gl
4838 silly ADD node_modules/stats-gl/node_modules/three
4839 silly ADD node_modules/meshline
4840 silly ADD node_modules/maath
4841 silly ADD node_modules/hls.js
4842 silly ADD node_modules/glsl-noise
4843 silly ADD node_modules/detect-gpu
4844 silly ADD node_modules/cross-env
4845 silly ADD node_modules/camera-controls
4846 silly ADD node_modules/@use-gesture/react
4847 silly ADD node_modules/@monogrid/gainmap-js
4848 silly ADD node_modules/@mediapipe/tasks-vision
4849 silly ADD node_modules/@babel/runtime
4850 silly ADD node_modules/typescript
4851 silly ADD node_modules/tailwindcss
4852 silly ADD node_modules/tailwind-merge
4853 silly ADD node_modules/prisma
4854 silly ADD node_modules/react-dom
4855 silly ADD node_modules/next
4856 silly ADD node_modules/next/node_modules/postcss
4857 silly ADD node_modules/mini-svg-data-uri
4858 silly ADD node_modules/lucide-react
4859 silly ADD node_modules/framer-motion
4860 silly ADD node_modules/eslint-config-next
4861 silly ADD node_modules/eslint-config-next/node_modules/globals
4862 silly ADD node_modules/eslint
4863 silly ADD node_modules/clsx
4864 silly ADD node_modules/@types/three
4865 silly ADD node_modules/@types/react-dom
4866 silly ADD node_modules/@types/react
4867 silly ADD node_modules/@types/node
4868 silly ADD node_modules/@tailwindcss/postcss
4869 silly ADD node_modules/@react-three/fiber
4870 silly ADD node_modules/three
4871 silly ADD node_modules/react
4872 silly ADD node_modules/@react-three/drei
4873 silly ADD node_modules/@prisma/client
4874 verbose cwd /Users/andres/Documents/Documentos - MacBook Air de Andres/Proyecto sistema contable /Sistema-ERP-Pitalito
4875 verbose os Darwin 25.2.0
4876 verbose node v25.4.0
4877 verbose npm  v11.7.0
4878 notice
4878 notice New minor version of npm available! 11.7.0 -> 11.9.0
4878 notice Changelog: https://github.com/npm/cli/releases/tag/v11.9.0
4878 notice To update run: npm install -g npm@11.9.0
4878 notice  { force: true, Symbol(proc-log.meta): true }
4879 verbose exit 0
4880 info ok
